{"type":"FeatureCollection", "features": [
{"type":"Feature","geometry":{"type":"LineString","coordinates":[[-170.754,-14.296],[-170.765,-14.29],[-170.774,-14.293],[-170.782,-14.29],[-170.793,-14.293],[-170.809,-14.294],[-170.834,-14.311],[-170.838,-14.325],[-170.817,-14.332],[-170.807,-14.331],[-170.788,-14.336],[-170.786,-14.356],[-170.772,-14.363],[-170.762,-14.362],[-170.754,-14.367],[-170.752,-14.358],[-170.74,-14.365],[-170.736,-14.357],[-170.721,-14.344],[-170.721,-14.339],[-170.7,-14.327],[-170.711,-14.326],[-170.717,-14.318],[-170.706,-14.311],[-170.702,-14.314],[-170.688,-14.302],[-170.677,-14.294],[-170.683,-14.291],[-170.682,-14.276],[-170.678,-14.268],[-170.664,-14.273],[-170.663,-14.29],[-170.641,-14.287],[-170.637,-14.28],[-170.63,-14.281],[-170.623,-14.272],[-170.615,-14.268],[-170.609,-14.269],[-170.602,-14.284],[-170.584,-14.273],[-170.579,-14.275],[-170.565,-14.27],[-170.562,-14.258],[-170.564,-14.25],[-170.578,-14.247],[-170.586,-14.254],[-170.585,-14.26],[-170.603,-14.255],[-170.618,-14.255],[-170.639,-14.249],[-170.646,-14.256],[-170.654,-14.257],[-170.661,-14.246],[-170.672,-14.244],[-170.687,-14.247],[-170.702,-14.257],[-170.705,-14.262],[-170.721,-14.272],[-170.724,-14.282],[-170.738,-14.286],[-170.754,-14.296]]},"properties":{"fid":1,"name":"Tutuila","desc":"alt_name=Tutuila Island\nalt_name:be=Востраў Тутуіла\nele=178\ngnis:feature_id=1389316\nname=Tutuila\nname:be=Тутуіла\nname:ckb=دوورگەی توتویڵا\nname:el=Νήσος Τουτουίλα\nname:ku=Dûrgeha Tutuylla\nplace=island\ntype=multipolygon\nwikidata=Q269205\nwikipedia=en:Tutuila","country":"American Samoa"}},
{"type":"Feature","geometry":{"type":"LineString","coordinates":[[178.471,-19.012],[178.466,-18.998],[178.483,-18.999],[178.476,-18.988],[178.477,-18.979],[178.466,-18.967],[178.456,-18.97],[178.449,-18.958],[178.443,-18.956],[178.428,-18.963],[178.425,-18.967],[178.428,-18.979],[178.414,-18.978],[178.417,-18.968],[178.415,-18.953],[178.407,-18.947],[178.375,-18.944],[178.364,-18.935],[178.354,-18.937],[178.333,-18.936],[178.329,-18.932],[178.311,-18.936],[178.305,-18.952],[178.279,-18.949],[178.279,-18.96],[178.273,-18.966],[178.272,-18.978],[178.262,-18.97],[178.238,-18.965],[178.223,-18.966],[178.201,-18.979],[178.19,-18.978],[178.184,-18.982],[178.176,-18.979],[178.159,-18.995],[178.161,-19.009],[178.158,-19.043],[178.161,-19.048],[178.151,-19.053],[178.142,-19.045],[178.129,-19.045],[178.118,-19.055],[178.117,-19.062],[178.121,-19.074],[178.117,-19.077],[178.096,-19.079],[178.09,-19.068],[178.083,-19.068],[178.068,-19.073],[178.055,-19.07],[178.037,-19.074],[178.028,-19.079],[178.022,-19.096],[178.008,-19.106],[177.994,-19.107],[177.982,-19.105],[177.968,-19.113],[177.959,-19.11],[177.954,-19.119],[177.954,-19.13],[177.972,-19.14],[177.981,-19.142],[177.991,-19.139],[178.019,-19.148],[178.033,-19.144],[178.065,-19.162],[178.07,-19.152],[178.089,-19.155],[178.106,-19.151],[178.109,-19.138],[178.114,-19.135],[178.125,-19.139],[178.143,-19.12],[178.152,-19.124],[178.151,-19.134],[178.155,-19.139],[178.142,-19.155],[178.155,-19.158],[178.171,-19.152],[178.18,-19.145],[178.187,-19.119],[178.174,-19.113],[178.165,-19.105],[178.162,-19.097],[178.164,-19.085],[178.157,-19.065],[178.168,-19.066],[178.179,-19.062],[178.172,-19.056],[178.18,-19.047],[178.2,-19.054],[178.206,-19.054],[178.217,-19.048],[178.227,-19.038],[178.233,-19.018],[178.24,-19.013],[178.247,-19.02],[178.251,-19.015],[178.263,-19.017],[178.268,-19.008],[178.268,-19.001],[178.287,-18.994],[178.298,-19.002],[178.304,-19.013],[178.302,-19.02],[178.306,-19.027],[178.313,-19.023],[178.318,-19.029],[178.329,-19.027],[178.335,-19.032],[178.336,-19.039],[178.321,-19.047],[178.327,-19.056],[178.339,-19.043],[178.347,-19.049],[178.368,-19.059],[178.39,-19.044],[178.407,-19.047],[178.411,-19.043],[178.404,-19.032],[178.404,-19.021],[178.411,-19.018],[178.422,-19.032],[178.428,-19.028],[178.442,-19.044],[178.453,-19.04],[178.454,-19.03],[178.436,-19.022],[178.445,-19.015],[178.45,-19.023],[178.458,-19.02],[178.464,-19.024],[178.471,-19.012]]},"properties":{"fid":2,"name":"Kadavu","desc":"name=Kadavu\nold_name=Kandavu\nplace=island\ntype=multipolygon\nwikidata=Q1048944\nwikipedia=en:Kadavu Island","country":"Fiji"}},
{"type":"Feature","geometry":{"type":"LineString","coordinates":[[168.314,-17.764],[168.327,-17.739],[168.337,-17.737],[168.346,-17.739],[168.363,-17.749],[168.355,-17.755],[168.336,-17.737],[168.312,-17.769],[168.314,-17.777],[168.312,-17.795],[168.319,-17.791],[168.325,-17.781],[168.339,-17.781],[168.357,-17.792],[168.353,-17.795],[168.351,-17.806],[168.365,-17.801],[168.375,-17.789],[168.383,-17.793],[168.376,-17.812],[168.377,-17.819],[168.385,-17.825],[168.397,-17.826],[168.428,-17.824],[168.439,-17.82],[168.449,-17.81],[168.461,-17.814],[168.47,-17.809],[168.485,-17.817],[168.495,-17.818],[168.502,-17.811],[168.511,-17.806],[168.525,-17.804],[168.545,-17.798],[168.556,-17.79],[168.561,-17.777],[168.559,-17.762],[168.566,-17.75],[168.562,-17.742],[168.585,-17.711],[168.595,-17.693],[168.591,-17.686],[168.578,-17.684],[168.564,-17.685],[168.56,-17.682],[168.542,-17.682],[168.547,-17.673],[168.543,-17.666],[168.527,-17.655],[168.523,-17.647],[168.506,-17.639],[168.507,-17.634],[168.503,-17.622],[168.504,-17.616],[168.497,-17.593],[168.49,-17.591],[168.465,-17.566],[168.464,-17.56],[168.458,-17.551],[168.456,-17.542],[168.445,-17.531],[168.424,-17.53],[168.402,-17.527],[168.393,-17.535],[168.376,-17.54],[168.365,-17.54],[168.355,-17.542],[168.342,-17.55],[168.331,-17.539],[168.329,-17.526],[168.314,-17.522],[168.3,-17.533],[168.292,-17.534],[168.281,-17.543],[168.286,-17.55],[168.277,-17.555],[168.274,-17.566],[168.248,-17.572],[168.244,-17.587],[168.245,-17.604],[168.24,-17.612],[168.222,-17.628],[168.204,-17.633],[168.198,-17.642],[168.192,-17.645],[168.188,-17.654],[168.187,-17.667],[168.173,-17.693],[168.166,-17.698],[168.158,-17.708],[168.161,-17.714],[168.179,-17.707],[168.18,-17.712],[168.174,-17.722],[168.171,-17.733],[168.184,-17.734],[168.185,-17.743],[168.202,-17.733],[168.207,-17.721],[168.23,-17.703],[168.235,-17.696],[168.25,-17.685],[168.263,-17.688],[168.267,-17.694],[168.279,-17.698],[168.296,-17.715],[168.293,-17.733],[168.303,-17.732],[168.314,-17.741],[168.311,-17.756],[168.292,-17.755],[168.282,-17.762],[168.265,-17.769],[168.259,-17.775],[168.261,-17.783],[168.27,-17.773],[168.279,-17.771],[168.286,-17.782],[168.297,-17.778],[168.314,-17.764]]},"properties":{"fid":3,"name":"Efate","desc":"alt_name=Île Vate\nname=Efate\nname:fr=Éfaté\nname:lt=Efatė\nold_name=Sandwich Island\nold_name:fr=Ile Sandwich\nplace=island\npopulation=65734\npopulation:date=2009\npopulation:source=National Population and Housing Census\ntype=multipolygon\nwikidata=Q266594\nwikipedia=en:Efate","country":"Vanuatu"}},
{"type":"Feature","geometry":{"type":"LineString","coordinates":[[144.688,13.464],[144.682,13.456],[144.681,13.444],[144.673,13.446],[144.676,13.432],[144.667,13.419],[144.66,13.431],[144.662,13.443],[144.641,13.442],[144.628,13.447],[144.624,13.438],[144.639,13.43],[144.64,13.421],[144.648,13.415],[144.658,13.413],[144.663,13.401],[144.661,13.391],[144.651,13.377],[144.649,13.363],[144.638,13.339],[144.644,13.338],[144.652,13.327],[144.655,13.307],[144.658,13.299],[144.658,13.29],[144.664,13.278],[144.662,13.271],[144.673,13.262],[144.677,13.254],[144.707,13.246],[144.719,13.251],[144.722,13.247],[144.733,13.254],[144.743,13.269],[144.754,13.275],[144.763,13.285],[144.772,13.304],[144.773,13.328],[144.771,13.36],[144.77,13.367],[144.776,13.389],[144.782,13.401],[144.786,13.425],[144.798,13.429],[144.807,13.427],[144.818,13.442],[144.826,13.443],[144.841,13.46],[144.854,13.466],[144.87,13.486],[144.884,13.491],[144.892,13.498],[144.892,13.506],[144.901,13.512],[144.926,13.521],[144.932,13.539],[144.94,13.553],[144.94,13.568],[144.947,13.572],[144.957,13.598],[144.954,13.601],[144.928,13.6],[144.906,13.607],[144.899,13.622],[144.89,13.631],[144.881,13.644],[144.869,13.652],[144.86,13.654],[144.852,13.648],[144.845,13.634],[144.837,13.625],[144.835,13.611],[144.838,13.597],[144.831,13.577],[144.825,13.574],[144.815,13.557],[144.806,13.54],[144.802,13.537],[144.805,13.515],[144.798,13.506],[144.79,13.504],[144.783,13.508],[144.774,13.506],[144.769,13.5],[144.775,13.494],[144.774,13.487],[144.764,13.479],[144.744,13.478],[144.725,13.478],[144.717,13.473],[144.71,13.474],[144.702,13.468],[144.688,13.464]]},"properties":{"fid":4,"name":"Guam","desc":"name=Guam\nname:ar=غوام\nname:azb=گوام\nname:be=Гуам\nname:be-tarask=Гуам\nname:de=Guam\nname:es=Guam\nname:lt=Guamas\nname:sr=Гвам\nname:sr-Latn=Gvam\nname:uk=Ґуам\nname:ur=گوام\nplace=island\npopulation=159358\ntype=multipolygon\nwikipedia=en:Guam","country":"Guam"}},
{"type":"Feature","geometry":{"type":"LineString","coordinates":[[176.847,-2.672],[176.842,-2.654],[176.816,-2.621],[176.802,-2.615],[176.791,-2.614],[176.812,-2.629],[176.821,-2.639],[176.829,-2.653],[176.845,-2.672],[176.847,-2.672]]},"properties":{"fid":5,"name":"Arorae","desc":"name=Arorae\nname:de=Arorae\nname:el=Αροράε\nname:en=Arorae\nname:es=Arorae\nname:fr=Arorae\nname:gil=Arorae\nname:ko=아로라에\nname:ru=Арораэ\nname:zh=阿罗賴岛\nplace=island\nsource=Bing\ntype=multipolygon\nwikidata=Q698352\nwikipedia=en:Arorae","country":"Kiribati"}},
{"type":"Feature","geometry":{"type":"MultiLineString","coordinates":[[[-136.525,-21.341],[-136.525,-21.328],[-136.549,-21.331],[-136.558,-21.336],[-136.559,-21.349],[-136.554,-21.359],[-136.538,-21.36],[-136.531,-21.353],[-136.525,-21.341]],[[-136.551,-21.358],[-136.555,-21.339],[-136.546,-21.334],[-136.528,-21.331],[-136.526,-21.339],[-136.538,-21.356],[-136.551,-21.358]]]},"properties":{"fid":10,"name":"Tenarunga","desc":"admin_level=11\nboundary=land_area\nland_area=administrative\nname=Tenarunga\nname:en=Tenarunga\nname:fr=Tenarunga\nname:ru=Тенарунга\nnatural=atoll\nold_name:en=Tenania;Narunga\nold_name:fr=Tenania;Narunga\nold_name:ty=Tenania;Narunga\nplace=island\ntype=boundary","country":"French Polynesia"}},
{"type":"Feature","geometry":{"type":"MultiLineString","coordinates":[[[-136.65,-21.316],[-136.661,-21.319],[-136.67,-21.331],[-136.663,-21.344],[-136.647,-21.347],[-136.635,-21.337],[-136.636,-21.324],[-136.64,-21.319],[-136.65,-21.316]],[[-136.662,-21.339],[-136.666,-21.333],[-136.662,-21.324],[-136.652,-21.319],[-136.64,-21.323],[-136.637,-21.331],[-136.64,-21.338],[-136.649,-21.343],[-136.662,-21.339]]]},"properties":{"fid":11,"name":"Vahanga","desc":"admin_level=11\nboundary=land_area\nland_area=administrative\nname=Vahanga\nname:en=Vahanga\nname:fr=Vahanga\nname:ru=Ваханга\nold_name=Vaega;Île Carysfort\nold_name:en=Carysfort Island\nold_name:fr=Vaega;Île Carysfort\nold_name:ty=Vaega\nplace=island\ntype=boundary","country":"French Polynesia"}},
{"type":"Feature","geometry":{"type":"LineString","coordinates":[[-157.438,2.003],[-157.431,1.995],[-157.431,1.974],[-157.438,1.975],[-157.437,1.966],[-157.426,1.96],[-157.429,1.951],[-157.423,1.945],[-157.428,1.935],[-157.428,1.924],[-157.441,1.921],[-157.446,1.909],[-157.457,1.91],[-157.457,1.9],[-157.467,1.902],[-157.478,1.907],[-157.482,1.898],[-157.488,1.897],[-157.493,1.884],[-157.505,1.879],[-157.53,1.877],[-157.532,1.868],[-157.54,1.864],[-157.547,1.87],[-157.555,1.872],[-157.552,1.88],[-157.542,1.872],[-157.538,1.873],[-157.538,1.885],[-157.534,1.898],[-157.525,1.905],[-157.508,1.912],[-157.504,1.926],[-157.519,1.915],[-157.532,1.907],[-157.538,1.896],[-157.562,1.876],[-157.553,1.859],[-157.543,1.849],[-157.534,1.847],[-157.518,1.855],[-157.5,1.857],[-157.487,1.85],[-157.478,1.84],[-157.472,1.821],[-157.466,1.812],[-157.435,1.787],[-157.422,1.783],[-157.406,1.781],[-157.388,1.776],[-157.373,1.777],[-157.349,1.773],[-157.339,1.767],[-157.314,1.758],[-157.302,1.748],[-157.276,1.73],[-157.254,1.719],[-157.24,1.702],[-157.212,1.694],[-157.193,1.697],[-157.172,1.698],[-157.167,1.702],[-157.164,1.714],[-157.164,1.731],[-157.167,1.748],[-157.173,1.759],[-157.181,1.766],[-157.207,1.771],[-157.216,1.776],[-157.233,1.779],[-157.253,1.793],[-157.263,1.796],[-157.276,1.805],[-157.29,1.807],[-157.311,1.817],[-157.317,1.826],[-157.329,1.829],[-157.34,1.845],[-157.344,1.875],[-157.343,1.892],[-157.346,1.904],[-157.332,1.936],[-157.326,1.942],[-157.307,1.95],[-157.302,1.961],[-157.303,1.971],[-157.314,1.986],[-157.359,1.992],[-157.38,1.999],[-157.39,2.006],[-157.406,2.015],[-157.415,2.024],[-157.425,2.039],[-157.455,2.049],[-157.482,2.047],[-157.493,2.043],[-157.497,2.032],[-157.493,2.021],[-157.483,2.001],[-157.479,1.983],[-157.47,1.989],[-157.479,1.994],[-157.479,1.999],[-157.484,2.014],[-157.482,2.021],[-157.466,2.031],[-157.468,2.02],[-157.451,2.017],[-157.454,2.01],[-157.444,2.001],[-157.438,2.003]]},"properties":{"fid":13,"name":"Kiritimati","desc":"alt_name=Christmas Island\nname=Kiritimati\nname:de=Kiritimati\nname:el=Κιριτιμάτι\nname:en=Christmas Island\nname:es=Kiritimati\nname:fr=Île Christmas\nname:gil=Kiritimati\nname:ja=キリスィマスィ島\nname:zh=圣诞岛\nplace=island\ntype=multipolygon\nwikidata=Q193331","country":null}},
{"type":"Feature","geometry":{"type":"LineString","coordinates":[[-172.321,-13.76],[-172.309,-13.755],[-172.286,-13.765],[-172.283,-13.778],[-172.278,-13.781],[-172.272,-13.794],[-172.263,-13.798],[-172.251,-13.796],[-172.244,-13.804],[-172.237,-13.801],[-172.226,-13.802],[-172.214,-13.79],[-172.212,-13.781],[-172.214,-13.765],[-172.222,-13.75],[-172.218,-13.744],[-172.218,-13.735],[-172.198,-13.724],[-172.203,-13.715],[-172.199,-13.699],[-172.191,-13.687],[-172.179,-13.677],[-172.175,-13.666],[-172.184,-13.659],[-172.193,-13.637],[-172.198,-13.631],[-172.198,-13.62],[-172.205,-13.595],[-172.212,-13.586],[-172.21,-13.581],[-172.227,-13.569],[-172.227,-13.56],[-172.235,-13.555],[-172.238,-13.544],[-172.248,-13.532],[-172.259,-13.523],[-172.265,-13.509],[-172.274,-13.505],[-172.285,-13.492],[-172.291,-13.479],[-172.306,-13.46],[-172.316,-13.452],[-172.326,-13.447],[-172.33,-13.45],[-172.347,-13.442],[-172.357,-13.44],[-172.363,-13.449],[-172.38,-13.446],[-172.392,-13.447],[-172.408,-13.451],[-172.415,-13.451],[-172.42,-13.469],[-172.445,-13.468],[-172.454,-13.466],[-172.466,-13.468],[-172.481,-13.461],[-172.49,-13.468],[-172.505,-13.472],[-172.512,-13.477],[-172.53,-13.473],[-172.542,-13.475],[-172.554,-13.482],[-172.564,-13.483],[-172.58,-13.49],[-172.587,-13.496],[-172.6,-13.492],[-172.619,-13.494],[-172.628,-13.502],[-172.638,-13.519],[-172.648,-13.518],[-172.657,-13.508],[-172.664,-13.506],[-172.679,-13.515],[-172.686,-13.515],[-172.703,-13.519],[-172.72,-13.515],[-172.741,-13.499],[-172.751,-13.497],[-172.757,-13.49],[-172.765,-13.498],[-172.778,-13.492],[-172.785,-13.493],[-172.798,-13.511],[-172.804,-13.516],[-172.793,-13.528],[-172.787,-13.544],[-172.781,-13.546],[-172.761,-13.566],[-172.753,-13.567],[-172.747,-13.573],[-172.735,-13.577],[-172.72,-13.601],[-172.715,-13.603],[-172.704,-13.614],[-172.684,-13.62],[-172.668,-13.646],[-172.649,-13.659],[-172.646,-13.667],[-172.626,-13.689],[-172.623,-13.694],[-172.611,-13.699],[-172.6,-13.709],[-172.595,-13.719],[-172.596,-13.739],[-172.583,-13.747],[-172.582,-13.758],[-172.578,-13.765],[-172.552,-13.778],[-172.548,-13.794],[-172.529,-13.803],[-172.517,-13.802],[-172.515,-13.797],[-172.506,-13.798],[-172.489,-13.797],[-172.475,-13.787],[-172.464,-13.788],[-172.456,-13.795],[-172.446,-13.789],[-172.43,-13.788],[-172.413,-13.781],[-172.405,-13.785],[-172.391,-13.783],[-172.385,-13.778],[-172.373,-13.779],[-172.366,-13.773],[-172.354,-13.773],[-172.349,-13.778],[-172.333,-13.778],[-172.327,-13.774],[-172.327,-13.767],[-172.321,-13.76]]},"properties":{"fid":15,"name":"Savāiʻi","desc":"alt_name=Salafai\nname=Savāiʻi\nname:ckb=ساڤای\nname:sm=Savāiʻi\nplace=island\ntype=multipolygon\nwikidata=Q337519\nwikipedia=en:Savaiʻi","country":"Samoa"}},
{"type":"Feature","geometry":{"type":"LineString","coordinates":[[166.335,-21.658],[166.348,-21.665],[166.359,-21.656],[166.35,-21.65],[166.345,-21.652],[166.33,-21.641],[166.324,-21.649],[166.304,-21.644],[166.283,-21.634],[166.272,-21.626],[166.263,-21.623],[166.255,-21.617],[166.239,-21.614],[166.235,-21.606],[166.217,-21.597],[166.198,-21.577],[166.183,-21.573],[166.173,-21.566],[166.161,-21.551],[166.145,-21.541],[166.131,-21.53],[166.12,-21.515],[166.106,-21.517],[166.097,-21.513],[166.089,-21.513],[166.09,-21.523],[166.083,-21.53],[166.071,-21.533],[166.071,-21.519],[166.062,-21.508],[166.064,-21.498],[166.057,-21.487],[166.043,-21.489],[166.04,-21.48],[166.053,-21.474],[166.046,-21.461],[166.038,-21.467],[166.029,-21.457],[166.012,-21.453],[165.991,-21.435],[165.975,-21.412],[165.958,-21.405],[165.953,-21.414],[165.958,-21.425],[165.963,-21.429],[165.968,-21.446],[165.964,-21.455],[165.973,-21.457],[165.975,-21.462],[165.984,-21.464],[165.987,-21.47],[165.976,-21.474],[165.982,-21.479],[165.991,-21.482],[165.989,-21.51],[165.976,-21.513],[165.976,-21.522],[165.964,-21.516],[165.958,-21.501],[165.962,-21.497],[165.972,-21.501],[165.975,-21.495],[165.962,-21.488],[165.956,-21.482],[165.943,-21.477],[165.931,-21.466],[165.921,-21.471],[165.919,-21.462],[165.934,-21.457],[165.941,-21.463],[165.95,-21.45],[165.944,-21.436],[165.926,-21.418],[165.913,-21.411],[165.914,-21.4],[165.909,-21.396],[165.896,-21.372],[165.882,-21.355],[165.882,-21.378],[165.876,-21.384],[165.872,-21.393],[165.863,-21.372],[165.844,-21.373],[165.84,-21.39],[165.851,-21.413],[165.844,-21.415],[165.835,-21.409],[165.832,-21.394],[165.821,-21.384],[165.824,-21.376],[165.822,-21.369],[165.833,-21.36],[165.827,-21.355],[165.801,-21.353],[165.806,-21.344],[165.793,-21.346],[165.787,-21.332],[165.777,-21.318],[165.759,-21.299],[165.743,-21.298],[165.739,-21.296],[165.715,-21.304],[165.703,-21.29],[165.692,-21.285],[165.674,-21.287],[165.658,-21.279],[165.65,-21.278],[165.645,-21.272],[165.635,-21.269],[165.618,-21.255],[165.614,-21.245],[165.605,-21.236],[165.601,-21.225],[165.596,-21.219],[165.583,-21.212],[165.57,-21.201],[165.56,-21.196],[165.557,-21.19],[165.56,-21.183],[165.571,-21.192],[165.581,-21.196],[165.599,-21.207],[165.612,-21.208],[165.619,-21.204],[165.612,-21.191],[165.61,-21.181],[165.585,-21.171],[165.567,-21.153],[165.557,-21.146],[165.54,-21.154],[165.536,-21.15],[165.547,-21.141],[165.536,-21.133],[165.527,-21.13],[165.512,-21.132],[165.503,-21.135],[165.496,-21.134],[165.482,-21.113],[165.473,-21.109],[165.448,-21.101],[165.439,-21.089],[165.419,-21.073],[165.416,-21.063],[165.408,-21.061],[165.403,-21.043],[165.404,-21.031],[165.397,-21.019],[165.396,-21.012],[165.409,-21.007],[165.401,-20.992],[165.403,-20.978],[165.407,-20.975],[165.409,-20.964],[165.416,-20.955],[165.413,-20.945],[165.4,-20.938],[165.373,-20.935],[165.361,-20.937],[165.349,-20.935],[165.336,-20.937],[165.319,-20.927],[165.315,-20.917],[165.3,-20.904],[165.298,-20.894],[165.289,-20.89],[165.278,-20.89],[165.272,-20.873],[165.265,-20.869],[165.257,-20.852],[165.26,-20.825],[165.254,-20.818],[165.264,-20.81],[165.263,-20.794],[165.253,-20.787],[165.244,-20.775],[165.236,-20.779],[165.225,-20.78],[165.222,-20.771],[165.217,-20.766],[165.197,-20.762],[165.189,-20.762],[165.181,-20.768],[165.171,-20.77],[165.161,-20.764],[165.165,-20.758],[165.139,-20.753],[165.12,-20.755],[165.106,-20.752],[165.079,-20.741],[165.071,-20.74],[165.055,-20.732],[165.048,-20.725],[165.038,-20.727],[165.029,-20.714],[164.979,-20.683],[164.961,-20.679],[164.955,-20.691],[164.95,-20.692],[164.944,-20.682],[164.933,-20.679],[164.939,-20.67],[164.929,-20.662],[164.923,-20.654],[164.896,-20.636],[164.887,-20.634],[164.876,-20.626],[164.867,-20.63],[164.861,-20.627],[164.847,-20.61],[164.816,-20.56],[164.806,-20.558],[164.8,-20.552],[164.794,-20.538],[164.776,-20.524],[164.767,-20.515],[164.756,-20.493],[164.742,-20.482],[164.73,-20.475],[164.718,-20.474],[164.699,-20.468],[164.692,-20.46],[164.673,-20.452],[164.666,-20.441],[164.657,-20.436],[164.646,-20.424],[164.626,-20.422],[164.616,-20.409],[164.605,-20.408],[164.593,-20.402],[164.587,-20.389],[164.584,-20.372],[164.586,-20.365],[164.578,-20.363],[164.561,-20.349],[164.551,-20.335],[164.54,-20.334],[164.524,-20.318],[164.516,-20.317],[164.502,-20.309],[164.499,-20.299],[164.484,-20.293],[164.477,-20.295],[164.468,-20.292],[164.456,-20.282],[164.44,-20.275],[164.426,-20.274],[164.416,-20.262],[164.404,-20.259],[164.391,-20.26],[164.378,-20.257],[164.375,-20.25],[164.359,-20.236],[164.352,-20.234],[164.341,-20.239],[164.33,-20.234],[164.318,-20.231],[164.306,-20.236],[164.307,-20.248],[164.305,-20.255],[164.312,-20.27],[164.303,-20.289],[164.295,-20.283],[164.29,-20.288],[164.271,-20.284],[164.271,-20.294],[164.261,-20.297],[164.249,-20.283],[164.221,-20.268],[164.212,-20.26],[164.209,-20.252],[164.202,-20.248],[164.18,-20.243],[164.158,-20.224],[164.157,-20.212],[164.149,-20.208],[164.144,-20.196],[164.136,-20.188],[164.131,-20.175],[164.118,-20.173],[164.108,-20.163],[164.095,-20.158],[164.091,-20.146],[164.085,-20.144],[164.077,-20.127],[164.073,-20.125],[164.063,-20.103],[164.056,-20.107],[164.05,-20.103],[164.043,-20.089],[164.036,-20.088],[164.032,-20.079],[164.02,-20.083],[164.004,-20.076],[164.002,-20.085],[164.014,-20.083],[164.013,-20.092],[164.017,-20.095],[164.003,-20.103],[164.003,-20.113],[164.019,-20.094],[164.021,-20.101],[164.03,-20.108],[164.029,-20.115],[164.017,-20.133],[164.019,-20.146],[164.026,-20.146],[164.025,-20.13],[164.031,-20.126],[164.044,-20.125],[164.047,-20.134],[164.063,-20.152],[164.067,-20.165],[164.064,-20.173],[164.069,-20.179],[164.067,-20.192],[164.056,-20.193],[164.057,-20.209],[164.065,-20.211],[164.073,-20.227],[164.072,-20.241],[164.067,-20.246],[164.057,-20.242],[164.057,-20.235],[164.047,-20.236],[164.045,-20.23],[164.032,-20.226],[164.03,-20.229],[164.012,-20.236],[164.007,-20.236],[164,-20.248],[164.013,-20.262],[164.021,-20.266],[164.028,-20.275],[164.036,-20.278],[164.037,-20.283],[164.028,-20.289],[164.029,-20.293],[164.041,-20.3],[164.065,-20.288],[164.073,-20.279],[164.064,-20.271],[164.07,-20.264],[164.065,-20.259],[164.07,-20.251],[164.078,-20.253],[164.096,-20.268],[164.09,-20.272],[164.098,-20.281],[164.088,-20.284],[164.084,-20.291],[164.089,-20.301],[164.098,-20.299],[164.107,-20.292],[164.151,-20.303],[164.15,-20.308],[164.165,-20.32],[164.176,-20.336],[164.186,-20.334],[164.189,-20.341],[164.179,-20.345],[164.182,-20.355],[164.181,-20.364],[164.188,-20.372],[164.187,-20.382],[164.174,-20.396],[164.16,-20.397],[164.148,-20.389],[164.122,-20.381],[164.126,-20.391],[164.126,-20.402],[164.135,-20.407],[164.14,-20.415],[164.153,-20.418],[164.161,-20.425],[164.164,-20.437],[164.171,-20.448],[164.174,-20.467],[164.178,-20.475],[164.176,-20.486],[164.181,-20.488],[164.191,-20.5],[164.202,-20.505],[164.217,-20.528],[164.236,-20.539],[164.237,-20.552],[164.254,-20.56],[164.258,-20.567],[164.276,-20.567],[164.276,-20.575],[164.286,-20.573],[164.298,-20.578],[164.304,-20.587],[164.304,-20.593],[164.312,-20.606],[164.317,-20.609],[164.321,-20.623],[164.319,-20.632],[164.324,-20.64],[164.338,-20.653],[164.347,-20.667],[164.355,-20.674],[164.367,-20.674],[164.371,-20.685],[164.362,-20.699],[164.366,-20.705],[164.39,-20.715],[164.403,-20.716],[164.406,-20.721],[164.414,-20.719],[164.421,-20.728],[164.417,-20.738],[164.415,-20.752],[164.404,-20.758],[164.393,-20.76],[164.382,-20.758],[164.376,-20.753],[164.369,-20.756],[164.374,-20.765],[164.384,-20.773],[164.399,-20.773],[164.415,-20.785],[164.415,-20.792],[164.421,-20.801],[164.43,-20.806],[164.438,-20.82],[164.458,-20.83],[164.457,-20.839],[164.461,-20.848],[164.484,-20.854],[164.494,-20.86],[164.504,-20.857],[164.509,-20.862],[164.508,-20.869],[164.516,-20.889],[164.53,-20.897],[164.541,-20.894],[164.549,-20.898],[164.559,-20.896],[164.57,-20.897],[164.576,-20.912],[164.572,-20.917],[164.58,-20.925],[164.607,-20.93],[164.614,-20.909],[164.621,-20.917],[164.626,-20.91],[164.633,-20.917],[164.628,-20.925],[164.643,-20.94],[164.659,-20.943],[164.667,-20.954],[164.668,-20.961],[164.661,-20.971],[164.652,-20.98],[164.668,-20.987],[164.675,-20.985],[164.673,-20.974],[164.676,-20.968],[164.691,-20.983],[164.701,-20.977],[164.713,-20.988],[164.708,-21.003],[164.7,-21.007],[164.698,-21.013],[164.69,-21.016],[164.69,-21.002],[164.678,-21.006],[164.668,-21.004],[164.671,-21.014],[164.68,-21.02],[164.691,-21.02],[164.692,-21.037],[164.712,-21.054],[164.729,-21.055],[164.745,-21.05],[164.758,-21.06],[164.751,-21.069],[164.753,-21.079],[164.762,-21.085],[164.769,-21.085],[164.778,-21.076],[164.776,-21.063],[164.784,-21.058],[164.803,-21.056],[164.809,-21.052],[164.823,-21.057],[164.836,-21.057],[164.829,-21.067],[164.831,-21.079],[164.829,-21.087],[164.822,-21.098],[164.814,-21.094],[164.801,-21.094],[164.803,-21.104],[164.818,-21.099],[164.832,-21.107],[164.843,-21.108],[164.856,-21.103],[164.858,-21.112],[164.867,-21.122],[164.86,-21.126],[164.862,-21.134],[164.854,-21.146],[164.842,-21.149],[164.833,-21.157],[164.834,-21.163],[164.83,-21.172],[164.832,-21.176],[164.843,-21.173],[164.839,-21.183],[164.844,-21.192],[164.86,-21.202],[164.86,-21.212],[164.868,-21.228],[164.882,-21.233],[164.894,-21.244],[164.901,-21.264],[164.911,-21.271],[164.909,-21.275],[164.919,-21.284],[164.923,-21.282],[164.946,-21.291],[164.951,-21.3],[164.946,-21.304],[164.943,-21.317],[164.936,-21.323],[164.945,-21.327],[164.947,-21.333],[164.936,-21.341],[164.945,-21.355],[164.952,-21.358],[164.962,-21.352],[164.972,-21.35],[164.975,-21.334],[164.971,-21.322],[164.978,-21.309],[164.976,-21.302],[164.98,-21.295],[164.986,-21.295],[164.99,-21.302],[164.984,-21.306],[164.989,-21.313],[164.984,-21.324],[164.985,-21.33],[164.998,-21.336],[165.004,-21.33],[165.006,-21.321],[165.015,-21.322],[165.021,-21.329],[165.018,-21.334],[165.007,-21.339],[165.015,-21.346],[165.027,-21.334],[165.036,-21.343],[165.046,-21.345],[165.057,-21.364],[165.055,-21.373],[165.049,-21.375],[165.038,-21.369],[165.036,-21.385],[165.039,-21.393],[165.047,-21.389],[165.056,-21.375],[165.064,-21.375],[165.072,-21.391],[165.083,-21.39],[165.095,-21.371],[165.11,-21.368],[165.115,-21.369],[165.122,-21.382],[165.133,-21.371],[165.134,-21.364],[165.141,-21.359],[165.147,-21.369],[165.144,-21.373],[165.145,-21.385],[165.136,-21.393],[165.128,-21.388],[165.111,-21.405],[165.123,-21.405],[165.123,-21.418],[165.137,-21.432],[165.137,-21.444],[165.148,-21.461],[165.168,-21.479],[165.182,-21.479],[165.183,-21.484],[165.197,-21.484],[165.206,-21.493],[165.213,-21.495],[165.213,-21.502],[165.231,-21.502],[165.235,-21.515],[165.249,-21.509],[165.261,-21.508],[165.271,-21.528],[165.259,-21.533],[165.267,-21.557],[165.281,-21.57],[165.312,-21.583],[165.329,-21.587],[165.341,-21.593],[165.36,-21.598],[165.367,-21.603],[165.393,-21.612],[165.429,-21.62],[165.436,-21.617],[165.439,-21.605],[165.458,-21.608],[165.464,-21.616],[165.459,-21.626],[165.461,-21.633],[165.469,-21.633],[165.483,-21.623],[165.504,-21.63],[165.512,-21.637],[165.507,-21.641],[165.493,-21.637],[165.468,-21.643],[165.47,-21.65],[165.478,-21.654],[165.496,-21.672],[165.519,-21.686],[165.528,-21.686],[165.543,-21.702],[165.557,-21.704],[165.564,-21.707],[165.569,-21.702],[165.578,-21.707],[165.585,-21.716],[165.591,-21.711],[165.611,-21.712],[165.623,-21.712],[165.63,-21.733],[165.663,-21.712],[165.67,-21.704],[165.68,-21.721],[165.689,-21.729],[165.678,-21.731],[165.673,-21.744],[165.687,-21.744],[165.693,-21.741],[165.696,-21.753],[165.7,-21.76],[165.707,-21.756],[165.701,-21.749],[165.704,-21.74],[165.718,-21.734],[165.72,-21.723],[165.711,-21.71],[165.729,-21.702],[165.741,-21.71],[165.748,-21.707],[165.762,-21.718],[165.777,-21.724],[165.786,-21.719],[165.794,-21.737],[165.779,-21.743],[165.769,-21.745],[165.767,-21.737],[165.758,-21.741],[165.749,-21.737],[165.742,-21.742],[165.73,-21.739],[165.727,-21.745],[165.734,-21.751],[165.746,-21.754],[165.773,-21.772],[165.77,-21.779],[165.761,-21.783],[165.762,-21.799],[165.776,-21.811],[165.783,-21.802],[165.778,-21.794],[165.781,-21.789],[165.803,-21.79],[165.8,-21.799],[165.804,-21.808],[165.824,-21.823],[165.827,-21.834],[165.838,-21.846],[165.838,-21.853],[165.825,-21.851],[165.814,-21.852],[165.808,-21.857],[165.819,-21.863],[165.82,-21.873],[165.833,-21.866],[165.843,-21.868],[165.852,-21.863],[165.852,-21.859],[165.871,-21.862],[165.877,-21.867],[165.887,-21.865],[165.901,-21.868],[165.921,-21.88],[165.93,-21.894],[165.942,-21.906],[165.951,-21.926],[165.964,-21.923],[165.971,-21.93],[165.979,-21.929],[165.983,-21.937],[166.004,-21.948],[166.007,-21.937],[166.023,-21.927],[166.023,-21.935],[166.03,-21.942],[166.036,-21.93],[166.031,-21.926],[166.028,-21.916],[166.032,-21.907],[166.053,-21.897],[166.062,-21.897],[166.065,-21.911],[166.075,-21.913],[166.084,-21.923],[166.083,-21.93],[166.07,-21.938],[166.075,-21.941],[166.087,-21.937],[166.091,-21.925],[166.099,-21.925],[166.103,-21.932],[166.102,-21.943],[166.117,-21.936],[166.14,-21.953],[166.143,-21.962],[166.166,-21.968],[166.164,-21.982],[166.161,-21.987],[166.15,-21.991],[166.157,-22.01],[166.166,-22.011],[166.175,-22.029],[166.165,-22.038],[166.159,-22.039],[166.152,-22.033],[166.136,-22.037],[166.12,-22.028],[166.119,-22.036],[166.131,-22.04],[166.144,-22.037],[166.163,-22.046],[166.161,-22.061],[166.164,-22.07],[166.158,-22.077],[166.142,-22.075],[166.131,-22.063],[166.12,-22.06],[166.126,-22.078],[166.115,-22.089],[166.123,-22.091],[166.127,-22.1],[166.138,-22.098],[166.141,-22.089],[166.151,-22.083],[166.162,-22.084],[166.171,-22.096],[166.172,-22.105],[166.183,-22.105],[166.202,-22.113],[166.219,-22.126],[166.222,-22.141],[166.234,-22.148],[166.241,-22.148],[166.247,-22.156],[166.264,-22.163],[166.269,-22.17],[166.277,-22.165],[166.284,-22.168],[166.291,-22.164],[166.286,-22.148],[166.292,-22.146],[166.301,-22.161],[166.309,-22.151],[166.323,-22.153],[166.329,-22.141],[166.337,-22.144],[166.332,-22.157],[166.325,-22.16],[166.322,-22.17],[166.329,-22.18],[166.322,-22.187],[166.33,-22.19],[166.334,-22.197],[166.346,-22.193],[166.347,-22.207],[166.342,-22.213],[166.331,-22.216],[166.336,-22.222],[166.344,-22.224],[166.355,-22.219],[166.357,-22.21],[166.354,-22.202],[166.362,-22.2],[166.371,-22.188],[166.375,-22.196],[166.366,-22.202],[166.372,-22.206],[166.378,-22.199],[166.379,-22.19],[166.367,-22.171],[166.386,-22.168],[166.398,-22.174],[166.417,-22.174],[166.431,-22.163],[166.433,-22.173],[166.426,-22.175],[166.435,-22.192],[166.44,-22.198],[166.427,-22.204],[166.435,-22.21],[166.451,-22.21],[166.466,-22.217],[166.454,-22.225],[166.445,-22.222],[166.43,-22.225],[166.408,-22.233],[166.415,-22.246],[166.426,-22.241],[166.432,-22.245],[166.426,-22.253],[166.434,-22.255],[166.439,-22.262],[166.436,-22.283],[166.439,-22.29],[166.438,-22.301],[166.447,-22.304],[166.449,-22.311],[166.461,-22.307],[166.457,-22.301],[166.461,-22.279],[166.468,-22.286],[166.479,-22.276],[166.472,-22.267],[166.476,-22.259],[166.484,-22.258],[166.5,-22.253],[166.495,-22.248],[166.493,-22.232],[166.496,-22.226],[166.508,-22.233],[166.521,-22.229],[166.528,-22.237],[166.546,-22.241],[166.549,-22.237],[166.563,-22.24],[166.57,-22.244],[166.557,-22.261],[166.556,-22.271],[166.569,-22.272],[166.591,-22.292],[166.609,-22.291],[166.623,-22.284],[166.623,-22.277],[166.63,-22.274],[166.645,-22.285],[166.65,-22.295],[166.665,-22.298],[166.671,-22.306],[166.684,-22.309],[166.684,-22.323],[166.695,-22.325],[166.7,-22.31],[166.707,-22.312],[166.7,-22.334],[166.708,-22.339],[166.727,-22.345],[166.749,-22.34],[166.756,-22.341],[166.758,-22.348],[166.746,-22.349],[166.73,-22.364],[166.729,-22.373],[166.741,-22.383],[166.751,-22.382],[166.767,-22.386],[166.772,-22.391],[166.782,-22.391],[166.798,-22.382],[166.798,-22.378],[166.808,-22.373],[166.822,-22.376],[166.834,-22.388],[166.842,-22.387],[166.842,-22.378],[166.832,-22.372],[166.827,-22.361],[166.813,-22.361],[166.818,-22.353],[166.819,-22.345],[166.827,-22.334],[166.821,-22.33],[166.836,-22.314],[166.839,-22.3],[166.857,-22.304],[166.841,-22.323],[166.842,-22.329],[166.851,-22.334],[166.851,-22.344],[166.854,-22.35],[166.865,-22.344],[166.856,-22.334],[166.859,-22.322],[166.869,-22.326],[166.874,-22.32],[166.879,-22.334],[166.877,-22.338],[166.89,-22.348],[166.891,-22.353],[166.902,-22.362],[166.893,-22.365],[166.888,-22.371],[166.91,-22.374],[166.916,-22.378],[166.897,-22.392],[166.907,-22.395],[166.925,-22.395],[166.936,-22.386],[166.944,-22.376],[166.962,-22.36],[166.952,-22.355],[166.964,-22.348],[166.975,-22.35],[166.982,-22.336],[166.986,-22.34],[166.997,-22.342],[167.004,-22.335],[167.008,-22.322],[167.013,-22.318],[167.01,-22.309],[167.014,-22.293],[167.023,-22.277],[167.02,-22.266],[167.014,-22.262],[167.012,-22.252],[167.014,-22.242],[167.023,-22.244],[167.025,-22.252],[167.033,-22.249],[167.024,-22.237],[167.008,-22.23],[166.989,-22.203],[166.973,-22.183],[166.972,-22.177],[166.951,-22.156],[166.937,-22.157],[166.935,-22.15],[166.947,-22.148],[166.946,-22.122],[166.95,-22.114],[166.941,-22.108],[166.941,-22.102],[166.927,-22.082],[166.909,-22.071],[166.903,-22.061],[166.858,-22.032],[166.836,-22.026],[166.822,-22.026],[166.812,-22.02],[166.791,-22.015],[166.776,-22.015],[166.77,-22.01],[166.758,-22.014],[166.759,-22.002],[166.753,-21.992],[166.727,-21.981],[166.703,-21.981],[166.691,-21.987],[166.675,-21.978],[166.69,-21.977],[166.699,-21.965],[166.72,-21.959],[166.7,-21.941],[166.686,-21.935],[166.684,-21.931],[166.674,-21.923],[166.667,-21.928],[166.673,-21.94],[166.663,-21.942],[166.656,-21.937],[166.64,-21.932],[166.642,-21.923],[166.629,-21.919],[166.619,-21.918],[166.614,-21.903],[166.602,-21.897],[166.593,-21.888],[166.581,-21.885],[166.57,-21.877],[166.562,-21.869],[166.554,-21.851],[166.543,-21.838],[166.528,-21.828],[166.524,-21.819],[166.509,-21.816],[166.506,-21.807],[166.495,-21.797],[166.482,-21.791],[166.481,-21.786],[166.471,-21.777],[166.475,-21.761],[166.465,-21.749],[166.444,-21.733],[166.427,-21.728],[166.428,-21.721],[166.413,-21.706],[166.409,-21.699],[166.398,-21.706],[166.386,-21.701],[166.374,-21.701],[166.362,-21.69],[166.349,-21.684],[166.329,-21.662],[166.335,-21.658]]},"properties":{"fid":16,"name":"Grande-Terre","desc":"name=Grande-Terre\nname:be=Гран-Тэр\nname:br=Douar-Bras\nname:cs=Nová Kaledonie\nname:de=Grande Terre\nname:en=Grande Terre\nname:es=Grande Terre\nname:et=Uus-Kaledoonia saar\nname:fi=Grande Terre\nname:fr=Grande-Terre\nname:gl=Grande Terre\nname:he=גרנד טר\nname:it=Grande Terre\nname:ja=グランドテール島\nname:ka=გრანდ-ტერი\nname:lt=Naujoji Kaledonija\nname:nl=Nieuw-Caledonië\nname:pl=Nowa Kaledonia\nname:pt=Grande Terre\nname:ru=Гранд-Тер\nname:sv=Grande Terre\nplace=island\ntype=multipolygon\nwikidata=Q256293\nwikipedia=fr:Grande Terre (Nouvelle-Calédonie)","country":"New Caledonia"}},
{"type":"Feature","geometry":{"type":"LineString","coordinates":[[160.787,-9.886],[160.797,-9.885],[160.815,-9.874],[160.829,-9.863],[160.834,-9.854],[160.831,-9.846],[160.81,-9.837],[160.805,-9.822],[160.802,-9.8],[160.796,-9.796],[160.794,-9.788],[160.802,-9.788],[160.812,-9.774],[160.809,-9.768],[160.798,-9.766],[160.77,-9.747],[160.773,-9.738],[160.768,-9.733],[160.76,-9.736],[160.755,-9.729],[160.742,-9.728],[160.712,-9.706],[160.695,-9.705],[160.675,-9.708],[160.66,-9.7],[160.657,-9.684],[160.662,-9.642],[160.653,-9.634],[160.636,-9.607],[160.636,-9.599],[160.63,-9.594],[160.619,-9.591],[160.612,-9.579],[160.605,-9.577],[160.583,-9.553],[160.577,-9.549],[160.567,-9.549],[160.53,-9.536],[160.506,-9.536],[160.501,-9.533],[160.489,-9.535],[160.484,-9.53],[160.48,-9.52],[160.479,-9.511],[160.474,-9.509],[160.468,-9.494],[160.462,-9.49],[160.451,-9.475],[160.436,-9.467],[160.41,-9.457],[160.395,-9.445],[160.383,-9.421],[160.365,-9.417],[160.352,-9.41],[160.339,-9.412],[160.316,-9.423],[160.3,-9.425],[160.291,-9.415],[160.285,-9.413],[160.264,-9.414],[160.257,-9.417],[160.22,-9.426],[160.203,-9.421],[160.194,-9.414],[160.182,-9.41],[160.163,-9.408],[160.155,-9.404],[160.148,-9.407],[160.13,-9.422],[160.11,-9.431],[160.102,-9.433],[160.087,-9.43],[160.068,-9.421],[160.03,-9.406],[160.022,-9.408],[160.008,-9.423],[159.999,-9.429],[159.973,-9.434],[159.964,-9.434],[159.951,-9.428],[159.938,-9.428],[159.924,-9.423],[159.91,-9.426],[159.905,-9.424],[159.889,-9.401],[159.877,-9.393],[159.865,-9.369],[159.862,-9.369],[159.844,-9.353],[159.838,-9.344],[159.814,-9.33],[159.811,-9.323],[159.804,-9.321],[159.787,-9.299],[159.76,-9.282],[159.748,-9.281],[159.736,-9.276],[159.726,-9.261],[159.71,-9.251],[159.69,-9.25],[159.676,-9.256],[159.673,-9.263],[159.665,-9.267],[159.66,-9.263],[159.654,-9.271],[159.649,-9.271],[159.644,-9.278],[159.632,-9.285],[159.627,-9.283],[159.616,-9.287],[159.608,-9.302],[159.598,-9.304],[159.593,-9.317],[159.593,-9.336],[159.598,-9.348],[159.59,-9.353],[159.586,-9.366],[159.591,-9.369],[159.598,-9.381],[159.594,-9.392],[159.607,-9.406],[159.594,-9.411],[159.596,-9.418],[159.603,-9.42],[159.6,-9.435],[159.593,-9.44],[159.604,-9.465],[159.613,-9.472],[159.618,-9.48],[159.614,-9.494],[159.609,-9.498],[159.597,-9.496],[159.585,-9.499],[159.589,-9.508],[159.59,-9.518],[159.586,-9.524],[159.592,-9.528],[159.602,-9.522],[159.608,-9.525],[159.608,-9.536],[159.621,-9.546],[159.625,-9.558],[159.635,-9.558],[159.64,-9.563],[159.643,-9.585],[159.653,-9.589],[159.662,-9.599],[159.67,-9.619],[159.667,-9.628],[159.654,-9.639],[159.662,-9.65],[159.671,-9.649],[159.677,-9.656],[159.691,-9.656],[159.696,-9.66],[159.692,-9.669],[159.702,-9.679],[159.715,-9.687],[159.716,-9.694],[159.708,-9.702],[159.705,-9.709],[159.708,-9.717],[159.716,-9.72],[159.739,-9.722],[159.742,-9.727],[159.753,-9.729],[159.757,-9.736],[159.77,-9.742],[159.77,-9.747],[159.788,-9.76],[159.788,-9.773],[159.809,-9.784],[159.814,-9.795],[159.822,-9.8],[159.836,-9.801],[159.847,-9.798],[159.872,-9.785],[159.883,-9.781],[159.898,-9.787],[159.91,-9.789],[159.914,-9.796],[159.926,-9.8],[159.953,-9.802],[159.962,-9.806],[159.97,-9.805],[159.98,-9.808],[159.995,-9.817],[160.012,-9.813],[160.029,-9.817],[160.034,-9.822],[160.056,-9.822],[160.068,-9.826],[160.086,-9.82],[160.109,-9.817],[160.13,-9.816],[160.169,-9.819],[160.228,-9.81],[160.266,-9.807],[160.28,-9.814],[160.308,-9.811],[160.323,-9.811],[160.339,-9.815],[160.35,-9.82],[160.365,-9.83],[160.375,-9.846],[160.387,-9.851],[160.4,-9.86],[160.417,-9.88],[160.424,-9.895],[160.427,-9.896],[160.45,-9.888],[160.477,-9.888],[160.502,-9.897],[160.52,-9.9],[160.545,-9.913],[160.553,-9.923],[160.574,-9.918],[160.592,-9.924],[160.603,-9.935],[160.614,-9.942],[160.629,-9.946],[160.631,-9.936],[160.641,-9.928],[160.664,-9.918],[160.696,-9.905],[160.705,-9.909],[160.732,-9.902],[160.742,-9.904],[160.76,-9.892],[160.764,-9.895],[160.78,-9.89],[160.787,-9.886]]},"properties":{"fid":18,"name":"Guadalcanal Island","desc":"name=Guadalcanal Island\nname:da=Guadalcanal\nname:en=Guadalcanal Island\nname:fr=Guadalcanal\nname:he=גוודלקנל\nname:hr=Guadalcanal\nname:ja=ガダルカナル島\nname:lt=Gvadalkanalis\nname:ru=остров Гуадалканал\nname:uk=Гуадалканал\nname:zh=瓜达尔卡纳尔岛\nplace=island\ntype=multipolygon\nwikidata=Q192767\nwikipedia=en:Guadalcanal","country":"Solomon Islands"}},
{"type":"Feature","geometry":{"type":"LineString","coordinates":[[166.668,-15.287],[166.663,-15.298],[166.664,-15.303],[166.667,-15.338],[166.661,-15.357],[166.647,-15.38],[166.647,-15.395],[166.657,-15.403],[166.666,-15.416],[166.669,-15.431],[166.682,-15.447],[166.699,-15.471],[166.709,-15.492],[166.71,-15.506],[166.72,-15.523],[166.733,-15.536],[166.736,-15.544],[166.755,-15.552],[166.758,-15.565],[166.765,-15.568],[166.769,-15.58],[166.779,-15.585],[166.78,-15.59],[166.779,-15.613],[166.775,-15.627],[166.766,-15.63],[166.771,-15.636],[166.775,-15.651],[166.792,-15.657],[166.796,-15.661],[166.815,-15.668],[166.836,-15.668],[166.851,-15.654],[166.845,-15.641],[166.849,-15.633],[166.858,-15.628],[166.88,-15.622],[166.891,-15.63],[166.897,-15.63],[166.906,-15.621],[166.907,-15.615],[166.899,-15.605],[166.91,-15.593],[166.921,-15.588],[166.938,-15.587],[166.951,-15.583],[166.968,-15.581],[166.982,-15.583],[166.991,-15.588],[166.997,-15.582],[167.023,-15.585],[167.037,-15.579],[167.057,-15.598],[167.057,-15.602],[167.076,-15.603],[167.089,-15.599],[167.097,-15.604],[167.107,-15.601],[167.114,-15.594],[167.115,-15.586],[167.123,-15.579],[167.138,-15.561],[167.145,-15.559],[167.147,-15.548],[167.155,-15.535],[167.155,-15.528],[167.164,-15.521],[167.182,-15.514],[167.216,-15.517],[167.245,-15.525],[167.26,-15.518],[167.257,-15.494],[167.246,-15.499],[167.231,-15.482],[167.231,-15.473],[167.235,-15.463],[167.228,-15.458],[167.221,-15.462],[167.216,-15.458],[167.218,-15.448],[167.209,-15.433],[167.205,-15.421],[167.205,-15.406],[167.2,-15.397],[167.189,-15.386],[167.187,-15.372],[167.19,-15.357],[167.182,-15.345],[167.179,-15.328],[167.186,-15.326],[167.191,-15.335],[167.2,-15.341],[167.208,-15.338],[167.207,-15.316],[167.2,-15.297],[167.191,-15.286],[167.179,-15.277],[167.157,-15.268],[167.147,-15.257],[167.15,-15.253],[167.168,-15.255],[167.173,-15.239],[167.168,-15.233],[167.171,-15.215],[167.17,-15.207],[167.161,-15.191],[167.164,-15.181],[167.157,-15.174],[167.157,-15.166],[167.15,-15.157],[167.154,-15.141],[167.145,-15.13],[167.134,-15.125],[167.123,-15.141],[167.115,-15.149],[167.106,-15.142],[167.102,-15.125],[167.095,-15.114],[167.079,-15.097],[167.078,-15.064],[167.074,-15.032],[167.077,-15.026],[167.074,-15.012],[167.067,-14.998],[167.06,-14.993],[167.059,-14.98],[167.053,-14.971],[167.056,-14.962],[167.076,-14.952],[167.086,-14.953],[167.086,-14.943],[167.071,-14.943],[167.057,-14.946],[167.044,-14.943],[167.032,-14.933],[167.026,-14.93],[167.012,-14.934],[167.008,-14.938],[166.997,-14.943],[166.982,-14.956],[166.98,-14.973],[166.99,-14.992],[166.992,-15.001],[166.979,-15.046],[166.987,-15.064],[166.986,-15.085],[166.988,-15.097],[166.983,-15.1],[166.982,-15.116],[166.978,-15.123],[166.97,-15.127],[166.955,-15.143],[166.951,-15.152],[166.952,-15.159],[166.923,-15.171],[166.898,-15.167],[166.878,-15.172],[166.863,-15.168],[166.849,-15.167],[166.835,-15.164],[166.822,-15.153],[166.819,-15.133],[166.815,-15.125],[166.816,-15.114],[166.814,-15.096],[166.808,-15.087],[166.807,-15.072],[166.809,-15.067],[166.812,-15.05],[166.792,-15.025],[166.788,-15.017],[166.789,-15.004],[166.795,-14.986],[166.789,-14.973],[166.788,-14.961],[166.784,-14.951],[166.785,-14.928],[166.782,-14.922],[166.782,-14.911],[166.779,-14.906],[166.767,-14.871],[166.762,-14.851],[166.756,-14.84],[166.76,-14.826],[166.751,-14.817],[166.739,-14.819],[166.733,-14.808],[166.717,-14.805],[166.708,-14.791],[166.706,-14.784],[166.697,-14.776],[166.689,-14.76],[166.689,-14.754],[166.681,-14.747],[166.682,-14.738],[166.675,-14.728],[166.656,-14.718],[166.653,-14.714],[166.649,-14.692],[166.644,-14.69],[166.643,-14.681],[166.637,-14.68],[166.636,-14.671],[166.623,-14.665],[166.623,-14.655],[166.616,-14.644],[166.604,-14.656],[166.596,-14.658],[166.585,-14.67],[166.577,-14.672],[166.572,-14.684],[166.575,-14.686],[166.571,-14.703],[166.559,-14.714],[166.555,-14.728],[166.556,-14.737],[166.553,-14.743],[166.556,-14.756],[166.552,-14.759],[166.553,-14.778],[166.549,-14.786],[166.55,-14.811],[166.547,-14.834],[166.542,-14.847],[166.552,-14.859],[166.555,-14.88],[166.572,-14.924],[166.582,-14.957],[166.593,-14.968],[166.606,-14.988],[166.611,-15.01],[166.613,-15.028],[166.613,-15.054],[166.617,-15.068],[166.624,-15.081],[166.627,-15.098],[166.634,-15.112],[166.638,-15.122],[166.638,-15.146],[166.637,-15.158],[166.646,-15.173],[166.66,-15.213],[166.671,-15.234],[166.674,-15.247],[166.673,-15.263],[166.668,-15.287]]},"properties":{"fid":19,"name":"Espiritu Santo","desc":"name=Espiritu Santo\nname:de=Espiritu Santo\nname:en=Espiritu Santo\nname:es=Espíritu Santo\nname:fr=Espiritu Santo\nname:lt=Espiritu Santas\nname:ru=Эспириту-Санто\nplace=island\npopulation=39601\npopulation:date=2009\npopulation:source=National Population and Housing Census\nshort_name=Santo\ntype=multipolygon\nunocha:pcode=VUT0102029\nwikidata=Q337524\nwikipedia=es:Isla Espíritu Santo (Vanuatu)","country":"Vanuatu"}},
{"type":"Feature","geometry":{"type":"MultiLineString","coordinates":[[[166.436,-22.313],[166.436,-22.312],[166.435,-22.312]],[[166.435,-22.312],[166.435,-22.313],[166.436,-22.313]]]},"properties":{"fid":20,"name":"Île aux Canards","desc":"name=Île aux Canards\nplace=island\ntype=multipolygon\nwikidata=Q3593264","country":"New Caledonia"}},
{"type":"Feature","geometry":{"type":"LineString","coordinates":[[166.1,-10.737],[166.111,-10.735],[166.108,-10.729],[166.125,-10.711],[166.141,-10.698],[166.147,-10.676],[166.143,-10.671],[166.126,-10.666],[166.119,-10.673],[166.108,-10.675],[166.097,-10.663],[166.087,-10.667],[166.081,-10.661],[166.054,-10.651],[166.034,-10.65],[166.005,-10.659],[165.985,-10.659],[165.974,-10.662],[165.96,-10.659],[165.949,-10.661],[165.931,-10.653],[165.911,-10.659],[165.899,-10.656],[165.886,-10.656],[165.871,-10.664],[165.868,-10.675],[165.86,-10.682],[165.856,-10.681],[165.841,-10.696],[165.834,-10.708],[165.829,-10.73],[165.828,-10.754],[165.821,-10.761],[165.807,-10.755],[165.799,-10.739],[165.802,-10.714],[165.782,-10.727],[165.777,-10.733],[165.758,-10.749],[165.761,-10.761],[165.757,-10.771],[165.751,-10.776],[165.752,-10.796],[165.76,-10.813],[165.764,-10.817],[165.77,-10.834],[165.777,-10.837],[165.794,-10.839],[165.814,-10.836],[165.82,-10.831],[165.827,-10.82],[165.835,-10.815],[165.838,-10.803],[165.844,-10.806],[165.852,-10.827],[165.853,-10.84],[165.851,-10.855],[165.852,-10.861],[165.861,-10.867],[165.87,-10.857],[165.877,-10.833],[165.897,-10.83],[165.896,-10.817],[165.911,-10.811],[165.916,-10.802],[165.928,-10.794],[165.928,-10.783],[165.934,-10.779],[165.943,-10.767],[165.95,-10.764],[165.946,-10.756],[165.963,-10.756],[165.962,-10.763],[165.984,-10.778],[165.995,-10.775],[165.994,-10.758],[165.997,-10.75],[166.004,-10.744],[166.014,-10.748],[166.013,-10.761],[165.999,-10.775],[166.005,-10.782],[166.016,-10.778],[166.027,-10.785],[166.039,-10.782],[166.047,-10.786],[166.062,-10.781],[166.073,-10.772],[166.09,-10.766],[166.086,-10.759],[166.089,-10.747],[166.088,-10.74],[166.1,-10.737]]},"properties":{"fid":23,"name":"Nendö","desc":"alt_name=Nendo\nis_in:country=Solomon Islands\nis_in:state=Temotu\nname=Nendö\nplace=island\nsource=Bing\ntype=multipolygon\nwikidata=Q1267157\nwikimedia_commons=Category:Nendo Island\nwikipedia=en:Nendö","country":"Solomon Islands"}},
{"type":"Feature","geometry":{"type":"LineString","coordinates":[[-151.409,-16.785],[-151.422,-16.778],[-151.423,-16.765],[-151.431,-16.752],[-151.437,-16.746],[-151.435,-16.736],[-151.444,-16.726],[-151.455,-16.722],[-151.473,-16.723],[-151.49,-16.745],[-151.493,-16.757],[-151.488,-16.759],[-151.493,-16.769],[-151.489,-16.78],[-151.493,-16.793],[-151.486,-16.81],[-151.481,-16.832],[-151.483,-16.845],[-151.478,-16.85],[-151.48,-16.86],[-151.47,-16.856],[-151.472,-16.866],[-151.468,-16.877],[-151.458,-16.889],[-151.464,-16.892],[-151.471,-16.906],[-151.461,-16.91],[-151.458,-16.916],[-151.446,-16.917],[-151.439,-16.908],[-151.433,-16.907],[-151.434,-16.895],[-151.426,-16.891],[-151.429,-16.885],[-151.422,-16.881],[-151.418,-16.89],[-151.394,-16.891],[-151.393,-16.883],[-151.365,-16.872],[-151.355,-16.862],[-151.353,-16.846],[-151.361,-16.848],[-151.357,-16.836],[-151.374,-16.837],[-151.371,-16.827],[-151.382,-16.823],[-151.39,-16.828],[-151.396,-16.812],[-151.402,-16.807],[-151.414,-16.818],[-151.416,-16.813],[-151.4,-16.796],[-151.408,-16.795],[-151.409,-16.785]]},"properties":{"fid":25,"name":"Ra’iātea","desc":"name=Ra’iātea\nofficial_name=Raiatea\nplace=island\ntype=multipolygon\nwikidata=Q847008\nwikipedia=en:Raʻiātea","country":"French Polynesia"}},
{"type":"Feature","geometry":{"type":"LineString","coordinates":[[173.046,1.357],[173.052,1.356],[173.069,1.357],[173.088,1.364],[173.112,1.362],[173.127,1.365],[173.157,1.358],[173.163,1.361],[173.164,1.373],[173.144,1.389],[173.136,1.388],[173.137,1.381],[173.145,1.379],[173.146,1.366],[173.139,1.364],[173.124,1.369],[173.116,1.364],[173.096,1.366],[173.083,1.365],[173.071,1.36],[173.055,1.357],[173.047,1.358],[173.04,1.355],[173.036,1.347],[173.012,1.335],[172.996,1.331],[172.973,1.331],[172.973,1.327],[173.007,1.33],[173.033,1.341],[173.045,1.352],[173.046,1.357]]},"properties":{"fid":26,"name":"South Tarawa","desc":"name=South Tarawa\nplace=island\ntype=multipolygon","country":"Kiribati"}},
{"type":"Feature","geometry":{"type":"LineString","coordinates":[[145.229,14.129],[145.23,14.142],[145.242,14.152],[145.252,14.154],[145.27,14.152],[145.282,14.16],[145.289,14.192],[145.262,14.199],[145.241,14.2],[145.228,14.195],[145.209,14.183],[145.205,14.178],[145.174,14.167],[145.162,14.169],[145.145,14.152],[145.142,14.144],[145.122,14.126],[145.127,14.12],[145.139,14.137],[145.152,14.138],[145.168,14.126],[145.171,14.11],[145.184,14.116],[145.213,14.115],[145.222,14.126],[145.229,14.129]]},"properties":{"fid":27,"name":"Rota","desc":"name=Rota\nname:en=Rota\nname:ja=ロタ島\nname:mk=Рота\nplace=island\nsource=NOAA Pacific Science Center (US Gov't)\ntype=multipolygon\nwikidata=Q949090\nwikipedia=en:Rota (island)","country":"Northern Mariana Islands"}},
{"type":"Feature","geometry":{"type":"LineString","coordinates":[[145.811,15.258],[145.816,15.261],[145.827,15.26],[145.83,15.273],[145.819,15.287],[145.81,15.29],[145.786,15.267],[145.777,15.253],[145.765,15.246],[145.756,15.244],[145.735,15.227],[145.731,15.22],[145.715,15.214],[145.717,15.195],[145.713,15.179],[145.708,15.164],[145.7,15.157],[145.7,15.148],[145.692,15.13],[145.696,15.118],[145.705,15.112],[145.708,15.106],[145.723,15.107],[145.742,15.104],[145.746,15.094],[145.751,15.095],[145.757,15.121],[145.749,15.125],[145.741,15.139],[145.753,15.161],[145.768,15.162],[145.775,15.151],[145.789,15.15],[145.792,15.164],[145.784,15.182],[145.779,15.188],[145.778,15.196],[145.782,15.204],[145.779,15.21],[145.792,15.227],[145.799,15.229],[145.81,15.242],[145.811,15.258]]},"properties":{"fid":28,"name":"Saipan","desc":"name=Saipan\nname:ar=سايبان\nname:az=Saypan\nname:be=Востраў Сайпан\nname:bg=Сайпан\nname:eo=Saipano\nname:es=Saipán\nname:fa=سایپن\nname:he=סאיפאן\nname:ja=サイパン島\nname:ka=საიპანი\nname:ko=사이판 섬\nname:lt=Saipanas\nname:mk=Сајпан\nname:pt=Saipã\nname:ru=Сайпан\nname:sr=Сајпан\nname:th=เกาะไซปัน\nname:uk=Сайпан\nname:ur=سائپین\nname:zh=塞班岛\nplace=island\ntype=multipolygon\nwikidata=Q51679\nwikipedia=en:Saipan","country":"Northern Mariana Islands"}},
{"type":"Feature","geometry":{"type":"LineString","coordinates":[[167.072,-20.929],[167.063,-20.928],[167.047,-20.919],[167.046,-20.913],[167.013,-20.915],[167.011,-20.919],[167.019,-20.934],[167.027,-20.941],[167.052,-20.948],[167.064,-20.968],[167.063,-20.976],[167.054,-20.987],[167.063,-20.992],[167.086,-21.013],[167.089,-21.019],[167.091,-21.035],[167.097,-21.043],[167.112,-21.05],[167.127,-21.07],[167.135,-21.077],[167.159,-21.087],[167.164,-21.084],[167.178,-21.083],[167.198,-21.089],[167.214,-21.091],[167.229,-21.088],[167.24,-21.091],[167.256,-21.09],[167.265,-21.093],[167.271,-21.106],[167.266,-21.121],[167.269,-21.127],[167.279,-21.125],[167.289,-21.132],[167.308,-21.135],[167.314,-21.138],[167.314,-21.152],[167.322,-21.166],[167.339,-21.183],[167.359,-21.187],[167.367,-21.176],[167.378,-21.179],[167.382,-21.183],[167.391,-21.182],[167.395,-21.172],[167.414,-21.164],[167.415,-21.15],[167.412,-21.14],[167.414,-21.13],[167.406,-21.108],[167.408,-21.098],[167.422,-21.087],[167.44,-21.075],[167.452,-21.072],[167.459,-21.065],[167.46,-21.057],[167.451,-21.049],[167.439,-21.049],[167.434,-21.038],[167.423,-21.032],[167.419,-21.036],[167.409,-21.034],[167.401,-21.027],[167.381,-21.014],[167.378,-21.003],[167.385,-20.98],[167.382,-20.967],[167.377,-20.955],[167.369,-20.949],[167.35,-20.939],[167.336,-20.941],[167.317,-20.936],[167.306,-20.929],[167.302,-20.92],[167.287,-20.914],[167.276,-20.92],[167.262,-20.914],[167.257,-20.907],[167.261,-20.9],[167.267,-20.898],[167.291,-20.873],[167.284,-20.853],[167.277,-20.839],[167.272,-20.818],[167.276,-20.804],[167.275,-20.786],[167.276,-20.764],[167.281,-20.758],[167.293,-20.756],[167.301,-20.746],[167.301,-20.731],[167.298,-20.727],[167.285,-20.73],[167.277,-20.727],[167.27,-20.721],[167.269,-20.714],[167.261,-20.71],[167.248,-20.696],[167.23,-20.687],[167.226,-20.683],[167.211,-20.68],[167.183,-20.679],[167.162,-20.69],[167.161,-20.695],[167.163,-20.712],[167.149,-20.723],[167.136,-20.725],[167.099,-20.71],[167.094,-20.715],[167.08,-20.712],[167.059,-20.719],[167.042,-20.731],[167.038,-20.736],[167.04,-20.752],[167.034,-20.762],[167.029,-20.763],[167.034,-20.778],[167.039,-20.78],[167.052,-20.774],[167.075,-20.771],[167.102,-20.765],[167.112,-20.772],[167.12,-20.785],[167.133,-20.78],[167.148,-20.784],[167.158,-20.794],[167.169,-20.792],[167.175,-20.8],[167.18,-20.815],[167.178,-20.832],[167.167,-20.84],[167.163,-20.847],[167.165,-20.854],[167.153,-20.866],[167.139,-20.876],[167.138,-20.885],[167.124,-20.907],[167.105,-20.916],[167.095,-20.916],[167.083,-20.927],[167.072,-20.929]]},"properties":{"fid":30,"name":"Lifou","desc":"name=Lifou\nname:be=Ліфу\nname:dhv=Drehu\nname:el=Λιφού\nname:fr=Lifou\nplace=island\ntype=multipolygon\nwikidata=Q18655792","country":"New Caledonia"}},
{"type":"Feature","geometry":{"type":"LineString","coordinates":[[168.112,-21.55],[168.114,-21.531],[168.111,-21.525],[168.113,-21.514],[168.123,-21.505],[168.123,-21.494],[168.117,-21.486],[168.121,-21.465],[168.133,-21.452],[168.133,-21.446],[168.116,-21.435],[168.102,-21.446],[168.083,-21.455],[168.053,-21.455],[168.041,-21.463],[168.03,-21.467],[168.023,-21.463],[168,-21.458],[167.983,-21.44],[167.964,-21.408],[167.958,-21.404],[167.953,-21.388],[167.958,-21.376],[167.965,-21.367],[167.978,-21.359],[167.977,-21.349],[167.97,-21.349],[167.958,-21.367],[167.946,-21.368],[167.925,-21.375],[167.921,-21.381],[167.903,-21.38],[167.899,-21.382],[167.896,-21.399],[167.886,-21.403],[167.874,-21.4],[167.866,-21.393],[167.856,-21.388],[167.839,-21.375],[167.823,-21.374],[167.8,-21.381],[167.804,-21.389],[167.808,-21.406],[167.819,-21.413],[167.83,-21.425],[167.839,-21.452],[167.835,-21.479],[167.836,-21.493],[167.841,-21.496],[167.845,-21.51],[167.854,-21.527],[167.865,-21.533],[167.871,-21.544],[167.879,-21.551],[167.874,-21.571],[167.865,-21.575],[167.86,-21.588],[167.853,-21.59],[167.845,-21.598],[167.853,-21.602],[167.863,-21.599],[167.881,-21.601],[167.908,-21.597],[167.935,-21.605],[167.945,-21.602],[167.953,-21.617],[167.945,-21.631],[167.954,-21.637],[167.958,-21.649],[167.973,-21.652],[167.984,-21.657],[167.998,-21.655],[168.006,-21.659],[168.021,-21.658],[168.026,-21.66],[168.039,-21.659],[168.043,-21.647],[168.055,-21.64],[168.067,-21.643],[168.078,-21.634],[168.089,-21.63],[168.106,-21.631],[168.116,-21.627],[168.116,-21.617],[168.108,-21.589],[168.107,-21.568],[168.112,-21.55]]},"properties":{"fid":31,"name":"Maré","desc":"name=Maré\nname:be=Марэ\nname:en=Maré Island\nname:fr=Maré\nplace=island\ntype=multipolygon\nwikidata=Q9729","country":"New Caledonia"}},
{"type":"Feature","geometry":{"type":"LineString","coordinates":[[166.462,-20.71],[166.453,-20.711],[166.433,-20.719],[166.412,-20.722],[166.393,-20.715],[166.389,-20.719],[166.402,-20.725],[166.416,-20.735],[166.427,-20.728],[166.445,-20.727],[166.453,-20.717],[166.462,-20.71]]},"properties":{"fid":32,"name":"Mouly","desc":"name=Mouly\nname:en=Mouly Island\nplace=island\ntype=multipolygon\nwikidata=Q9009639","country":"New Caledonia"}},
{"type":"Feature","geometry":{"type":"LineString","coordinates":[[167.825,-21.099],[167.821,-21.091],[167.807,-21.085],[167.794,-21.091],[167.801,-21.105],[167.818,-21.121],[167.821,-21.129],[167.835,-21.125],[167.84,-21.119],[167.832,-21.112],[167.825,-21.099]]},"properties":{"fid":33,"name":"Tiga","desc":"boundary=land_area\nloc_name=Tokanod\nname=Tiga\nname:be=Тыга\nname:fr=Tiga\nplace=island\ntype=boundary\nwikidata=Q2094900\nwikipedia=fr:Tiga (Nouvelle-Calédonie)","country":"New Caledonia"}},
{"type":"Feature","geometry":{"type":"LineString","coordinates":[[166.832,-22.452],[166.832,-22.447],[166.817,-22.446],[166.808,-22.448],[166.8,-22.441],[166.802,-22.436],[166.82,-22.439],[166.823,-22.432],[166.832,-22.429],[166.843,-22.433],[166.842,-22.421],[166.848,-22.415],[166.839,-22.398],[166.832,-22.398],[166.818,-22.393],[166.808,-22.395],[166.803,-22.408],[166.797,-22.407],[166.786,-22.399],[166.777,-22.408],[166.785,-22.418],[166.785,-22.433],[166.776,-22.438],[166.775,-22.445],[166.781,-22.458],[166.793,-22.463],[166.803,-22.461],[166.81,-22.468],[166.818,-22.466],[166.832,-22.452]]},"properties":{"fid":41,"name":"Île Ouen","desc":"name=Île Ouen\nplace=island\ntype=multipolygon\nwikidata=Q3593160","country":"New Caledonia"}},
{"type":"Feature","geometry":{"type":"MultiLineString","coordinates":[[[-180,-16.793],[-180,-16.794],[-180,-16.795],[-180,-16.797],[-180,-16.818],[-180,-16.839],[-180,-16.86],[-180,-16.881],[-180,-16.903],[-180,-16.924],[-180,-16.945],[-180,-16.967],[-179.994,-16.961],[-179.989,-16.949],[-179.978,-16.941],[-179.966,-16.928],[-179.961,-16.927],[-179.948,-16.913],[-179.931,-16.906],[-179.91,-16.88],[-179.901,-16.872],[-179.888,-16.871],[-179.879,-16.872],[-179.882,-16.861],[-179.876,-16.848],[-179.877,-16.841],[-179.871,-16.835],[-179.871,-16.825],[-179.864,-16.817],[-179.846,-16.809],[-179.851,-16.803],[-179.851,-16.795],[-179.841,-16.788],[-179.834,-16.79],[-179.826,-16.786],[-179.836,-16.772],[-179.847,-16.77],[-179.852,-16.76],[-179.858,-16.757],[-179.862,-16.749],[-179.857,-16.738],[-179.856,-16.729],[-179.862,-16.718],[-179.866,-16.703],[-179.864,-16.699],[-179.871,-16.691],[-179.881,-16.686],[-179.895,-16.696],[-179.905,-16.698],[-179.914,-16.708],[-179.933,-16.72],[-179.942,-16.733],[-179.949,-16.739],[-179.951,-16.747],[-179.957,-16.753],[-179.97,-16.771],[-179.984,-16.777],[-179.986,-16.786],[-180,-16.793]],[[180,-16.967],[180,-16.945],[180,-16.924],[180,-16.903],[180,-16.882],[180,-16.86],[180,-16.839],[180,-16.818],[180,-16.797],[180,-16.795],[180,-16.794],[180,-16.793],[179.991,-16.801],[179.981,-16.82],[179.969,-16.836],[179.969,-16.848],[179.959,-16.871],[179.958,-16.88],[179.949,-16.893],[179.941,-16.9],[179.922,-16.909],[179.921,-16.918],[179.9,-16.937],[179.894,-16.94],[179.887,-16.953],[179.888,-16.964],[179.892,-16.971],[179.905,-16.979],[179.906,-16.998],[179.91,-17.008],[179.924,-17.012],[179.931,-17.004],[179.944,-16.997],[179.968,-16.993],[179.977,-16.986],[179.989,-16.983],[179.996,-16.975],[180,-16.967]]]},"properties":{"fid":43,"name":"Taveuni","desc":"name=Taveuni\nplace=island\ntype=multipolygon\nwikidata=Q1138545","country":"Fiji"}},
{"type":"Feature","geometry":{"type":"LineString","coordinates":[[178.742,-17.778],[178.759,-17.788],[178.765,-17.786],[178.773,-17.776],[178.773,-17.769],[178.759,-17.765],[178.743,-17.746],[178.737,-17.744],[178.728,-17.734],[178.722,-17.716],[178.716,-17.711],[178.715,-17.729],[178.722,-17.734],[178.733,-17.748],[178.73,-17.758],[178.735,-17.769],[178.742,-17.778]]},"properties":{"fid":44,"name":"Moturiki","desc":"name=Moturiki\nplace=island\ntype=multipolygon","country":"Fiji"}},
{"type":"Feature","geometry":{"type":"LineString","coordinates":[[178.752,-17.708],[178.751,-17.718],[178.759,-17.733],[178.766,-17.733],[178.775,-17.745],[178.791,-17.739],[178.792,-17.729],[178.8,-17.728],[178.807,-17.737],[178.817,-17.731],[178.821,-17.732],[178.827,-17.719],[178.834,-17.717],[178.834,-17.704],[178.838,-17.693],[178.829,-17.662],[178.827,-17.649],[178.817,-17.638],[178.816,-17.626],[178.798,-17.619],[178.781,-17.619],[178.764,-17.628],[178.755,-17.642],[178.748,-17.642],[178.746,-17.656],[178.737,-17.663],[178.739,-17.674],[178.745,-17.683],[178.746,-17.707],[178.752,-17.708]]},"properties":{"fid":45,"name":"Ovalau","desc":"name=Ovalau\nname:ru=Овалау\nplace=island\ntype=multipolygon","country":"Fiji"}},
{"type":"Feature","geometry":{"type":"LineString","coordinates":[[178.678,-17.584],[178.685,-17.574],[178.681,-17.571],[178.671,-17.574],[178.666,-17.583],[178.675,-17.589],[178.678,-17.584]]},"properties":{"fid":46,"name":"Naigani","desc":"name=Naigani\nplace=island\ntype=multipolygon\nwikidata=Q3566135","country":"Fiji"}},
{"type":"Feature","geometry":{"type":"LineString","coordinates":[[179.363,-17.272],[179.36,-17.28],[179.363,-17.3],[179.37,-17.316],[179.369,-17.33],[179.375,-17.347],[179.379,-17.367],[179.372,-17.392],[179.385,-17.395],[179.392,-17.388],[179.407,-17.378],[179.414,-17.376],[179.42,-17.366],[179.419,-17.359],[179.428,-17.349],[179.435,-17.332],[179.434,-17.325],[179.443,-17.316],[179.44,-17.308],[179.44,-17.293],[179.434,-17.278],[179.437,-17.255],[179.431,-17.244],[179.404,-17.244],[179.376,-17.253],[179.368,-17.252],[179.358,-17.261],[179.347,-17.259],[179.356,-17.272],[179.363,-17.272]]},"properties":{"fid":47,"name":"Koro Island","desc":"name=Koro Island\nplace=island\ntype=multipolygon\nwikidata=Q1510685","country":"Fiji"}},
{"type":"Feature","geometry":{"type":"LineString","coordinates":[[179.361,-18.076],[179.364,-18.07],[179.362,-18.062],[179.353,-18.055],[179.351,-18.04],[179.354,-18.033],[179.348,-18.011],[179.342,-18.008],[179.341,-17.995],[179.329,-17.984],[179.318,-17.967],[179.315,-17.955],[179.305,-17.943],[179.3,-17.939],[179.281,-17.939],[179.266,-17.948],[179.256,-17.959],[179.242,-17.958],[179.242,-17.963],[179.251,-17.969],[179.252,-17.988],[179.237,-17.998],[179.236,-18.015],[179.242,-18.022],[179.243,-18.036],[179.25,-18.039],[179.258,-18.035],[179.252,-18.027],[179.251,-18.015],[179.273,-18.027],[179.276,-18.038],[179.305,-18.058],[179.308,-18.067],[179.309,-18.084],[179.317,-18.099],[179.329,-18.115],[179.344,-18.118],[179.351,-18.116],[179.365,-18.099],[179.366,-18.088],[179.361,-18.076]]},"properties":{"fid":48,"name":"Gau","desc":"name=Gau\nplace=island\ntype=multipolygon\nwikidata=Q48317","country":"Fiji"}},
{"type":"Feature","geometry":{"type":"LineString","coordinates":[[179.147,-17.785],[179.143,-17.793],[179.148,-17.804],[179.159,-17.799],[179.168,-17.802],[179.176,-17.791],[179.175,-17.784],[179.169,-17.781],[179.16,-17.771],[179.149,-17.769],[179.137,-17.774],[179.137,-17.781],[179.147,-17.785]]},"properties":{"fid":49,"name":"Batiki","desc":"name=Batiki\nplace=island\ntype=multipolygon","country":"Fiji"}},
{"type":"Feature","geometry":{"type":"LineString","coordinates":[[179.833,-18.601],[179.841,-18.609],[179.851,-18.611],[179.852,-18.617],[179.871,-18.631],[179.866,-18.636],[179.878,-18.646],[179.877,-18.651],[179.883,-18.661],[179.89,-18.664],[179.9,-18.656],[179.902,-18.637],[179.912,-18.631],[179.919,-18.623],[179.918,-18.61],[179.906,-18.615],[179.899,-18.621],[179.89,-18.618],[179.887,-18.61],[179.917,-18.592],[179.915,-18.584],[179.925,-18.586],[179.944,-18.582],[179.952,-18.574],[179.951,-18.564],[179.942,-18.559],[179.927,-18.558],[179.906,-18.561],[179.886,-18.568],[179.865,-18.57],[179.855,-18.579],[179.849,-18.58],[179.842,-18.587],[179.833,-18.587],[179.829,-18.593],[179.833,-18.601]]},"properties":{"fid":50,"name":"Moala","desc":"name=Moala\nname:ar=موالا\nname:ru=Моала\nplace=island\ntype=multipolygon\nwikidata=Q664031\nwikipedia=en:Moala Island","country":"Fiji"}},
{"type":"Feature","geometry":{"type":"MultiLineString","coordinates":[[[-178.42,-19.149],[-178.42,-19.162],[-178.398,-19.161],[-178.396,-19.153],[-178.396,-19.137],[-178.393,-19.132],[-178.398,-19.118],[-178.403,-19.117],[-178.412,-19.125],[-178.414,-19.152],[-178.42,-19.149]],[[-178.421,-19.152],[-178.432,-19.155],[-178.429,-19.175],[-178.424,-19.17],[-178.421,-19.152]]]},"properties":{"fid":51,"name":"Ogea Levu","desc":"name=Ogea Levu\nname:ru=Онгеа-леву\nplace=island\ntype=multipolygon\nwikidata=Q1583217\nwikipedia=en:Ogea Levu","country":null}},
{"type":"Feature","geometry":{"type":"LineString","coordinates":[[179.741,-19.169],[179.733,-19.177],[179.735,-19.187],[179.743,-19.19],[179.759,-19.193],[179.774,-19.184],[179.786,-19.169],[179.78,-19.148],[179.781,-19.135],[179.774,-19.128],[179.759,-19.123],[179.74,-19.127],[179.74,-19.14],[179.746,-19.152],[179.753,-19.151],[179.754,-19.164],[179.743,-19.157],[179.741,-19.169]]},"properties":{"fid":52,"name":"Matuku","desc":"name=Matuku\nname:ru=Матуку\nname:zh=馬圖庫島\nplace=island\ntype=multipolygon\nwikidata=Q1910831\nwikipedia=en:Matuku Island","country":"Fiji"}},
{"type":"Feature","geometry":{"type":"LineString","coordinates":[[178.149,-18.376],[178.147,-18.364],[178.138,-18.359],[178.121,-18.358],[178.115,-18.361],[178.102,-18.38],[178.099,-18.395],[178.107,-18.402],[178.102,-18.408],[178.092,-18.404],[178.089,-18.413],[178.092,-18.418],[178.111,-18.425],[178.128,-18.423],[178.134,-18.411],[178.14,-18.416],[178.146,-18.414],[178.144,-18.406],[178.15,-18.402],[178.165,-18.404],[178.169,-18.388],[178.161,-18.369],[178.153,-18.372],[178.156,-18.382],[178.153,-18.396],[178.146,-18.392],[178.151,-18.38],[178.149,-18.376]]},"properties":{"fid":53,"name":"Beqa","desc":"name=Beqa\nname:ru=Мбенга\nname:zh=貝卡島\nplace=island\ntype=multipolygon\nwikidata=Q48313\nwikipedia=en:Beqa","country":"Fiji"}},
{"type":"Feature","geometry":{"type":"LineString","coordinates":[[-178.976,-18.934],[-178.981,-18.949],[-178.979,-18.963],[-178.967,-18.984],[-178.955,-18.993],[-178.947,-18.992],[-178.934,-18.976],[-178.931,-18.965],[-178.931,-18.95],[-178.938,-18.929],[-178.949,-18.916],[-178.976,-18.934]]},"properties":{"fid":54,"name":"Kabara Island","desc":"name=Kabara Island\nname:ru=Камбара\nname:ta=கட்டற்ற\nplace=island\ntype=multipolygon\nwikidata=Q1307352\nwikipedia=en:Kabara","country":null}},
{"type":"Feature","geometry":{"type":"LineString","coordinates":[[-178.508,-18.67],[-178.502,-18.672],[-178.49,-18.657],[-178.489,-18.65],[-178.494,-18.638],[-178.503,-18.633],[-178.513,-18.634],[-178.522,-18.641],[-178.523,-18.658],[-178.508,-18.67]]},"properties":{"fid":55,"name":"Moce","desc":"name=Moce\nname:ru=Мозе\nname:zh=莫塞島\nplace=island\ntype=multipolygon","country":null}},
{"type":"Feature","geometry":{"type":"LineString","coordinates":[[-178.642,-18.841],[-178.664,-18.841],[-178.67,-18.843],[-178.669,-18.852],[-178.661,-18.854],[-178.647,-18.854],[-178.64,-18.858],[-178.63,-18.851],[-178.619,-18.861],[-178.602,-18.853],[-178.599,-18.846],[-178.617,-18.842],[-178.642,-18.841]]},"properties":{"fid":57,"name":"Namuka-i-Lau","desc":"name=Namuka-i-Lau\nname:ru=Намука-и-лау\nplace=island\ntype=multipolygon","country":null}},
{"type":"Feature","geometry":{"type":"LineString","coordinates":[[-178.485,-18.447],[-178.476,-18.448],[-178.466,-18.439],[-178.456,-18.435],[-178.467,-18.428],[-178.476,-18.434],[-178.489,-18.439],[-178.485,-18.447]]},"properties":{"fid":58,"name":"Oneata Island","desc":"name=Oneata Island\nplace=island\ntype=multipolygon","country":null}},
{"type":"Feature","geometry":{"type":"LineString","coordinates":[[-179.28,-18.364],[-179.28,-18.377],[-179.274,-18.382],[-179.263,-18.38],[-179.261,-18.369],[-179.264,-18.363],[-179.275,-18.361],[-179.28,-18.364]]},"properties":{"fid":59,"name":"Vanua Vatu","desc":"name=Vanua Vatu\nname:ru=Вануа-вату\nname:zh=瓦努阿圖瓦圖島\nplace=island\ntype=multipolygon","country":null}},
{"type":"Feature","geometry":{"type":"LineString","coordinates":[[-178.826,-17.685],[-178.818,-17.695],[-178.806,-17.698],[-178.802,-17.688],[-178.808,-17.672],[-178.806,-17.662],[-178.816,-17.654],[-178.832,-17.654],[-178.84,-17.664],[-178.835,-17.679],[-178.826,-17.685]]},"properties":{"fid":62,"name":"Tuvuca","desc":"name=Tuvuca\nname:ru=Тувуза\nname:zh=圖武卡島\nplace=island\ntype=multipolygon\nwikidata=Q1165534\nwikipedia=en:Tuvuca","country":null}},
{"type":"Feature","geometry":{"type":"LineString","coordinates":[[-179.144,-17.249],[-179.161,-17.247],[-179.168,-17.252],[-179.17,-17.263],[-179.168,-17.271],[-179.16,-17.281],[-179.142,-17.284],[-179.13,-17.271],[-179.134,-17.257],[-179.144,-17.249]]},"properties":{"fid":63,"name":"Kanacea Island","desc":"name=Kanacea Island\nplace=island\ntype=multipolygon","country":null}},
{"type":"Feature","geometry":{"type":"LineString","coordinates":[[-178.99,-17.327],[-178.989,-17.335],[-178.982,-17.347],[-178.977,-17.344],[-178.986,-17.326],[-178.99,-17.327]]},"properties":{"fid":64,"name":"Namalata Island","desc":"name=Namalata Island\nplace=island\ntype=multipolygon","country":null}},
{"type":"Feature","geometry":{"type":"LineString","coordinates":[[-178.803,-18.258],[-178.788,-18.249],[-178.782,-18.239],[-178.759,-18.234],[-178.751,-18.226],[-178.744,-18.213],[-178.736,-18.21],[-178.743,-18.202],[-178.75,-18.202],[-178.749,-18.193],[-178.76,-18.184],[-178.771,-18.185],[-178.78,-18.179],[-178.798,-18.177],[-178.814,-18.178],[-178.833,-18.189],[-178.833,-18.204],[-178.84,-18.217],[-178.827,-18.231],[-178.808,-18.238],[-178.803,-18.248],[-178.803,-18.258]]},"properties":{"fid":65,"name":"Lakeba Island","desc":"name=Lakeba Island\nname:ru=Лакемба\nname:zh=拉肯巴島\nplace=island\ntype=multipolygon\nwikidata=Q1725479\nwikipedia=en:Lakeba","country":null}},
{"type":"Feature","geometry":{"type":"LineString","coordinates":[[-178.598,-19.123],[-178.592,-19.113],[-178.579,-19.105],[-178.59,-19.099],[-178.597,-19.114],[-178.601,-19.116],[-178.609,-19.127],[-178.612,-19.136],[-178.61,-19.153],[-178.601,-19.158],[-178.59,-19.153],[-178.575,-19.151],[-178.567,-19.172],[-178.56,-19.175],[-178.553,-19.172],[-178.548,-19.162],[-178.557,-19.161],[-178.569,-19.15],[-178.566,-19.145],[-178.589,-19.139],[-178.594,-19.144],[-178.601,-19.136],[-178.598,-19.123]]},"properties":{"fid":66,"name":"Fulaga","desc":"name=Fulaga\nname:ru=Фуланга\nplace=island\ntype=multipolygon\nwikidata=Q48311\nwikipedia=en:Fulaga","country":null}},
{"type":"Feature","geometry":{"type":"LineString","coordinates":[[-178.428,-19.2],[-178.432,-19.209],[-178.423,-19.216],[-178.416,-19.212],[-178.404,-19.211],[-178.402,-19.201],[-178.407,-19.198],[-178.428,-19.2]]},"properties":{"fid":67,"name":"Ogea Driki","desc":"name=Ogea Driki\nname:ru=Онгеа-ндрики\nplace=island\ntype=multipolygon\nwikidata=Q7079983\nwikipedia=en:Ogea Driki","country":null}},
{"type":"Feature","geometry":{"type":"LineString","coordinates":[[-179.857,-18.938],[-179.847,-18.94],[-179.84,-18.937],[-179.829,-18.937],[-179.82,-18.953],[-179.825,-18.96],[-179.823,-18.966],[-179.826,-18.979],[-179.808,-18.975],[-179.8,-18.962],[-179.792,-18.955],[-179.8,-18.936],[-179.81,-18.928],[-179.832,-18.923],[-179.847,-18.926],[-179.865,-18.916],[-179.868,-18.928],[-179.874,-18.931],[-179.873,-18.94],[-179.883,-18.949],[-179.882,-18.972],[-179.886,-18.996],[-179.882,-19.002],[-179.872,-18.997],[-179.866,-18.991],[-179.874,-18.977],[-179.875,-18.966],[-179.867,-18.947],[-179.857,-18.938]]},"properties":{"fid":69,"name":"Totoya Island","desc":"name=Totoya Island\nname:ru=Тотоя\nplace=island\ntype=multipolygon","country":null}},
{"type":"Feature","geometry":{"type":"LineString","coordinates":[[-178.257,-19.83],[-178.255,-19.833],[-178.24,-19.824],[-178.23,-19.812],[-178.231,-19.804],[-178.239,-19.805],[-178.251,-19.816],[-178.257,-19.83]]},"properties":{"fid":71,"name":"Vatoa","desc":"alt_name=Turtle Island\nalt_name:ru=остров Черепахи\nname=Vatoa\nname:ru=Ватоа\nname:zh=瓦托阿島\nplace=island\ntype=multipolygon\nwikidata=Q2268568\nwikipedia=en:Vatoa","country":null}},
{"type":"Feature","geometry":{"type":"LineString","coordinates":[[-179.477,-17.265],[-179.478,-17.262],[-179.493,-17.247],[-179.497,-17.251],[-179.488,-17.259],[-179.477,-17.265]]},"properties":{"fid":72,"name":"Kaibu","desc":"name=Kaibu\nplace=island\ntype=multipolygon","country":null}},
{"type":"Feature","geometry":{"type":"MultiLineString","coordinates":[[[-178.724,-20.636],[-178.718,-20.641],[-178.704,-20.646],[-178.712,-20.631],[-178.724,-20.636]],[[-178.72,-20.669],[-178.716,-20.657],[-178.73,-20.659],[-178.736,-20.657],[-178.735,-20.648],[-178.731,-20.64],[-178.735,-20.635],[-178.744,-20.638],[-178.75,-20.657],[-178.746,-20.666],[-178.731,-20.671],[-178.72,-20.669]]]},"properties":{"fid":73,"name":"Ono-i-Lau","desc":"name=Ono-i-Lau\nname:ru=Оно-и-лау\nplace=island\ntype=multipolygon\nwikidata=Q1858116\nwikipedia=de:Ono-i-Lau","country":null}},
{"type":"Feature","geometry":{"type":"LineString","coordinates":[[-179.506,-17.258],[-179.507,-17.25],[-179.526,-17.245],[-179.539,-17.248],[-179.547,-17.256],[-179.53,-17.269],[-179.518,-17.27],[-179.508,-17.265],[-179.506,-17.258]]},"properties":{"fid":74,"name":"Yacata","desc":"name=Yacata\nplace=island\ntype=multipolygon","country":null}},
{"type":"Feature","geometry":{"type":"LineString","coordinates":[[-179.295,-17.015],[-179.291,-17.025],[-179.276,-17.03],[-179.259,-17.014],[-179.266,-17.009],[-179.274,-17.012],[-179.289,-17.004],[-179.293,-17.006],[-179.295,-17.015]]},"properties":{"fid":76,"name":"Naitaba","desc":"name=Naitaba\nplace=island\ntype=multipolygon\nwikidata=Q10981157","country":null}},
{"type":"Feature","geometry":{"type":"LineString","coordinates":[[-178.457,-18.952],[-178.447,-18.95],[-178.441,-18.937],[-178.443,-18.931],[-178.453,-18.939],[-178.457,-18.952]]},"properties":{"fid":78,"name":"Yagasa Levu","desc":"name=Yagasa Levu\nnatural=wood\nplace=island\ntype=multipolygon","country":null}},
{"type":"Feature","geometry":{"type":"LineString","coordinates":[[-169.913,-19.113],[-169.913,-19.127],[-169.922,-19.134],[-169.915,-19.139],[-169.906,-19.137],[-169.891,-19.145],[-169.884,-19.153],[-169.875,-19.155],[-169.864,-19.15],[-169.844,-19.147],[-169.829,-19.125],[-169.814,-19.113],[-169.797,-19.098],[-169.78,-19.074],[-169.775,-19.064],[-169.776,-19.056],[-169.782,-19.047],[-169.795,-19.02],[-169.794,-19.009],[-169.799,-19],[-169.803,-18.985],[-169.803,-18.972],[-169.808,-18.963],[-169.821,-18.958],[-169.845,-18.953],[-169.877,-18.959],[-169.895,-18.972],[-169.907,-18.993],[-169.922,-19.008],[-169.924,-19.013],[-169.917,-19.041],[-169.92,-19.053],[-169.95,-19.074],[-169.941,-19.088],[-169.918,-19.106],[-169.913,-19.113]]},"properties":{"fid":80,"name":"Niuē","desc":"name=Niuē\nname:de=Niue\nname:en=Niue\nname:fr=Niue\nname:hr=Niue\nname:ja=ニウエ\nplace=island\ntype=multipolygon","country":"Niue"}},
{"type":"Feature","geometry":{"type":"LineString","coordinates":[[166.295,-10.273],[166.305,-10.264],[166.309,-10.246],[166.315,-10.225],[166.308,-10.23],[166.303,-10.247],[166.302,-10.26],[166.295,-10.273]]},"properties":{"fid":92,"name":"Nibanga Temau","desc":"alt_name=Fenuola\nname=Nibanga Temau\nplace=island\ntype=multipolygon\nwikidata=Q4482654\nwikimedia_commons=Category:Fenualoa\nwikipedia=en:Fenualoa","country":"Solomon Islands"}},
{"type":"Feature","geometry":{"type":"LineString","coordinates":[[166.35,-10.279],[166.361,-10.273],[166.361,-10.267],[166.346,-10.262],[166.334,-10.264],[166.306,-10.274],[166.316,-10.282],[166.31,-10.295],[166.331,-10.294],[166.35,-10.279]]},"properties":{"fid":93,"name":"Lomlom","desc":"name=Lomlom\nplace=island\ntype=multipolygon\nwikidata=Q4892199\nwikipedia=en:Lomlom","country":"Solomon Islands"}},
{"type":"Feature","geometry":null,"properties":{"fid":96,"name":"Cabras Island","desc":"name=Cabras Island\nname:en=Cabras Island\nname:ja=カブラス島\nplace=island\ntype=multipolygon\nwikidata=Q2876899","country":"Guam"}},
{"type":"Feature","geometry":{"type":"LineString","coordinates":[[157.159,-7.893],[157.154,-7.89],[157.141,-7.875],[157.129,-7.87],[157.128,-7.865],[157.114,-7.851],[157.096,-7.845],[157.074,-7.842],[157.065,-7.847],[157.023,-7.857],[157.02,-7.863],[156.999,-7.87],[156.989,-7.879],[156.979,-7.885],[156.975,-7.895],[156.965,-7.901],[156.959,-7.907],[156.961,-7.912],[156.953,-7.918],[156.947,-7.934],[156.947,-7.951],[156.939,-7.961],[156.941,-7.965],[156.938,-7.979],[156.944,-7.992],[156.949,-7.995],[156.949,-8.006],[156.944,-8.014],[156.945,-8.025],[156.958,-8.035],[156.961,-8.052],[156.978,-8.076],[157.011,-8.103],[157.029,-8.109],[157.032,-8.112],[157.049,-8.114],[157.057,-8.118],[157.069,-8.12],[157.089,-8.114],[157.105,-8.122],[157.112,-8.122],[157.126,-8.137],[157.135,-8.135],[157.149,-8.138],[157.156,-8.135],[157.166,-8.122],[157.175,-8.107],[157.181,-8.106],[157.179,-8.087],[157.183,-8.079],[157.194,-8.068],[157.191,-8.057],[157.198,-8.056],[157.191,-8.044],[157.186,-8.022],[157.186,-8.011],[157.191,-8],[157.193,-7.99],[157.191,-7.968],[157.186,-7.947],[157.181,-7.942],[157.181,-7.93],[157.176,-7.918],[157.159,-7.893]]},"properties":{"fid":97,"name":"Kolombangara","desc":"name=Kolombangara\nplace=island\ntype=multipolygon\nwikidata=Q542053\nwikipedia=en:Kolombangara","country":"Solomon Islands"}},
{"type":"Feature","geometry":{"type":"LineString","coordinates":[[156.514,-8.297],[156.516,-8.307],[156.529,-8.31],[156.529,-8.292],[156.537,-8.283],[156.542,-8.281],[156.55,-8.27],[156.545,-8.261],[156.545,-8.253],[156.537,-8.244],[156.526,-8.258],[156.531,-8.27],[156.52,-8.292],[156.514,-8.297]]},"properties":{"fid":98,"name":"Simbo","desc":"alt_name=Eddystone Island\nloc_name=Mandegugusu\nname=Simbo\nplace=island\ntype=multipolygon\nwikidata=Q588031\nwikipedia=en:Simbo","country":"Solomon Islands"}},
{"type":"Feature","geometry":{"type":"LineString","coordinates":[[-179.03,-17.981],[-179.038,-17.964],[-179.047,-17.959],[-179.063,-17.953],[-179.072,-17.959],[-179.078,-17.97],[-179.072,-17.983],[-179.059,-17.993],[-179.054,-18.001],[-179.032,-18.001],[-179.03,-17.981]]},"properties":{"fid":106,"name":"Nayau Island","desc":"name=Nayau Island\nname:ru=На-иау\nname:zh=納亞烏島\nplace=island\ntype=multipolygon\nwikidata=Q2577833","country":null}},
{"type":"Feature","geometry":{"type":"LineString","coordinates":[[-174.641,-18.786],[-174.66,-18.785],[-174.664,-18.788],[-174.67,-18.802],[-174.66,-18.817],[-174.65,-18.826],[-174.634,-18.825],[-174.63,-18.821],[-174.619,-18.802],[-174.629,-18.792],[-174.641,-18.786]]},"properties":{"fid":108,"name":"Late","desc":"name=Late\nname:de=Late\nname:ru=Лате\nname:sk=Late\nplace=island\ntype=multipolygon\nwikidata=Q1550157\nwikipedia=en:Late (Tonga)","country":"Tonga"}},
{"type":"Feature","geometry":{"type":"LineString","coordinates":[[166.564,-11.25],[166.549,-11.256],[166.547,-11.247],[166.558,-11.245],[166.569,-11.236],[166.567,-11.232],[166.555,-11.233],[166.555,-11.223],[166.543,-11.219],[166.529,-11.22],[166.529,-11.213],[166.523,-11.209],[166.517,-11.216],[166.52,-11.224],[166.511,-11.226],[166.51,-11.211],[166.499,-11.214],[166.496,-11.225],[166.487,-11.237],[166.48,-11.238],[166.478,-11.25],[166.486,-11.251],[166.488,-11.256],[166.48,-11.263],[166.484,-11.276],[166.489,-11.276],[166.503,-11.266],[166.508,-11.265],[166.516,-11.249],[166.526,-11.257],[166.523,-11.263],[166.531,-11.268],[166.528,-11.275],[166.514,-11.272],[166.494,-11.294],[166.503,-11.304],[166.516,-11.309],[166.526,-11.303],[166.528,-11.311],[166.537,-11.31],[166.539,-11.298],[166.548,-11.302],[166.566,-11.288],[166.569,-11.28],[166.548,-11.285],[166.537,-11.276],[166.54,-11.267],[166.551,-11.27],[166.563,-11.266],[166.573,-11.26],[166.576,-11.251],[166.564,-11.25]]},"properties":{"fid":109,"name":"Utupua","desc":"name=Utupua\nplace=island\ntype=multipolygon\nwikidata=Q2081472","country":"Solomon Islands"}},
{"type":"Feature","geometry":{"type":"MultiLineString","coordinates":[[[145.006,-7.84],[145.028,-7.844],[145.043,-7.849]],[[145.043,-7.849],[145.056,-7.849],[145.065,-7.845],[145.08,-7.829],[145.081,-7.826],[145.098,-7.811],[145.1,-7.801],[145.085,-7.789],[145.071,-7.772],[145.059,-7.767],[145.05,-7.755],[145.052,-7.748],[145.064,-7.742],[145.069,-7.751],[145.064,-7.763],[145.07,-7.768],[145.083,-7.771],[145.098,-7.783],[145.107,-7.804],[145.105,-7.816],[145.122,-7.823],[145.139,-7.826],[145.152,-7.831],[145.177,-7.825],[145.178,-7.811],[145.19,-7.798],[145.197,-7.802],[145.199,-7.812],[145.213,-7.824],[145.215,-7.837],[145.223,-7.841],[145.228,-7.859],[145.232,-7.86],[145.274,-7.853],[145.298,-7.853],[145.318,-7.856],[145.342,-7.863],[145.349,-7.869],[145.358,-7.88],[145.369,-7.897],[145.39,-7.915],[145.393,-7.929],[145.412,-7.949],[145.448,-7.95],[145.501,-7.945],[145.519,-7.945],[145.543,-7.943],[145.585,-7.937],[145.622,-7.936],[145.644,-7.943],[145.652,-7.956],[145.714,-7.958],[145.72,-7.958],[145.758,-7.948],[145.75,-7.939],[145.741,-7.939],[145.731,-7.947],[145.726,-7.938],[145.738,-7.931],[145.746,-7.933],[145.758,-7.939],[145.769,-7.94],[145.791,-7.914],[145.793,-7.926],[145.799,-7.931],[145.785,-7.935],[145.79,-7.944],[145.785,-7.955],[145.76,-7.96],[145.775,-7.969],[145.789,-7.994],[145.795,-7.997],[145.812,-8.017],[145.827,-8.03],[145.847,-8.038],[145.972,-8.053],[146.005,-8.058],[146.026,-8.065],[146.044,-8.076],[146.074,-8.098],[146.073,-8.113],[146.094,-8.136],[146.107,-8.124],[146.129,-8.136],[146.136,-8.134],[146.14,-8.141],[146.154,-8.148],[146.162,-8.155],[146.162,-8.168],[146.167,-8.176],[146.16,-8.187],[146.169,-8.187],[146.171,-8.193],[146.168,-8.199],[146.169,-8.213],[146.156,-8.229],[146.179,-8.233],[146.194,-8.237],[146.221,-8.254],[146.228,-8.261],[146.24,-8.268],[146.25,-8.29],[146.263,-8.296],[146.282,-8.31],[146.277,-8.318],[146.27,-8.31],[146.271,-8.305],[146.261,-8.298],[146.244,-8.294],[146.245,-8.308],[146.249,-8.32],[146.261,-8.331],[146.271,-8.365],[146.269,-8.377],[146.268,-8.405],[146.271,-8.412],[146.281,-8.42],[146.29,-8.45],[146.303,-8.478],[146.317,-8.494],[146.327,-8.513],[146.338,-8.53],[146.34,-8.537],[146.349,-8.548],[146.388,-8.593],[146.422,-8.607],[146.438,-8.618],[146.463,-8.647],[146.47,-8.657],[146.489,-8.679],[146.492,-8.687],[146.489,-8.696],[146.493,-8.702],[146.51,-8.709],[146.525,-8.72],[146.535,-8.758],[146.543,-8.764],[146.543,-8.769],[146.554,-8.77],[146.565,-8.777],[146.568,-8.797],[146.572,-8.801],[146.566,-8.815],[146.59,-8.819],[146.597,-8.813],[146.602,-8.814],[146.603,-8.837],[146.599,-8.843],[146.591,-8.846],[146.587,-8.858],[146.568,-8.852],[146.562,-8.854],[146.562,-8.862],[146.559,-8.873],[146.553,-8.873],[146.548,-8.885],[146.558,-8.895],[146.565,-8.911],[146.571,-8.914],[146.573,-8.923],[146.571,-8.938],[146.566,-8.944],[146.572,-8.954],[146.585,-8.97],[146.588,-8.985],[146.593,-8.997],[146.607,-9.001],[146.616,-9.014],[146.626,-9.017],[146.628,-9.025],[146.638,-9.029],[146.673,-9.033],[146.698,-9.043],[146.715,-9.043],[146.733,-9.05],[146.74,-9.049],[146.749,-9.055],[146.767,-9.052],[146.784,-9.056],[146.798,-9.063],[146.817,-9.076],[146.824,-9.088],[146.829,-9.092],[146.84,-9.094],[146.863,-9.107],[146.886,-9.114],[146.903,-9.113],[146.917,-9.103],[146.927,-9.105],[146.942,-9.095],[146.953,-9.08],[146.963,-9.06],[146.957,-9.046],[146.964,-9.035],[146.976,-9.048],[146.979,-9.044],[146.988,-9.051],[146.972,-9.063],[146.976,-9.069],[146.966,-9.075],[146.963,-9.092],[146.947,-9.107],[146.928,-9.116],[146.938,-9.139],[146.946,-9.142],[146.941,-9.154],[146.934,-9.147],[146.918,-9.151],[146.916,-9.161],[146.908,-9.165],[146.906,-9.193],[146.902,-9.216],[146.91,-9.242],[146.923,-9.249],[146.926,-9.24],[146.937,-9.245],[146.931,-9.255],[146.924,-9.25],[146.916,-9.252],[146.911,-9.267],[146.903,-9.264],[146.9,-9.269],[146.918,-9.28],[146.926,-9.282],[146.932,-9.267],[146.936,-9.27],[146.953,-9.27],[146.975,-9.28],[146.989,-9.288],[146.99,-9.295],[147,-9.306],[147.003,-9.341],[147.009,-9.352],[147.008,-9.376],[147.014,-9.39],[147.03,-9.391],[147.041,-9.408],[147.041,-9.42],[147.056,-9.433],[147.062,-9.447],[147.076,-9.468],[147.078,-9.461],[147.085,-9.463],[147.093,-9.461],[147.096,-9.468],[147.094,-9.479],[147.113,-9.476],[147.118,-9.464],[147.112,-9.441],[147.102,-9.44],[147.104,-9.447],[147.1,-9.452],[147.092,-9.445],[147.095,-9.437],[147.082,-9.429],[147.084,-9.423],[147.099,-9.421],[147.103,-9.428],[147.115,-9.428],[147.129,-9.419],[147.133,-9.425],[147.134,-9.436],[147.141,-9.44],[147.153,-9.455],[147.149,-9.476],[147.151,-9.482],[147.162,-9.479],[147.176,-9.482],[147.176,-9.488],[147.188,-9.503],[147.197,-9.496],[147.204,-9.5],[147.211,-9.51],[147.212,-9.516],[147.229,-9.526],[147.237,-9.529],[147.255,-9.529],[147.259,-9.521],[147.253,-9.513],[147.249,-9.501],[147.242,-9.486],[147.256,-9.482],[147.267,-9.491],[147.271,-9.505],[147.292,-9.499],[147.292,-9.507],[147.286,-9.516],[147.294,-9.524],[147.301,-9.523],[147.309,-9.537],[147.324,-9.536],[147.325,-9.542],[147.316,-9.558],[147.328,-9.561],[147.33,-9.567],[147.346,-9.571],[147.354,-9.581],[147.36,-9.58],[147.363,-9.588],[147.353,-9.59],[147.352,-9.598],[147.365,-9.608],[147.372,-9.622],[147.393,-9.638],[147.405,-9.656],[147.406,-9.669],[147.414,-9.684],[147.426,-9.699],[147.444,-9.714],[147.454,-9.718],[147.473,-9.736],[147.478,-9.738],[147.485,-9.754],[147.492,-9.76],[147.498,-9.773],[147.497,-9.786],[147.51,-9.799],[147.515,-9.806],[147.517,-9.825],[147.514,-9.846],[147.508,-9.859],[147.517,-9.874],[147.528,-9.876],[147.535,-9.882],[147.541,-9.897],[147.56,-9.907],[147.578,-9.925],[147.582,-9.933],[147.584,-9.946],[147.602,-9.965],[147.603,-9.968],[147.616,-9.978],[147.619,-9.983],[147.64,-9.995],[147.659,-9.994],[147.676,-10.009],[147.684,-10.008],[147.701,-10.012],[147.712,-10.024],[147.716,-10.047],[147.716,-10.065],[147.713,-10.075],[147.721,-10.083],[147.725,-10.093],[147.723,-10.099],[147.731,-10.103],[147.732,-10.089],[147.746,-10.069],[147.755,-10.062],[147.779,-10.054],[147.805,-10.054],[147.825,-10.058],[147.834,-10.065],[147.851,-10.084],[147.852,-10.069],[147.86,-10.052],[147.87,-10.041],[147.876,-10.038],[147.881,-10.045],[147.89,-10.05],[147.899,-10.065],[147.9,-10.073],[147.895,-10.083],[147.894,-10.092],[147.888,-10.098],[147.871,-10.095],[147.864,-10.1],[147.887,-10.102],[147.896,-10.095],[147.916,-10.093],[147.931,-10.095],[147.948,-10.112],[147.955,-10.136],[147.967,-10.143],[147.971,-10.148],[147.973,-10.162],[147.99,-10.163],[147.991,-10.159],[148.005,-10.16],[148.013,-10.144],[148.02,-10.136],[148.033,-10.13],[148.041,-10.135],[148.055,-10.139],[148.079,-10.135],[148.1,-10.135],[148.11,-10.133],[148.133,-10.12],[148.164,-10.097],[148.171,-10.087],[148.161,-10.073],[148.183,-10.063],[148.193,-10.053],[148.193,-10.045],[148.201,-10.034],[148.205,-10.023],[148.222,-10.018],[148.232,-10.018],[148.224,-10.028],[148.222,-10.04],[148.21,-10.058],[148.2,-10.061],[148.192,-10.059],[148.188,-10.067],[148.18,-10.072],[148.184,-10.083],[148.175,-10.089],[148.181,-10.102],[148.197,-10.1],[148.21,-10.093],[148.22,-10.094],[148.224,-10.103],[148.232,-10.103],[148.244,-10.113],[148.259,-10.112],[148.258,-10.123],[148.264,-10.127],[148.271,-10.137],[148.294,-10.13],[148.301,-10.126],[148.311,-10.128],[148.325,-10.133],[148.331,-10.141],[148.336,-10.154],[148.339,-10.172],[148.356,-10.187],[148.366,-10.183],[148.387,-10.187],[148.391,-10.19],[148.4,-10.207],[148.418,-10.2],[148.436,-10.197],[148.449,-10.199],[148.473,-10.203],[148.501,-10.199],[148.511,-10.198],[148.535,-10.188],[148.558,-10.181],[148.561,-10.171],[148.575,-10.178],[148.582,-10.187],[148.588,-10.183],[148.601,-10.185],[148.61,-10.178],[148.623,-10.183],[148.632,-10.181],[148.649,-10.192],[148.66,-10.185],[148.664,-10.18],[148.664,-10.171],[148.67,-10.17],[148.69,-10.162],[148.693,-10.154],[148.705,-10.14],[148.713,-10.149],[148.726,-10.146],[148.741,-10.165],[148.75,-10.157],[148.758,-10.158],[148.76,-10.152],[148.759,-10.14],[148.766,-10.135],[148.78,-10.136],[148.785,-10.145],[148.772,-10.153],[148.763,-10.164],[148.757,-10.165],[148.738,-10.174],[148.736,-10.181],[148.727,-10.192],[148.741,-10.192],[148.743,-10.202],[148.742,-10.212],[148.747,-10.233],[148.765,-10.229],[148.781,-10.233],[148.791,-10.241],[148.795,-10.249],[148.807,-10.24],[148.819,-10.237],[148.845,-10.237],[148.871,-10.235],[148.897,-10.237],[148.915,-10.243],[148.928,-10.249],[148.943,-10.261],[148.962,-10.286],[148.97,-10.286],[148.99,-10.267],[149.002,-10.259],[149.023,-10.248],[149.047,-10.239],[149.072,-10.235],[149.088,-10.235],[149.117,-10.237],[149.15,-10.243],[149.171,-10.248],[149.18,-10.255],[149.18,-10.262],[149.213,-10.269],[149.255,-10.286],[149.271,-10.295],[149.277,-10.301],[149.296,-10.3],[149.316,-10.307],[149.327,-10.313],[149.342,-10.301],[149.348,-10.289],[149.369,-10.28],[149.376,-10.286],[149.375,-10.292],[149.388,-10.299],[149.394,-10.292],[149.406,-10.294],[149.405,-10.305],[149.411,-10.314],[149.406,-10.318],[149.415,-10.328],[149.423,-10.313],[149.43,-10.313],[149.43,-10.324],[149.447,-10.331],[149.445,-10.339],[149.434,-10.342],[149.426,-10.349],[149.449,-10.354],[149.461,-10.359],[149.458,-10.337],[149.469,-10.33],[149.48,-10.334],[149.495,-10.344],[149.49,-10.358],[149.48,-10.364],[149.504,-10.366],[149.514,-10.369],[149.523,-10.368],[149.524,-10.359],[149.516,-10.357],[149.498,-10.361],[149.494,-10.357],[149.498,-10.35],[149.508,-10.347],[149.524,-10.348],[149.533,-10.362],[149.542,-10.364],[149.55,-10.352],[149.558,-10.348],[149.573,-10.344],[149.588,-10.343],[149.602,-10.351],[149.613,-10.347],[149.657,-10.342],[149.703,-10.342],[149.728,-10.343],[149.748,-10.346],[149.762,-10.351],[149.777,-10.364],[149.788,-10.363],[149.802,-10.369],[149.819,-10.382],[149.839,-10.389],[149.858,-10.406],[149.868,-10.407],[149.882,-10.426],[149.894,-10.45],[149.909,-10.471],[149.913,-10.483],[149.912,-10.495],[149.926,-10.495],[149.93,-10.477],[149.942,-10.443],[149.939,-10.436],[149.954,-10.43],[149.995,-10.449],[150.008,-10.458],[150.025,-10.465],[150.037,-10.457],[150.049,-10.455],[150.063,-10.466],[150.086,-10.461],[150.087,-10.453],[150.095,-10.444],[150.104,-10.443],[150.114,-10.453],[150.111,-10.464],[150.115,-10.473],[150.11,-10.476],[150.1,-10.475],[150.092,-10.479],[150.082,-10.479],[150.073,-10.474],[150.055,-10.473],[150.045,-10.487],[150.035,-10.503],[150.03,-10.5],[150.021,-10.512],[150.001,-10.52],[149.985,-10.522],[149.977,-10.525],[149.956,-10.511],[149.949,-10.515],[149.931,-10.515],[149.922,-10.521],[149.914,-10.521],[149.908,-10.516],[149.899,-10.502],[149.879,-10.507],[149.864,-10.522],[149.875,-10.524],[149.878,-10.52],[149.887,-10.522],[149.893,-10.516],[149.903,-10.52],[149.9,-10.53],[149.887,-10.531],[149.888,-10.541],[149.873,-10.54],[149.866,-10.551],[149.878,-10.554],[149.881,-10.565],[149.893,-10.561],[149.903,-10.565],[149.903,-10.556],[149.897,-10.555],[149.895,-10.547],[149.904,-10.542],[149.914,-10.546],[149.919,-10.554],[149.922,-10.573],[149.928,-10.571],[149.929,-10.56],[149.939,-10.558],[149.951,-10.569],[149.943,-10.58],[149.948,-10.584],[149.954,-10.58],[149.953,-10.569],[149.965,-10.557],[149.967,-10.569],[149.963,-10.574],[149.963,-10.586],[149.968,-10.589],[149.976,-10.58],[149.985,-10.583],[149.988,-10.598],[149.992,-10.601],[150.005,-10.591],[150.003,-10.585],[150.012,-10.576],[150.019,-10.585],[150.036,-10.594],[150.03,-10.606],[150.032,-10.612],[150.021,-10.62],[150.035,-10.624],[150.034,-10.634],[150.043,-10.633],[150.045,-10.625],[150.057,-10.622],[150.07,-10.632],[150.068,-10.642],[150.072,-10.649],[150.078,-10.651],[150.082,-10.64],[150.096,-10.639],[150.103,-10.643],[150.1,-10.655],[150.102,-10.66],[150.119,-10.671],[150.132,-10.655],[150.139,-10.65],[150.152,-10.652],[150.165,-10.649],[150.173,-10.651],[150.19,-10.649],[150.198,-10.654],[150.198,-10.663],[150.19,-10.662],[150.178,-10.665],[150.173,-10.678],[150.181,-10.684],[150.204,-10.683],[150.207,-10.688],[150.2,-10.696],[150.201,-10.701],[150.214,-10.698],[150.224,-10.693],[150.234,-10.694],[150.246,-10.68],[150.24,-10.675],[150.242,-10.668],[150.255,-10.673],[150.251,-10.685],[150.259,-10.689],[150.286,-10.677],[150.3,-10.681],[150.308,-10.678],[150.309,-10.672],[150.319,-10.663],[150.322,-10.655],[150.33,-10.653],[150.346,-10.655],[150.357,-10.664],[150.353,-10.667],[150.359,-10.675],[150.356,-10.682],[150.365,-10.687],[150.374,-10.68],[150.379,-10.688],[150.393,-10.688],[150.401,-10.685],[150.41,-10.678],[150.42,-10.681],[150.424,-10.675],[150.418,-10.664],[150.428,-10.657],[150.435,-10.661],[150.444,-10.655],[150.462,-10.655],[150.467,-10.648],[150.46,-10.643],[150.464,-10.638],[150.469,-10.622],[150.479,-10.622],[150.492,-10.616],[150.516,-10.621],[150.526,-10.619],[150.543,-10.623],[150.543,-10.629],[150.555,-10.63],[150.566,-10.624],[150.567,-10.613],[150.58,-10.605],[150.588,-10.606],[150.598,-10.602],[150.609,-10.592],[150.608,-10.581],[150.641,-10.58],[150.659,-10.585],[150.676,-10.571],[150.689,-10.567],[150.696,-10.561],[150.689,-10.541],[150.672,-10.527],[150.666,-10.513],[150.668,-10.502],[150.66,-10.493],[150.658,-10.484],[150.652,-10.477],[150.625,-10.473],[150.621,-10.476],[150.597,-10.471],[150.555,-10.456],[150.546,-10.454],[150.526,-10.445],[150.519,-10.444],[150.503,-10.437],[150.496,-10.427],[150.48,-10.427],[150.466,-10.422],[150.457,-10.417],[150.432,-10.413],[150.426,-10.406],[150.413,-10.405],[150.407,-10.41],[150.4,-10.406],[150.369,-10.405],[150.358,-10.4],[150.343,-10.397],[150.341,-10.386],[150.343,-10.378],[150.342,-10.368],[150.349,-10.346],[150.342,-10.34],[150.357,-10.327],[150.372,-10.317],[150.385,-10.317],[150.394,-10.312],[150.399,-10.302],[150.407,-10.297],[150.418,-10.309],[150.428,-10.312],[150.44,-10.307],[150.453,-10.309],[150.456,-10.319],[150.466,-10.323],[150.479,-10.324],[150.493,-10.321],[150.499,-10.327],[150.516,-10.334],[150.527,-10.332],[150.533,-10.336],[150.547,-10.339],[150.55,-10.344],[150.584,-10.347],[150.588,-10.354],[150.595,-10.347],[150.601,-10.351],[150.611,-10.347],[150.618,-10.352],[150.633,-10.351],[150.649,-10.334],[150.668,-10.328],[150.677,-10.323],[150.691,-10.325],[150.699,-10.317],[150.708,-10.318],[150.721,-10.313],[150.724,-10.306],[150.734,-10.297],[150.759,-10.298],[150.765,-10.297],[150.773,-10.284],[150.783,-10.281],[150.792,-10.273],[150.798,-10.271],[150.815,-10.259],[150.826,-10.255],[150.84,-10.256],[150.848,-10.245],[150.866,-10.233],[150.873,-10.232],[150.874,-10.225],[150.846,-10.23],[150.833,-10.232],[150.83,-10.243],[150.82,-10.25],[150.799,-10.256],[150.794,-10.251],[150.784,-10.254],[150.779,-10.267],[150.768,-10.27],[150.751,-10.264],[150.734,-10.266],[150.732,-10.258],[150.717,-10.265],[150.709,-10.262],[150.705,-10.256],[150.653,-10.284],[150.621,-10.281],[150.613,-10.286],[150.606,-10.279],[150.605,-10.273],[150.594,-10.25],[150.577,-10.252],[150.567,-10.248],[150.57,-10.237],[150.582,-10.224],[150.593,-10.224],[150.598,-10.216],[150.59,-10.21],[150.578,-10.215],[150.563,-10.215],[150.545,-10.206],[150.534,-10.21],[150.521,-10.232],[150.503,-10.226],[150.479,-10.212],[150.471,-10.212],[150.463,-10.201],[150.454,-10.203],[150.439,-10.211],[150.425,-10.214],[150.417,-10.208],[150.407,-10.211],[150.404,-10.207],[150.388,-10.204],[150.378,-10.204],[150.37,-10.2],[150.36,-10.203],[150.35,-10.196],[150.338,-10.194],[150.33,-10.188],[150.316,-10.191],[150.309,-10.187],[150.297,-10.188],[150.291,-10.182],[150.281,-10.164],[150.269,-10.163],[150.265,-10.155],[150.256,-10.146],[150.25,-10.144],[150.247,-10.134],[150.234,-10.132],[150.216,-10.133],[150.204,-10.131],[150.198,-10.123],[150.194,-10.106],[150.181,-10.093],[150.171,-10.089],[150.158,-10.096],[150.154,-10.105],[150.146,-10.108],[150.14,-10.115],[150.124,-10.12],[150.116,-10.118],[150.107,-10.101],[150.092,-10.087],[150.085,-10.088],[150.076,-10.086],[150.063,-10.089],[150.055,-10.087],[150.051,-10.078],[150.038,-10.077],[150.026,-10.081],[150.017,-10.077],[150.006,-10.085],[149.994,-10.084],[149.973,-10.074],[149.966,-10.074],[149.957,-10.067],[149.948,-10.068],[149.93,-10.06],[149.912,-10.045],[149.903,-10.027],[149.894,-10.018],[149.875,-10.015],[149.861,-10.019],[149.858,-10.012],[149.858,-10.002],[149.863,-9.991],[149.857,-9.981],[149.846,-9.981],[149.844,-9.972],[149.83,-9.961],[149.82,-9.937],[149.812,-9.93],[149.812,-9.918],[149.809,-9.911],[149.798,-9.907],[149.787,-9.91],[149.77,-9.9],[149.758,-9.9],[149.754,-9.886],[149.746,-9.875],[149.739,-9.875],[149.738,-9.866],[149.73,-9.852],[149.716,-9.849],[149.711,-9.839],[149.711,-9.818],[149.714,-9.809],[149.729,-9.805],[149.742,-9.794],[149.756,-9.791],[149.761,-9.787],[149.788,-9.783],[149.815,-9.777],[149.823,-9.779],[149.833,-9.776],[149.849,-9.778],[149.864,-9.772],[149.867,-9.776],[149.878,-9.775],[149.878,-9.766],[149.894,-9.759],[149.902,-9.76],[149.91,-9.766],[149.919,-9.764],[149.924,-9.77],[149.931,-9.766],[149.938,-9.756],[149.945,-9.755],[149.952,-9.747],[149.965,-9.752],[149.976,-9.745],[149.985,-9.749],[149.996,-9.746],[149.998,-9.735],[150.013,-9.726],[150.037,-9.722],[150.047,-9.716],[150.046,-9.712],[150.051,-9.694],[150.057,-9.684],[150.049,-9.673],[150.036,-9.668],[150.028,-9.67],[150.011,-9.653],[150.013,-9.629],[150.007,-9.63],[149.985,-9.627],[149.973,-9.632],[149.967,-9.639],[149.955,-9.64],[149.949,-9.637],[149.926,-9.642],[149.916,-9.639],[149.893,-9.644],[149.873,-9.642],[149.859,-9.632],[149.854,-9.623],[149.846,-9.619],[149.839,-9.621],[149.825,-9.617],[149.818,-9.623],[149.796,-9.621],[149.788,-9.612],[149.772,-9.613],[149.766,-9.61],[149.764,-9.596],[149.754,-9.598],[149.745,-9.593],[149.737,-9.601],[149.727,-9.606],[149.708,-9.601],[149.698,-9.603],[149.696,-9.61],[149.687,-9.613],[149.672,-9.614],[149.661,-9.605],[149.642,-9.605],[149.637,-9.617],[149.632,-9.622],[149.61,-9.623],[149.597,-9.617],[149.591,-9.61],[149.554,-9.6],[149.543,-9.598],[149.525,-9.599],[149.519,-9.603],[149.51,-9.596],[149.489,-9.597],[149.475,-9.599],[149.461,-9.613],[149.448,-9.611],[149.438,-9.591],[149.443,-9.588],[149.436,-9.572],[149.428,-9.576],[149.413,-9.562],[149.405,-9.549],[149.389,-9.543],[149.379,-9.544],[149.365,-9.531],[149.361,-9.523],[149.352,-9.518],[149.337,-9.525],[149.327,-9.515],[149.311,-9.516],[149.296,-9.503],[149.279,-9.505],[149.271,-9.51],[149.265,-9.508],[149.256,-9.5],[149.246,-9.503],[149.228,-9.49],[149.22,-9.476],[149.202,-9.451],[149.195,-9.43],[149.182,-9.401],[149.176,-9.364],[149.181,-9.338],[149.186,-9.33],[149.219,-9.315],[149.223,-9.309],[149.221,-9.298],[149.226,-9.285],[149.232,-9.283],[149.237,-9.268],[149.238,-9.248],[149.237,-9.223],[149.239,-9.215],[149.254,-9.2],[149.257,-9.179],[149.264,-9.168],[149.275,-9.168],[149.291,-9.176],[149.294,-9.167],[149.314,-9.16],[149.321,-9.152],[149.323,-9.142],[149.329,-9.134],[149.324,-9.128],[149.33,-9.115],[149.324,-9.111],[149.319,-9.117],[149.309,-9.118],[149.297,-9.115],[149.304,-9.104],[149.316,-9.106],[149.317,-9.096],[149.326,-9.079],[149.322,-9.073],[149.321,-9.064],[149.312,-9.073],[149.3,-9.081],[149.3,-9.071],[149.305,-9.071],[149.315,-9.059],[149.312,-9.051],[149.315,-9.037],[149.295,-9.021],[149.287,-9.023],[149.269,-9.008],[149.264,-9.023],[149.253,-9.021],[149.252,-9.033],[149.243,-9.031],[149.248,-9.023],[149.249,-9.013],[149.255,-9.004],[149.248,-8.997],[149.244,-9.007],[149.239,-9.01],[149.222,-9.008],[149.213,-9.011],[149.204,-9.005],[149.199,-9.013],[149.194,-9.015],[149.184,-9.01],[149.183,-9.018],[149.173,-9.013],[149.167,-9.019],[149.161,-9.014],[149.147,-9.018],[149.146,-9.028],[149.138,-9.027],[149.136,-9.007],[149.14,-9.002],[149.139,-8.995],[149.123,-8.999],[149.115,-8.999],[149.103,-9.015],[149.097,-9.018],[149.087,-9.029],[149.081,-9.023],[149.079,-9.043],[149.089,-9.061],[149.073,-9.048],[149.057,-9.051],[149.043,-9.049],[149.029,-9.051],[149.02,-9.06],[149.014,-9.061],[148.99,-9.055],[148.96,-9.05],[148.939,-9.049],[148.931,-9.053],[148.915,-9.047],[148.902,-9.047],[148.897,-9.05],[148.895,-9.072],[148.869,-9.086],[148.855,-9.09],[148.847,-9.089],[148.829,-9.09],[148.825,-9.093],[148.803,-9.1],[148.802,-9.103],[148.783,-9.108],[148.765,-9.109],[148.751,-9.113],[148.732,-9.111],[148.693,-9.102],[148.673,-9.095],[148.661,-9.095],[148.629,-9.086],[148.616,-9.09],[148.602,-9.083],[148.579,-9.062],[148.565,-9.043],[148.539,-9.021],[148.54,-9.011],[148.527,-9.005],[148.524,-8.998],[148.53,-8.979],[148.525,-8.969],[148.527,-8.957],[148.511,-8.947],[148.515,-8.937],[148.517,-8.926],[148.524,-8.918],[148.519,-8.911],[148.506,-8.92],[148.499,-8.914],[148.508,-8.906],[148.508,-8.898],[148.489,-8.9],[148.485,-8.894],[148.493,-8.882],[148.487,-8.86],[148.482,-8.85],[148.477,-8.833],[148.474,-8.819],[148.476,-8.802],[148.475,-8.783],[148.473,-8.744],[148.44,-8.696],[148.437,-8.68],[148.424,-8.674],[148.417,-8.675],[148.404,-8.664],[148.396,-8.663],[148.382,-8.644],[148.368,-8.636],[148.359,-8.634],[148.344,-8.619],[148.334,-8.621],[148.326,-8.614],[148.303,-8.62],[148.287,-8.616],[148.255,-8.596],[148.239,-8.582],[148.223,-8.558],[148.217,-8.539],[148.215,-8.526],[148.217,-8.513],[148.231,-8.506],[148.238,-8.483],[148.236,-8.477],[148.228,-8.47],[148.232,-8.454],[148.223,-8.426],[148.208,-8.403],[148.205,-8.391],[148.204,-8.342],[148.206,-8.32],[148.205,-8.305],[148.2,-8.289],[148.197,-8.273],[148.191,-8.267],[148.17,-8.233],[148.163,-8.21],[148.162,-8.192],[148.164,-8.176],[148.154,-8.168],[148.152,-8.16],[148.141,-8.151],[148.142,-8.14],[148.15,-8.134],[148.139,-8.127],[148.137,-8.117],[148.138,-8.111],[148.132,-8.103],[148.133,-8.091],[148.132,-8.08],[148.125,-8.074],[148.131,-8.064],[148.124,-8.056],[148.103,-8.066],[148.091,-8.064],[148.079,-8.056],[148.067,-8.062],[148.052,-8.063],[148.041,-8.055],[148.032,-8.069],[148.021,-8.059],[148.01,-8.054],[148.01,-8.061],[148.005,-8.069],[147.996,-8.072],[147.986,-8.069],[147.975,-8.057],[147.969,-8.044],[147.965,-8.031],[147.96,-8.005],[147.945,-7.993],[147.931,-7.989],[147.894,-7.963],[147.877,-7.947],[147.867,-7.94],[147.855,-7.941],[147.831,-7.954],[147.821,-7.95],[147.802,-7.938],[147.799,-7.934],[147.787,-7.931],[147.778,-7.933],[147.77,-7.94],[147.762,-7.954],[147.747,-7.953],[147.731,-7.942],[147.716,-7.943],[147.704,-7.932],[147.695,-7.917],[147.692,-7.902],[147.695,-7.885],[147.691,-7.845],[147.688,-7.831],[147.67,-7.808],[147.665,-7.791],[147.652,-7.792],[147.645,-7.789],[147.63,-7.775],[147.625,-7.778],[147.61,-7.778],[147.603,-7.773],[147.593,-7.757],[147.593,-7.77],[147.586,-7.781],[147.58,-7.776],[147.586,-7.762],[147.573,-7.758],[147.574,-7.749],[147.591,-7.74],[147.587,-7.728],[147.578,-7.724],[147.57,-7.705],[147.553,-7.703],[147.548,-7.708],[147.537,-7.703],[147.535,-7.707],[147.514,-7.703],[147.513,-7.698],[147.503,-7.685],[147.494,-7.679],[147.493,-7.669],[147.514,-7.668],[147.509,-7.653],[147.508,-7.643],[147.495,-7.635],[147.491,-7.628],[147.473,-7.61],[147.461,-7.607],[147.461,-7.613],[147.447,-7.619],[147.435,-7.612],[147.434,-7.607],[147.445,-7.607],[147.445,-7.594],[147.454,-7.598],[147.462,-7.597],[147.464,-7.588],[147.452,-7.589],[147.446,-7.584],[147.435,-7.583],[147.433,-7.571],[147.424,-7.573],[147.416,-7.57],[147.408,-7.561],[147.396,-7.577],[147.386,-7.575],[147.386,-7.569],[147.391,-7.559],[147.381,-7.555],[147.384,-7.548],[147.376,-7.534],[147.375,-7.526],[147.365,-7.528],[147.359,-7.537],[147.353,-7.537],[147.346,-7.531],[147.346,-7.519],[147.353,-7.51],[147.341,-7.51],[147.336,-7.505],[147.325,-7.51],[147.308,-7.507],[147.3,-7.512],[147.297,-7.502],[147.304,-7.497],[147.3,-7.489],[147.285,-7.501],[147.266,-7.493],[147.272,-7.483],[147.279,-7.481],[147.289,-7.483],[147.287,-7.473],[147.278,-7.478],[147.267,-7.479],[147.26,-7.476],[147.265,-7.461],[147.256,-7.464],[147.258,-7.472],[147.248,-7.484],[147.227,-7.488],[147.223,-7.495],[147.218,-7.494],[147.219,-7.482],[147.226,-7.467],[147.217,-7.462],[147.207,-7.469],[147.203,-7.462],[147.182,-7.466],[147.178,-7.461],[147.182,-7.454],[147.2,-7.445],[147.2,-7.429],[147.196,-7.421],[147.185,-7.428],[147.175,-7.423],[147.168,-7.408],[147.174,-7.403],[147.163,-7.399],[147.162,-7.389],[147.154,-7.387],[147.145,-7.381],[147.142,-7.363],[147.146,-7.36],[147.156,-7.344],[147.153,-7.337],[147.147,-7.338],[147.133,-7.335],[147.131,-7.325],[147.144,-7.315],[147.146,-7.306],[147.138,-7.3],[147.125,-7.3],[147.124,-7.287],[147.133,-7.267],[147.139,-7.245],[147.136,-7.236],[147.137,-7.216],[147.129,-7.213],[147.115,-7.194],[147.092,-7.167],[147.085,-7.162],[147.073,-7.158],[147.071,-7.153],[147.056,-7.149],[147.055,-7.138],[147.064,-7.134],[147.057,-7.125],[147.062,-7.116],[147.073,-7.113],[147.069,-7.106],[147.069,-7.091],[147.071,-7.081],[147.061,-7.083],[147.051,-7.077],[147.045,-7.066],[147.05,-7.053],[147.069,-7.03],[147.071,-7.024],[147.07,-7.013],[147.061,-7.018],[147.053,-7.036],[147.057,-7.041],[147.046,-7.059],[147.038,-7.058],[147.037,-7.045],[147.022,-7.039],[147.014,-7.027],[146.997,-7.026],[146.993,-7.019],[146.984,-7.015],[146.979,-6.997],[146.979,-6.986],[146.97,-6.978],[146.958,-6.982],[146.95,-6.98],[146.947,-6.957],[146.95,-6.941],[146.946,-6.924],[146.947,-6.908],[146.952,-6.89],[146.947,-6.86],[146.946,-6.833],[146.948,-6.814],[146.953,-6.787],[146.961,-6.76],[146.961,-6.751],[146.976,-6.739],[146.993,-6.743],[147.006,-6.738],[147.011,-6.74],[147.033,-6.737],[147.055,-6.729],[147.071,-6.716],[147.08,-6.706],[147.094,-6.704],[147.114,-6.711],[147.132,-6.709],[147.151,-6.704],[147.163,-6.71],[147.172,-6.723],[147.186,-6.731],[147.193,-6.732],[147.202,-6.737],[147.222,-6.734],[147.226,-6.736],[147.248,-6.733],[147.261,-6.734],[147.271,-6.742],[147.282,-6.738],[147.305,-6.739],[147.325,-6.748],[147.351,-6.747],[147.368,-6.732],[147.374,-6.734],[147.388,-6.72],[147.4,-6.723],[147.405,-6.719],[147.419,-6.721],[147.434,-6.73],[147.443,-6.732],[147.458,-6.727],[147.473,-6.735],[147.49,-6.739],[147.515,-6.742],[147.523,-6.746],[147.536,-6.745],[147.545,-6.74],[147.563,-6.746],[147.577,-6.747],[147.573,-6.734],[147.569,-6.73],[147.573,-6.716],[147.582,-6.708],[147.597,-6.712],[147.629,-6.704],[147.634,-6.709],[147.652,-6.71],[147.662,-6.699],[147.668,-6.696],[147.68,-6.699],[147.695,-6.706],[147.73,-6.704],[147.737,-6.708],[147.748,-6.708],[147.757,-6.702],[147.774,-6.696],[147.788,-6.697],[147.794,-6.693],[147.809,-6.693],[147.811,-6.686],[147.817,-6.684],[147.842,-6.656],[147.851,-6.655],[147.86,-6.644],[147.86,-6.631],[147.857,-6.618],[147.858,-6.602],[147.855,-6.592],[147.847,-6.594],[147.838,-6.59],[147.835,-6.594],[147.825,-6.595],[147.823,-6.587],[147.848,-6.572],[147.848,-6.557],[147.837,-6.548],[147.831,-6.528],[147.833,-6.511],[147.841,-6.501],[147.846,-6.486],[147.839,-6.479],[147.851,-6.453],[147.853,-6.431],[147.849,-6.422],[147.844,-6.42],[147.842,-6.402],[147.83,-6.383],[147.831,-6.376],[147.815,-6.368],[147.807,-6.35],[147.812,-6.334],[147.812,-6.328],[147.802,-6.316],[147.787,-6.313],[147.774,-6.292],[147.763,-6.287],[147.747,-6.285],[147.72,-6.277],[147.712,-6.271],[147.705,-6.26],[147.696,-6.253],[147.696,-6.248],[147.689,-6.233],[147.69,-6.225],[147.686,-6.22],[147.673,-6.216],[147.674,-6.202],[147.671,-6.195],[147.674,-6.182],[147.669,-6.18],[147.666,-6.17],[147.649,-6.155],[147.638,-6.148],[147.632,-6.141],[147.626,-6.111],[147.61,-6.1],[147.601,-6.091],[147.587,-6.071],[147.574,-6.057],[147.564,-6.052],[147.552,-6.049],[147.544,-6.043],[147.528,-6.038],[147.512,-6.026],[147.498,-6.019],[147.498,-6.006],[147.495,-6],[147.472,-5.99],[147.458,-5.976],[147.447,-5.968],[147.415,-5.96],[147.395,-5.959],[147.381,-5.96],[147.373,-5.954],[147.355,-5.934],[147.349,-5.925],[147.337,-5.924],[147.33,-5.929],[147.323,-5.924],[147.315,-5.938],[147.294,-5.932],[147.28,-5.926],[147.274,-5.919],[147.261,-5.917],[147.242,-5.942],[147.217,-5.958],[147.204,-5.96],[147.193,-5.957],[147.178,-5.96],[147.175,-5.956],[147.163,-5.957],[147.15,-5.954],[147.142,-5.948],[147.132,-5.95],[147.117,-5.957],[147.106,-5.96],[147.09,-5.96],[147.078,-5.957],[147.071,-5.948],[147.073,-5.938],[147.072,-5.93],[147.063,-5.924],[147.053,-5.911],[147.039,-5.912],[147.024,-5.935],[147.019,-5.937],[146.999,-5.939],[146.976,-5.924],[146.969,-5.922],[146.961,-5.912],[146.953,-5.911],[146.949,-5.906],[146.931,-5.904],[146.922,-5.897],[146.917,-5.889],[146.912,-5.876],[146.913,-5.871],[146.903,-5.861],[146.903,-5.856],[146.876,-5.847],[146.863,-5.836],[146.853,-5.839],[146.844,-5.836],[146.829,-5.838],[146.812,-5.845],[146.798,-5.858],[146.777,-5.844],[146.771,-5.842],[146.764,-5.826],[146.762,-5.816],[146.753,-5.806],[146.744,-5.802],[146.73,-5.802],[146.722,-5.792],[146.7,-5.773],[146.691,-5.77],[146.666,-5.77],[146.661,-5.765],[146.652,-5.76],[146.641,-5.767],[146.629,-5.761],[146.627,-5.754],[146.619,-5.745],[146.604,-5.74],[146.599,-5.732],[146.58,-5.72],[146.575,-5.711],[146.57,-5.696],[146.563,-5.694],[146.544,-5.674],[146.54,-5.668],[146.531,-5.665],[146.526,-5.659],[146.5,-5.652],[146.495,-5.648],[146.481,-5.647],[146.476,-5.642],[146.473,-5.621],[146.474,-5.615],[146.462,-5.607],[146.453,-5.607],[146.445,-5.603],[146.44,-5.611],[146.43,-5.614],[146.421,-5.61],[146.416,-5.614],[146.403,-5.615],[146.379,-5.616],[146.373,-5.613],[146.368,-5.604],[146.37,-5.597],[146.353,-5.589],[146.342,-5.574],[146.333,-5.575],[146.315,-5.586],[146.298,-5.592],[146.292,-5.597],[146.284,-5.595],[146.275,-5.588],[146.276,-5.582],[146.269,-5.575],[146.262,-5.573],[146.254,-5.576],[146.232,-5.573],[146.222,-5.567],[146.21,-5.563],[146.198,-5.565],[146.194,-5.559],[146.185,-5.561],[146.173,-5.546],[146.17,-5.539],[146.151,-5.538],[146.147,-5.543],[146.139,-5.538],[146.13,-5.537],[146.12,-5.541],[146.11,-5.53],[146.105,-5.53],[146.093,-5.518],[146.087,-5.518],[146.078,-5.507],[146.061,-5.503],[146.051,-5.508],[146.039,-5.506],[146.033,-5.496],[146.012,-5.499],[146,-5.497],[145.993,-5.491],[145.986,-5.473],[145.982,-5.47],[145.958,-5.477],[145.935,-5.474],[145.927,-5.48],[145.926,-5.486],[145.915,-5.497],[145.9,-5.489],[145.889,-5.488],[145.869,-5.492],[145.862,-5.486],[145.86,-5.478],[145.847,-5.473],[145.832,-5.474],[145.82,-5.487],[145.796,-5.495],[145.788,-5.494],[145.776,-5.485],[145.76,-5.477],[145.755,-5.465],[145.749,-5.457],[145.745,-5.443],[145.735,-5.43],[145.732,-5.42],[145.743,-5.398],[145.74,-5.385],[145.742,-5.373],[145.757,-5.364],[145.76,-5.35],[145.76,-5.339],[145.753,-5.314],[145.755,-5.305],[145.772,-5.274],[145.777,-5.256],[145.801,-5.228],[145.815,-5.218],[145.815,-5.212],[145.809,-5.207],[145.798,-5.211],[145.8,-5.201],[145.795,-5.186],[145.806,-5.162],[145.804,-5.148],[145.799,-5.134],[145.803,-5.129],[145.798,-5.121],[145.799,-5.109],[145.803,-5.108],[145.802,-5.097],[145.796,-5.089],[145.791,-5.077],[145.798,-5.073],[145.807,-5.076],[145.814,-5.068],[145.81,-5.05],[145.799,-5.027],[145.794,-5.009],[145.793,-4.988],[145.783,-4.968],[145.779,-4.942],[145.779,-4.931],[145.786,-4.896],[145.794,-4.888],[145.807,-4.867],[145.808,-4.857],[145.805,-4.847],[145.797,-4.843],[145.789,-4.834],[145.784,-4.836],[145.776,-4.83],[145.773,-4.815],[145.756,-4.81],[145.748,-4.803],[145.738,-4.799],[145.726,-4.791],[145.721,-4.792],[145.712,-4.78],[145.703,-4.773],[145.692,-4.773],[145.687,-4.758],[145.672,-4.757],[145.663,-4.744],[145.655,-4.724],[145.635,-4.712],[145.607,-4.685],[145.597,-4.674],[145.595,-4.665],[145.583,-4.654],[145.573,-4.636],[145.566,-4.63],[145.568,-4.624],[145.564,-4.608],[145.559,-4.605],[145.556,-4.595],[145.541,-4.58],[145.538,-4.587],[145.529,-4.588],[145.524,-4.577],[145.515,-4.573],[145.505,-4.557],[145.504,-4.547],[145.485,-4.531],[145.472,-4.524],[145.455,-4.494],[145.447,-4.489],[145.428,-4.491],[145.422,-4.501],[145.418,-4.498],[145.424,-4.485],[145.415,-4.466],[145.398,-4.46],[145.378,-4.445],[145.368,-4.444],[145.36,-4.447],[145.362,-4.434],[145.354,-4.43],[145.34,-4.4],[145.323,-4.386],[145.293,-4.381],[145.278,-4.38],[145.234,-4.391],[145.224,-4.388],[145.22,-4.393],[145.207,-4.399],[145.189,-4.403],[145.179,-4.402],[145.168,-4.393],[145.168,-4.385],[145.144,-4.382],[145.133,-4.384],[145.13,-4.378],[145.12,-4.374],[145.113,-4.381],[145.099,-4.381],[145.091,-4.369],[145.068,-4.363],[145.056,-4.353],[145.044,-4.353],[145.022,-4.343],[145.009,-4.333],[145.004,-4.32],[145.005,-4.315],[144.992,-4.303],[144.988,-4.293],[144.981,-4.299],[144.971,-4.297],[144.97,-4.279],[144.977,-4.269],[144.976,-4.256],[144.96,-4.247],[144.955,-4.236],[144.936,-4.23],[144.93,-4.218],[144.914,-4.201],[144.909,-4.191],[144.889,-4.2],[144.87,-4.197],[144.861,-4.193],[144.847,-4.176],[144.844,-4.16],[144.846,-4.144],[144.853,-4.136],[144.867,-4.138],[144.869,-4.134],[144.863,-4.119],[144.851,-4.11],[144.783,-4.073],[144.756,-4.06],[144.736,-4.049],[144.686,-4.031],[144.672,-4.021],[144.662,-4.021],[144.66,-4.013],[144.629,-4.01],[144.609,-4.012],[144.592,-4.007],[144.569,-3.992],[144.552,-3.973],[144.543,-3.956],[144.54,-3.94],[144.541,-3.928],[144.547,-3.916],[144.548,-3.906],[144.552,-3.895],[144.563,-3.883],[144.548,-3.862],[144.543,-3.846],[144.538,-3.819],[144.53,-3.813],[144.513,-3.809],[144.464,-3.803],[144.437,-3.798],[144.433,-3.805],[144.424,-3.81],[144.411,-3.824],[144.4,-3.827],[144.386,-3.824],[144.369,-3.828],[144.362,-3.823],[144.334,-3.831],[144.328,-3.827],[144.317,-3.829],[144.318,-3.818],[144.309,-3.815],[144.302,-3.805],[144.289,-3.803],[144.282,-3.805],[144.279,-3.819],[144.272,-3.822],[144.261,-3.82],[144.249,-3.832],[144.243,-3.846],[144.252,-3.856],[144.234,-3.864],[144.225,-3.858],[144.213,-3.852],[144.209,-3.835],[144.21,-3.821],[144.203,-3.814],[144.182,-3.835],[144.182,-3.847],[144.173,-3.842],[144.173,-3.837],[144.162,-3.831],[144.15,-3.833],[144.142,-3.831],[144.133,-3.821],[144.126,-3.824],[144.122,-3.81],[144.106,-3.816],[144.104,-3.824],[144.095,-3.831],[144.086,-3.825],[144.09,-3.813],[144.102,-3.809],[144.11,-3.808],[144.115,-3.8],[144.124,-3.802],[144.13,-3.8],[144.138,-3.803],[144.15,-3.798],[144.157,-3.788],[144.152,-3.783],[144.124,-3.788],[144.076,-3.792],[144.032,-3.795],[144.029,-3.807],[144.023,-3.821],[144.016,-3.823],[143.999,-3.819],[144.003,-3.806],[143.997,-3.796],[143.98,-3.793],[143.974,-3.79],[143.961,-3.771],[143.944,-3.758],[143.931,-3.734],[143.925,-3.715],[143.907,-3.709],[143.898,-3.698],[143.875,-3.694],[143.853,-3.687],[143.831,-3.678],[143.823,-3.671],[143.817,-3.661],[143.816,-3.653],[143.821,-3.646],[143.813,-3.64],[143.796,-3.633],[143.789,-3.625],[143.765,-3.616],[143.76,-3.618],[143.744,-3.614],[143.72,-3.606],[143.708,-3.6],[143.696,-3.589],[143.696,-3.571],[143.704,-3.565],[143.705,-3.553],[143.698,-3.551],[143.69,-3.562],[143.69,-3.575],[143.676,-3.58],[143.664,-3.576],[143.649,-3.576],[143.63,-3.564],[143.628,-3.547],[143.621,-3.559],[143.613,-3.556],[143.597,-3.544],[143.592,-3.538],[143.592,-3.529],[143.597,-3.519],[143.592,-3.516],[143.583,-3.52],[143.572,-3.512],[143.563,-3.496],[143.559,-3.485],[143.55,-3.474],[143.534,-3.465],[143.531,-3.456],[143.519,-3.445],[143.508,-3.438],[143.498,-3.436],[143.472,-3.44],[143.463,-3.438],[143.453,-3.431],[143.448,-3.422],[143.436,-3.42],[143.421,-3.415],[143.42,-3.409],[143.386,-3.412],[143.357,-3.411],[143.34,-3.409],[143.329,-3.405],[143.296,-3.397],[143.252,-3.395],[143.236,-3.392],[143.219,-3.376],[143.203,-3.369],[143.167,-3.361],[143.157,-3.357],[143.125,-3.354],[143.095,-3.358],[143.064,-3.367],[143.043,-3.364],[143.022,-3.36],[143.011,-3.355],[143.01,-3.349],[142.991,-3.346],[142.959,-3.348],[142.95,-3.347],[142.94,-3.342],[142.93,-3.341],[142.914,-3.334],[142.871,-3.33],[142.85,-3.325],[142.833,-3.319],[142.806,-3.304],[142.799,-3.302],[142.753,-3.295],[142.737,-3.291],[142.648,-3.26],[142.628,-3.249],[142.573,-3.238],[142.55,-3.235],[142.527,-3.23],[142.503,-3.216],[142.479,-3.204],[142.464,-3.193],[142.435,-3.182],[142.429,-3.178],[142.405,-3.167],[142.386,-3.152],[142.357,-3.148],[142.351,-3.141],[142.353,-3.134],[142.345,-3.123],[142.315,-3.124],[142.293,-3.121],[142.272,-3.114],[142.239,-3.098],[142.207,-3.097],[142.187,-3.094],[142.17,-3.088],[142.148,-3.069],[142.118,-3.044],[142.087,-3.022],[142.075,-3.012],[142.021,-2.979],[142.004,-2.97],[141.986,-2.962],[141.948,-2.965],[141.891,-2.973],[141.875,-2.971],[141.866,-2.963],[141.857,-2.948],[141.844,-2.942],[141.837,-2.934],[141.828,-2.928],[141.826,-2.917],[141.815,-2.912],[141.789,-2.906],[141.764,-2.9],[141.758,-2.895],[141.741,-2.887],[141.705,-2.87],[141.679,-2.853],[141.614,-2.826],[141.592,-2.814],[141.569,-2.797],[141.509,-2.768],[141.486,-2.76],[141.469,-2.757],[141.452,-2.748],[141.445,-2.735],[141.383,-2.726],[141.363,-2.721],[141.346,-2.714],[141.341,-2.714],[141.307,-2.695],[141.304,-2.688],[141.31,-2.682],[141.311,-2.675],[141.303,-2.668],[141.295,-2.678],[141.3,-2.684],[141.29,-2.689],[141.272,-2.681],[141.269,-2.676],[141.277,-2.667],[141.277,-2.661],[141.266,-2.664],[141.259,-2.658],[141.25,-2.657],[141.245,-2.66],[141.234,-2.657],[141.227,-2.646],[141.217,-2.648],[141.211,-2.639],[141.203,-2.632],[141.175,-2.633],[141.169,-2.638],[141.154,-2.637],[141.139,-2.628],[141.119,-2.625],[141.1,-2.625],[141.092,-2.617],[141.07,-2.611],[141.057,-2.603],[141.038,-2.605],[141.028,-2.603],[141.016,-2.611],[141.001,-2.605],[140.991,-2.605],[140.976,-2.608],[140.962,-2.607],[140.954,-2.612],[140.934,-2.614],[140.926,-2.612],[140.922,-2.622],[140.913,-2.624],[140.909,-2.62],[140.888,-2.616],[140.81,-2.606],[140.792,-2.596],[140.786,-2.602],[140.788,-2.619],[140.776,-2.628],[140.761,-2.628],[140.74,-2.621],[140.724,-2.61],[140.713,-2.597],[140.714,-2.588],[140.709,-2.579],[140.71,-2.57],[140.72,-2.557],[140.718,-2.548],[140.712,-2.539],[140.723,-2.535],[140.729,-2.522],[140.738,-2.531],[140.742,-2.522],[140.727,-2.498],[140.721,-2.496],[140.711,-2.487],[140.7,-2.484],[140.694,-2.478],[140.684,-2.478],[140.678,-2.481],[140.672,-2.475],[140.664,-2.474],[140.653,-2.476],[140.645,-2.463],[140.634,-2.468],[140.626,-2.456],[140.617,-2.449],[140.611,-2.44],[140.605,-2.445],[140.599,-2.456],[140.583,-2.453],[140.579,-2.446],[140.57,-2.451],[140.559,-2.45],[140.552,-2.446],[140.544,-2.448],[140.538,-2.441],[140.529,-2.438],[140.527,-2.428],[140.519,-2.432],[140.512,-2.43],[140.499,-2.444],[140.487,-2.44],[140.485,-2.431],[140.469,-2.43],[140.457,-2.431],[140.445,-2.421],[140.413,-2.414],[140.405,-2.407],[140.395,-2.407],[140.39,-2.401],[140.373,-2.399],[140.369,-2.404],[140.357,-2.403],[140.348,-2.396],[140.343,-2.402],[140.349,-2.41],[140.354,-2.402],[140.361,-2.409],[140.363,-2.419],[140.371,-2.422],[140.374,-2.433],[140.368,-2.445],[140.372,-2.45],[140.367,-2.462],[140.36,-2.45],[140.348,-2.462],[140.335,-2.464],[140.34,-2.456],[140.337,-2.449],[140.328,-2.451],[140.319,-2.449],[140.313,-2.44],[140.3,-2.444],[140.294,-2.44],[140.296,-2.434],[140.29,-2.426],[140.281,-2.427],[140.261,-2.42],[140.258,-2.411],[140.25,-2.399],[140.244,-2.405],[140.23,-2.405],[140.227,-2.418],[140.221,-2.412],[140.209,-2.408],[140.19,-2.381],[140.178,-2.375],[140.167,-2.375],[140.162,-2.371],[140.153,-2.371],[140.158,-2.359],[140.147,-2.358],[140.155,-2.339],[140.155,-2.327],[140.15,-2.323],[140.139,-2.327],[140.148,-2.337],[140.144,-2.345],[140.134,-2.347],[140.111,-2.329],[140.111,-2.319],[140.083,-2.33],[140.077,-2.353],[140.059,-2.36],[140.025,-2.359],[140.009,-2.361],[139.996,-2.359],[139.961,-2.365],[139.947,-2.366],[139.886,-2.375],[139.83,-2.375],[139.812,-2.378],[139.792,-2.37],[139.766,-2.363],[139.749,-2.355],[139.717,-2.339],[139.702,-2.33],[139.691,-2.321],[139.668,-2.305],[139.64,-2.287],[139.62,-2.303],[139.613,-2.303],[139.614,-2.29],[139.612,-2.283],[139.582,-2.272],[139.555,-2.258],[139.527,-2.244],[139.517,-2.235],[139.499,-2.225],[139.48,-2.213],[139.463,-2.2],[139.434,-2.183],[139.386,-2.16],[139.365,-2.148],[139.343,-2.142],[139.299,-2.129],[139.274,-2.12],[139.247,-2.107],[139.189,-2.071],[139.159,-2.058],[139.14,-2.046],[139.125,-2.031],[139.083,-2.02],[139.039,-2.002],[139.004,-1.978],[138.989,-1.972],[138.96,-1.969],[138.917,-1.957],[138.899,-1.954],[138.876,-1.97],[138.863,-1.966],[138.839,-1.951],[138.805,-1.933],[138.789,-1.92],[138.788,-1.916],[138.774,-1.895],[138.77,-1.894],[138.758,-1.882],[138.755,-1.873],[138.748,-1.866],[138.747,-1.853],[138.739,-1.854],[138.716,-1.839],[138.682,-1.803],[138.666,-1.793],[138.653,-1.788],[138.62,-1.778],[138.544,-1.764],[138.493,-1.753],[138.457,-1.744],[138.422,-1.733],[138.39,-1.725],[138.348,-1.711],[138.312,-1.698],[138.265,-1.677],[138.239,-1.663],[138.175,-1.63],[138.154,-1.629],[138.129,-1.624],[138.102,-1.617],[138.081,-1.608],[138.054,-1.593],[138.022,-1.57],[138.013,-1.561],[138.005,-1.548],[137.99,-1.533],[137.98,-1.53],[137.968,-1.532],[137.963,-1.515],[137.951,-1.507],[137.949,-1.499],[137.939,-1.483],[137.933,-1.471],[137.934,-1.459],[137.926,-1.46],[137.898,-1.477],[137.889,-1.466],[137.852,-1.466],[137.84,-1.465],[137.821,-1.466],[137.799,-1.472],[137.788,-1.483],[137.777,-1.486],[137.767,-1.479],[137.748,-1.478],[137.741,-1.486],[137.743,-1.494],[137.738,-1.498],[137.731,-1.495],[137.708,-1.499],[137.686,-1.505],[137.649,-1.521],[137.645,-1.528],[137.631,-1.533],[137.611,-1.546],[137.595,-1.551],[137.589,-1.556],[137.58,-1.557],[137.538,-1.573],[137.535,-1.578],[137.488,-1.594],[137.479,-1.598],[137.477,-1.604],[137.469,-1.608],[137.447,-1.624],[137.447,-1.628],[137.431,-1.634],[137.403,-1.652],[137.402,-1.658],[137.394,-1.659],[137.376,-1.667],[137.366,-1.675],[137.337,-1.686],[137.341,-1.697],[137.32,-1.706],[137.306,-1.7],[137.295,-1.711],[137.274,-1.723],[137.247,-1.735],[137.243,-1.74],[137.25,-1.749],[137.246,-1.753],[137.223,-1.747],[137.209,-1.745],[137.2,-1.748],[137.173,-1.76],[137.159,-1.767],[137.154,-1.773],[137.162,-1.782],[137.17,-1.797],[137.184,-1.807],[137.167,-1.806],[137.164,-1.81],[137.152,-1.815],[137.15,-1.821],[137.143,-1.845],[137.145,-1.857],[137.163,-1.864],[137.167,-1.869],[137.164,-1.877],[137.172,-1.902],[137.164,-1.909],[137.162,-1.917],[137.166,-1.934],[137.174,-1.94],[137.184,-1.939],[137.193,-1.948],[137.195,-1.961],[137.201,-1.957],[137.212,-1.96],[137.221,-1.96],[137.225,-1.973],[137.217,-1.984],[137.209,-1.99],[137.194,-1.988],[137.19,-2.001],[137.204,-2.014],[137.209,-2.022],[137.218,-2.018],[137.212,-2.032],[137.215,-2.038],[137.227,-2.043],[137.235,-2.042],[137.255,-2.047],[137.252,-2.052],[137.236,-2.048],[137.232,-2.049],[137.226,-2.066],[137.219,-2.076],[137.2,-2.075],[137.195,-2.071],[137.188,-2.081],[137.18,-2.082],[137.159,-2.096],[137.162,-2.104],[137.137,-2.099],[137.124,-2.101],[137.124,-2.111],[137.115,-2.106],[137.11,-2.111],[137.093,-2.109],[137.088,-2.101],[137.071,-2.103],[137.058,-2.098],[137.042,-2.106],[137.04,-2.113],[137.025,-2.115],[137.015,-2.118],[137.007,-2.125],[137.006,-2.131],[136.991,-2.128],[136.98,-2.132],[136.97,-2.131],[136.96,-2.126],[136.952,-2.127],[136.942,-2.121],[136.938,-2.129],[136.944,-2.14],[136.933,-2.151],[136.926,-2.151],[136.92,-2.159],[136.914,-2.173],[136.907,-2.178],[136.888,-2.175],[136.883,-2.179],[136.874,-2.177],[136.865,-2.184],[136.856,-2.184],[136.85,-2.192],[136.845,-2.191],[136.836,-2.194],[136.835,-2.182],[136.83,-2.176],[136.813,-2.175],[136.805,-2.177],[136.817,-2.191],[136.817,-2.208],[136.813,-2.222],[136.805,-2.222],[136.792,-2.216],[136.779,-2.231],[136.766,-2.231],[136.755,-2.239],[136.754,-2.246],[136.745,-2.254],[136.723,-2.234],[136.712,-2.229],[136.705,-2.229],[136.701,-2.237],[136.683,-2.253],[136.675,-2.258],[136.661,-2.26],[136.646,-2.248],[136.625,-2.247],[136.615,-2.251],[136.61,-2.249],[136.6,-2.253],[136.597,-2.235],[136.588,-2.239],[136.583,-2.237],[136.576,-2.216],[136.583,-2.2],[136.592,-2.192],[136.588,-2.183],[136.581,-2.19],[136.572,-2.194],[136.568,-2.204],[136.558,-2.21],[136.543,-2.223],[136.532,-2.212],[136.526,-2.212],[136.518,-2.191],[136.51,-2.191],[136.502,-2.201],[136.495,-2.2],[136.487,-2.205],[136.465,-2.208],[136.458,-2.214],[136.448,-2.206],[136.42,-2.206],[136.412,-2.211],[136.405,-2.213],[136.393,-2.219],[136.383,-2.232],[136.37,-2.238],[136.364,-2.249],[136.355,-2.257],[136.344,-2.26],[136.333,-2.284],[136.338,-2.302],[136.34,-2.325],[136.341,-2.344],[136.338,-2.366],[136.344,-2.373],[136.331,-2.379],[136.323,-2.391],[136.315,-2.399],[136.301,-2.405],[136.296,-2.411],[136.297,-2.421],[136.286,-2.448],[136.288,-2.451],[136.279,-2.463],[136.279,-2.47],[136.289,-2.475],[136.282,-2.48],[136.283,-2.49],[136.279,-2.514],[136.26,-2.561],[136.253,-2.565],[136.245,-2.58],[136.224,-2.612],[136.213,-2.623],[136.205,-2.627],[136.197,-2.628],[136.184,-2.639],[136.176,-2.637],[136.17,-2.641],[136.158,-2.644],[136.146,-2.651],[136.138,-2.646],[136.126,-2.658],[136.114,-2.667],[136.082,-2.672],[136.066,-2.673],[136.059,-2.669],[136.047,-2.687],[136.037,-2.696],[136.029,-2.692],[136.019,-2.692],[136.017,-2.7],[136.009,-2.709],[136.015,-2.718],[135.992,-2.744],[135.983,-2.752],[135.976,-2.761],[135.967,-2.765],[135.947,-2.786],[135.96,-2.796],[135.955,-2.799],[135.952,-2.817],[135.947,-2.824],[135.943,-2.839],[135.931,-2.857],[135.919,-2.866],[135.907,-2.868],[135.911,-2.879],[135.91,-2.892],[135.917,-2.896],[135.925,-2.884],[135.932,-2.89],[135.935,-2.906],[135.932,-2.914],[135.936,-2.922],[135.932,-2.926],[135.932,-2.936],[135.927,-2.947],[135.923,-2.962],[135.913,-2.963],[135.911,-2.973],[135.903,-2.973],[135.888,-2.979],[135.875,-2.991],[135.865,-2.99],[135.865,-2.998],[135.858,-3.003],[135.845,-3.005],[135.838,-3.012],[135.828,-3.013],[135.816,-3.04],[135.796,-3.052],[135.777,-3.061],[135.767,-3.052],[135.758,-3.05],[135.75,-3.053],[135.733,-3.065],[135.73,-3.075],[135.758,-3.083],[135.764,-3.086],[135.769,-3.107],[135.761,-3.107],[135.749,-3.118],[135.719,-3.128],[135.701,-3.15],[135.686,-3.157],[135.673,-3.158],[135.646,-3.168],[135.628,-3.17],[135.62,-3.179],[135.612,-3.18],[135.601,-3.193],[135.591,-3.202],[135.581,-3.224],[135.584,-3.236],[135.577,-3.239],[135.573,-3.234],[135.558,-3.255],[135.554,-3.263],[135.566,-3.269],[135.563,-3.276],[135.559,-3.298],[135.551,-3.307],[135.54,-3.313],[135.536,-3.323],[135.524,-3.335],[135.511,-3.345],[135.505,-3.355],[135.472,-3.373],[135.456,-3.377],[135.444,-3.375],[135.421,-3.367],[135.413,-3.368],[135.388,-3.38],[135.35,-3.388],[135.344,-3.395],[135.328,-3.395],[135.324,-3.39],[135.31,-3.386],[135.295,-3.386],[135.234,-3.375],[135.218,-3.377],[135.209,-3.381],[135.2,-3.381],[135.173,-3.375],[135.165,-3.371],[135.149,-3.371],[135.132,-3.38],[135.116,-3.382],[135.098,-3.373],[135.097,-3.359],[135.088,-3.345],[135.07,-3.334],[135.059,-3.335],[135.048,-3.329],[135.03,-3.338],[135.017,-3.34],[135.002,-3.336],[134.985,-3.327],[134.964,-3.307],[134.959,-3.296],[134.945,-3.284],[134.946,-3.276],[134.953,-3.271],[134.95,-3.261],[134.955,-3.246],[134.964,-3.249],[134.965,-3.233],[134.96,-3.226],[134.953,-3.226],[134.958,-3.242],[134.947,-3.248],[134.926,-3.238],[134.919,-3.248],[134.928,-3.256],[134.939,-3.27],[134.93,-3.27],[134.926,-3.264],[134.905,-3.259],[134.888,-3.259],[134.878,-3.25],[134.864,-3.252],[134.86,-3.238],[134.863,-3.231],[134.873,-3.225],[134.87,-3.218],[134.859,-3.226],[134.856,-3.215],[134.851,-3.206],[134.85,-3.192],[134.863,-3.186],[134.863,-3.175],[134.866,-3.17],[134.863,-3.161],[134.855,-3.151],[134.843,-3.144],[134.832,-3.127],[134.824,-3.134],[134.811,-3.133],[134.804,-3.136],[134.8,-3.131],[134.806,-3.125],[134.81,-3.104],[134.813,-3.1],[134.811,-3.09],[134.813,-3.082],[134.82,-3.079],[134.814,-3.061],[134.817,-3.052],[134.811,-3.038],[134.813,-3.022],[134.819,-3.012],[134.824,-3.014],[134.832,-3.008],[134.853,-3],[134.85,-2.988],[134.845,-2.987],[134.837,-2.973],[134.832,-2.967],[134.837,-2.958],[134.848,-2.955],[134.846,-2.946],[134.842,-2.94],[134.848,-2.927],[134.845,-2.923],[134.848,-2.913],[134.847,-2.893],[134.842,-2.894],[134.83,-2.88],[134.825,-2.882],[134.825,-2.905],[134.833,-2.911],[134.823,-2.918],[134.817,-2.914],[134.806,-2.915],[134.806,-2.928],[134.808,-2.933],[134.819,-2.935],[134.818,-2.941],[134.807,-2.943],[134.802,-2.95],[134.796,-2.951],[134.785,-2.942],[134.777,-2.941],[134.775,-2.951],[134.779,-2.969],[134.776,-2.987],[134.768,-2.991],[134.75,-2.993],[134.741,-2.991],[134.734,-2.983],[134.723,-2.978],[134.699,-2.975],[134.686,-2.979],[134.674,-2.962],[134.684,-2.96],[134.693,-2.951],[134.691,-2.934],[134.68,-2.926],[134.672,-2.927],[134.679,-2.905],[134.682,-2.888],[134.677,-2.878],[134.668,-2.867],[134.662,-2.856],[134.662,-2.844],[134.66,-2.817],[134.664,-2.805],[134.663,-2.795],[134.664,-2.784],[134.656,-2.773],[134.661,-2.757],[134.657,-2.742],[134.658,-2.715],[134.655,-2.701],[134.659,-2.695],[134.654,-2.68],[134.656,-2.656],[134.66,-2.649],[134.657,-2.639],[134.66,-2.627],[134.661,-2.611],[134.657,-2.606],[134.658,-2.59],[134.652,-2.573],[134.653,-2.563],[134.651,-2.552],[134.65,-2.531],[134.647,-2.528],[134.64,-2.504],[134.63,-2.496],[134.628,-2.488],[134.633,-2.485],[134.628,-2.475],[134.62,-2.487],[134.605,-2.489],[134.58,-2.48],[134.571,-2.474],[134.568,-2.457],[134.557,-2.456],[134.532,-2.449],[134.534,-2.459],[134.544,-2.463],[134.54,-2.469],[134.528,-2.468],[134.518,-2.463],[134.515,-2.474],[134.528,-2.474],[134.537,-2.479],[134.544,-2.476],[134.558,-2.475],[134.545,-2.491],[134.542,-2.488],[134.529,-2.484],[134.516,-2.483],[134.487,-2.51],[134.488,-2.516],[134.477,-2.523],[134.464,-2.551],[134.46,-2.581],[134.462,-2.593],[134.476,-2.601],[134.476,-2.612],[134.471,-2.623],[134.475,-2.633],[134.475,-2.641],[134.482,-2.651],[134.497,-2.66],[134.499,-2.675],[134.494,-2.68],[134.494,-2.688],[134.501,-2.698],[134.497,-2.709],[134.503,-2.726],[134.511,-2.731],[134.512,-2.738],[134.506,-2.75],[134.507,-2.763],[134.517,-2.771],[134.515,-2.78],[134.524,-2.792],[134.523,-2.804],[134.516,-2.829],[134.509,-2.839],[134.502,-2.842],[134.496,-2.851],[134.48,-2.855],[134.478,-2.864],[134.459,-2.863],[134.456,-2.858],[134.446,-2.85],[134.449,-2.835],[134.448,-2.816],[134.455,-2.811],[134.435,-2.799],[134.426,-2.79],[134.423,-2.778],[134.414,-2.769],[134.406,-2.768],[134.41,-2.749],[134.402,-2.735],[134.403,-2.718],[134.397,-2.717],[134.396,-2.71],[134.387,-2.699],[134.384,-2.684],[134.379,-2.675],[134.372,-2.675],[134.367,-2.668],[134.365,-2.66],[134.373,-2.652],[134.362,-2.643],[134.356,-2.625],[134.36,-2.618],[134.351,-2.614],[134.347,-2.605],[134.334,-2.588],[134.332,-2.582],[134.337,-2.574],[134.332,-2.565],[134.333,-2.557],[134.33,-2.548],[134.318,-2.533],[134.321,-2.526],[134.311,-2.516],[134.32,-2.509],[134.315,-2.505],[134.298,-2.504],[134.292,-2.493],[134.29,-2.485],[134.281,-2.482],[134.274,-2.471],[134.276,-2.465],[134.27,-2.461],[134.266,-2.448],[134.259,-2.448],[134.257,-2.44],[134.262,-2.434],[134.257,-2.428],[134.249,-2.43],[134.248,-2.44],[134.238,-2.436],[134.234,-2.425],[134.214,-2.419],[134.203,-2.402],[134.199,-2.389],[134.19,-2.375],[134.188,-2.363],[134.176,-2.356],[134.172,-2.341],[134.174,-2.331],[134.172,-2.32],[134.161,-2.31],[134.16,-2.302],[134.155,-2.291],[134.153,-2.275],[134.156,-2.268],[134.154,-2.26],[134.149,-2.256],[134.149,-2.241],[134.138,-2.238],[134.135,-2.216],[134.142,-2.211],[134.147,-2.2],[134.141,-2.181],[134.144,-2.17],[134.14,-2.165],[134.14,-2.155],[134.124,-2.154],[134.116,-2.15],[134.112,-2.126],[134.115,-2.113],[134.109,-2.102],[134.112,-2.097],[134.104,-2.072],[134.107,-2.061],[134.103,-2.05],[134.109,-2.041],[134.122,-2.036],[134.119,-2.028],[134.131,-2.026],[134.129,-2.018],[134.14,-2.002],[134.141,-1.992],[134.137,-1.976],[134.145,-1.972],[134.148,-1.964],[134.136,-1.959],[134.137,-1.942],[134.131,-1.917],[134.128,-1.914],[134.123,-1.89],[134.123,-1.869],[134.11,-1.868],[134.105,-1.856],[134.101,-1.832],[134.104,-1.818],[134.101,-1.81],[134.103,-1.797],[134.096,-1.792],[134.101,-1.778],[134.102,-1.765],[134.097,-1.76],[134.099,-1.747],[134.097,-1.74],[134.09,-1.736],[134.093,-1.729],[134.084,-1.719],[134.089,-1.702],[134.082,-1.701],[134.077,-1.688],[134.076,-1.678],[134.068,-1.675],[134.081,-1.659],[134.069,-1.654],[134.082,-1.646],[134.091,-1.646],[134.095,-1.641],[134.109,-1.638],[134.117,-1.64],[134.132,-1.623],[134.135,-1.613],[134.143,-1.599],[134.156,-1.591],[134.169,-1.577],[134.174,-1.569],[134.187,-1.558],[134.197,-1.553],[134.203,-1.546],[134.202,-1.536],[134.204,-1.519],[134.211,-1.508],[134.211,-1.501],[134.202,-1.479],[134.198,-1.465],[134.198,-1.456],[134.212,-1.433],[134.211,-1.424],[134.214,-1.407],[134.225,-1.391],[134.228,-1.377],[134.241,-1.362],[134.253,-1.356],[134.264,-1.345],[134.269,-1.345],[134.277,-1.354],[134.279,-1.342],[134.276,-1.336],[134.258,-1.325],[134.246,-1.313],[134.242,-1.299],[134.242,-1.292],[134.228,-1.277],[134.212,-1.254],[134.202,-1.233],[134.202,-1.222],[134.195,-1.208],[134.185,-1.197],[134.17,-1.191],[134.144,-1.17],[134.129,-1.151],[134.121,-1.146],[134.102,-1.126],[134.103,-1.115],[134.096,-1.1],[134.085,-1.092],[134.072,-1.072],[134.071,-1.065],[134.072,-1.047],[134.071,-1.031],[134.063,-1.018],[134.046,-1.007],[134.035,-0.989],[134.025,-0.984],[134.016,-0.971],[134.009,-0.954],[134.009,-0.948],[134.02,-0.932],[134.041,-0.93],[134.045,-0.918],[134.039,-0.91],[134.041,-0.9],[134.05,-0.9],[134.053,-0.895],[134.049,-0.872],[134.054,-0.868],[134.064,-0.876],[134.069,-0.875],[134.071,-0.865],[134.079,-0.873],[134.089,-0.879],[134.098,-0.878],[134.109,-0.87],[134.121,-0.881],[134.135,-0.87],[134.133,-0.861],[134.105,-0.842],[134.085,-0.823],[134.083,-0.814],[134.075,-0.814],[134.045,-0.804],[134.031,-0.795],[134.025,-0.787],[134.011,-0.778],[133.988,-0.753],[133.982,-0.742],[133.986,-0.733],[133.971,-0.72],[133.966,-0.724],[133.951,-0.713],[133.941,-0.716],[133.935,-0.732],[133.93,-0.733],[133.918,-0.72],[133.896,-0.726],[133.895,-0.721],[133.877,-0.714],[133.865,-0.719],[133.863,-0.729],[133.849,-0.733],[133.837,-0.733],[133.817,-0.746],[133.81,-0.747],[133.798,-0.738],[133.797,-0.727],[133.786,-0.725],[133.775,-0.73],[133.763,-0.729],[133.756,-0.718],[133.743,-0.722],[133.733,-0.745],[133.717,-0.752],[133.71,-0.747],[133.698,-0.744],[133.654,-0.736],[133.636,-0.735],[133.628,-0.737],[133.603,-0.735],[133.571,-0.72],[133.565,-0.723],[133.569,-0.733],[133.564,-0.74],[133.542,-0.747],[133.53,-0.747],[133.486,-0.741],[133.453,-0.74],[133.42,-0.737],[133.395,-0.741],[133.384,-0.737],[133.381,-0.73],[133.361,-0.719],[133.328,-0.703],[133.319,-0.697],[133.31,-0.683],[133.295,-0.669],[133.293,-0.662],[133.274,-0.653],[133.254,-0.634],[133.247,-0.618],[133.238,-0.612],[133.235,-0.605],[133.215,-0.6],[133.209,-0.595],[133.19,-0.59],[133.175,-0.583],[133.159,-0.567],[133.16,-0.558],[133.15,-0.545],[133.132,-0.544],[133.124,-0.551],[133.113,-0.553],[133.099,-0.548],[133.084,-0.536],[133.079,-0.517],[133.071,-0.516],[133.062,-0.519],[133.048,-0.516],[133.04,-0.521],[133.03,-0.52],[133.017,-0.51],[133.016,-0.505],[133.006,-0.496],[132.989,-0.494],[132.986,-0.497],[132.975,-0.495],[132.966,-0.489],[132.96,-0.478],[132.963,-0.472],[132.959,-0.458],[132.952,-0.454],[132.935,-0.463],[132.915,-0.466],[132.902,-0.464],[132.888,-0.453],[132.888,-0.449],[132.874,-0.45],[132.822,-0.428],[132.79,-0.412],[132.786,-0.402],[132.776,-0.404],[132.768,-0.401],[132.76,-0.391],[132.747,-0.393],[132.734,-0.388],[132.724,-0.381],[132.719,-0.374],[132.721,-0.365],[132.715,-0.362],[132.705,-0.363],[132.699,-0.371],[132.682,-0.371],[132.671,-0.37],[132.655,-0.365],[132.646,-0.368],[132.626,-0.365],[132.614,-0.36],[132.605,-0.362],[132.599,-0.358],[132.593,-0.362],[132.578,-0.363],[132.543,-0.355],[132.531,-0.355],[132.518,-0.36],[132.508,-0.359],[132.476,-0.355],[132.419,-0.344],[132.411,-0.354],[132.398,-0.355],[132.391,-0.363],[132.365,-0.365],[132.363,-0.37],[132.35,-0.375],[132.34,-0.382],[132.319,-0.382],[132.27,-0.38],[132.262,-0.381],[132.264,-0.389],[132.26,-0.398],[132.248,-0.405],[132.217,-0.409],[132.208,-0.409],[132.201,-0.413],[132.191,-0.415],[132.174,-0.423],[132.158,-0.436],[132.146,-0.449],[132.143,-0.457],[132.127,-0.462],[132.116,-0.471],[132.095,-0.479],[132.085,-0.494],[132.079,-0.499],[132.085,-0.515],[132.071,-0.54],[132.055,-0.55],[132.041,-0.555],[132.015,-0.559],[132.005,-0.567],[131.992,-0.568],[131.975,-0.58],[131.973,-0.586],[131.963,-0.596],[131.956,-0.606],[131.939,-0.614],[131.938,-0.621],[131.925,-0.627],[131.923,-0.638],[131.916,-0.647],[131.903,-0.655],[131.906,-0.67],[131.903,-0.676],[131.892,-0.68],[131.869,-0.693],[131.847,-0.706],[131.824,-0.712],[131.82,-0.714],[131.799,-0.717],[131.791,-0.72],[131.776,-0.721],[131.756,-0.726],[131.742,-0.731],[131.72,-0.734],[131.716,-0.731],[131.704,-0.739],[131.699,-0.736],[131.65,-0.747],[131.637,-0.746],[131.628,-0.749],[131.597,-0.755],[131.588,-0.748],[131.581,-0.749],[131.577,-0.755],[131.558,-0.765],[131.543,-0.77],[131.531,-0.768],[131.519,-0.77],[131.507,-0.775],[131.507,-0.768],[131.516,-0.757],[131.542,-0.748],[131.542,-0.729],[131.532,-0.727],[131.512,-0.73],[131.492,-0.736],[131.48,-0.743],[131.475,-0.743],[131.466,-0.752],[131.449,-0.755],[131.427,-0.756],[131.42,-0.759],[131.417,-0.767],[131.397,-0.777],[131.375,-0.784],[131.359,-0.781],[131.348,-0.787],[131.33,-0.789],[131.327,-0.797],[131.317,-0.797],[131.304,-0.803],[131.283,-0.806],[131.258,-0.814],[131.247,-0.82],[131.233,-0.816],[131.225,-0.822],[131.228,-0.829],[131.235,-0.83],[131.247,-0.849],[131.246,-0.864],[131.242,-0.877],[131.252,-0.878],[131.27,-0.889],[131.28,-0.897],[131.288,-0.899],[131.285,-0.914],[131.268,-0.92],[131.268,-0.932],[131.274,-0.937],[131.276,-0.947],[131.27,-0.955],[131.271,-0.964],[131.278,-0.974],[131.284,-0.992],[131.271,-0.995],[131.262,-0.993],[131.253,-1.013],[131.245,-1.02],[131.241,-1.027],[131.24,-1.036],[131.246,-1.041],[131.246,-1.049],[131.241,-1.055],[131.245,-1.064],[131.244,-1.071],[131.249,-1.082],[131.238,-1.092],[131.225,-1.131],[131.214,-1.147],[131.2,-1.171],[131.2,-1.178],[131.193,-1.183],[131.182,-1.212],[131.176,-1.221],[131.169,-1.225],[131.15,-1.229],[131.114,-1.243],[131.096,-1.248],[131.084,-1.24],[131.059,-1.253],[131.05,-1.255],[131.05,-1.261],[131.034,-1.28],[131.024,-1.285],[131.028,-1.297],[131.026,-1.309],[131.014,-1.318],[131.008,-1.355],[131.003,-1.357],[130.999,-1.369],[131.001,-1.377],[130.995,-1.387],[130.973,-1.395],[130.961,-1.407],[130.935,-1.421],[130.932,-1.429],[130.945,-1.442],[130.971,-1.445],[130.982,-1.448],[130.997,-1.457],[131.01,-1.454],[131.041,-1.451],[131.077,-1.449],[131.09,-1.45],[131.108,-1.455],[131.118,-1.461],[131.14,-1.463],[131.158,-1.462],[131.174,-1.467],[131.177,-1.47],[131.179,-1.491],[131.191,-1.497],[131.193,-1.506],[131.201,-1.509],[131.205,-1.521],[131.219,-1.522],[131.224,-1.513],[131.232,-1.514],[131.241,-1.51],[131.261,-1.505],[131.282,-1.504],[131.299,-1.492],[131.311,-1.486],[131.318,-1.478],[131.336,-1.463],[131.337,-1.436],[131.332,-1.428],[131.32,-1.426],[131.304,-1.417],[131.286,-1.401],[131.27,-1.386],[131.271,-1.379],[131.28,-1.374],[131.292,-1.381],[131.315,-1.371],[131.314,-1.367],[131.296,-1.357],[131.304,-1.353],[131.323,-1.351],[131.336,-1.346],[131.339,-1.357],[131.347,-1.362],[131.357,-1.363],[131.364,-1.373],[131.367,-1.39],[131.39,-1.41],[131.396,-1.421],[131.406,-1.432],[131.382,-1.443],[131.38,-1.453],[131.394,-1.466],[131.429,-1.491],[131.444,-1.505],[131.469,-1.503],[131.483,-1.481],[131.494,-1.475],[131.502,-1.466],[131.508,-1.475],[131.52,-1.472],[131.528,-1.438],[131.533,-1.425],[131.524,-1.409],[131.521,-1.398],[131.526,-1.387],[131.534,-1.385],[131.55,-1.386],[131.548,-1.375],[131.538,-1.364],[131.538,-1.357],[131.556,-1.376],[131.556,-1.385],[131.551,-1.39],[131.536,-1.392],[131.526,-1.397],[131.54,-1.421],[131.539,-1.431],[131.534,-1.444],[131.534,-1.459],[131.525,-1.477],[131.539,-1.487],[131.543,-1.492],[131.556,-1.493],[131.565,-1.486],[131.57,-1.474],[131.583,-1.46],[131.577,-1.455],[131.593,-1.452],[131.609,-1.456],[131.622,-1.449],[131.64,-1.449],[131.646,-1.442],[131.653,-1.44],[131.661,-1.445],[131.655,-1.458],[131.664,-1.465],[131.671,-1.462],[131.664,-1.45],[131.667,-1.443],[131.676,-1.434],[131.656,-1.417],[131.652,-1.404],[131.663,-1.4],[131.673,-1.408],[131.683,-1.405],[131.691,-1.388],[131.697,-1.391],[131.685,-1.408],[131.67,-1.411],[131.659,-1.405],[131.654,-1.409],[131.669,-1.419],[131.68,-1.429],[131.684,-1.438],[131.693,-1.435],[131.701,-1.428],[131.715,-1.424],[131.739,-1.442],[131.746,-1.457],[131.746,-1.489],[131.741,-1.508],[131.729,-1.522],[131.713,-1.537],[131.705,-1.539],[131.695,-1.548],[131.696,-1.559],[131.705,-1.572],[131.713,-1.579],[131.728,-1.583],[131.74,-1.579],[131.759,-1.575],[131.772,-1.57],[131.796,-1.55],[131.798,-1.543],[131.788,-1.506],[131.791,-1.491],[131.796,-1.484],[131.809,-1.48],[131.82,-1.482],[131.814,-1.491],[131.809,-1.49],[131.795,-1.491],[131.793,-1.505],[131.804,-1.519],[131.807,-1.529],[131.807,-1.55],[131.8,-1.561],[131.786,-1.574],[131.78,-1.59],[131.78,-1.599],[131.787,-1.608],[131.796,-1.612],[131.811,-1.614],[131.838,-1.589],[131.85,-1.584],[131.854,-1.57],[131.859,-1.564],[131.879,-1.557],[131.877,-1.564],[131.862,-1.569],[131.862,-1.574],[131.869,-1.583],[131.877,-1.585],[131.888,-1.581],[131.899,-1.57],[131.919,-1.558],[131.94,-1.554],[131.951,-1.557],[131.97,-1.549],[131.972,-1.515],[131.96,-1.483],[131.959,-1.475],[131.968,-1.468],[131.975,-1.467],[131.977,-1.456],[131.987,-1.473],[131.964,-1.477],[131.969,-1.488],[131.983,-1.505],[131.98,-1.513],[131.996,-1.507],[132,-1.518],[131.994,-1.52],[131.979,-1.518],[131.98,-1.535],[131.984,-1.55],[131.975,-1.552],[131.97,-1.559],[131.962,-1.562],[131.936,-1.574],[131.93,-1.573],[131.915,-1.584],[131.899,-1.599],[131.892,-1.61],[131.881,-1.638],[131.881,-1.645],[131.89,-1.666],[131.901,-1.674],[131.898,-1.685],[131.9,-1.698],[131.908,-1.714],[131.918,-1.72],[131.949,-1.71],[131.954,-1.706],[131.962,-1.708],[131.974,-1.706],[131.983,-1.699],[131.988,-1.682],[132.009,-1.666],[132.036,-1.666],[132.04,-1.669],[132.051,-1.666],[132.057,-1.654],[132.049,-1.651],[132.044,-1.639],[132.05,-1.627],[132.058,-1.621],[132.067,-1.621],[132.069,-1.615],[132.066,-1.598],[132.072,-1.592],[132.08,-1.589],[132.085,-1.578],[132.092,-1.571],[132.095,-1.563],[132.105,-1.563],[132.104,-1.572],[132.093,-1.574],[132.086,-1.581],[132.083,-1.593],[132.071,-1.598],[132.073,-1.606],[132.073,-1.619],[132.068,-1.624],[132.056,-1.626],[132.051,-1.63],[132.049,-1.641],[132.06,-1.647],[132.07,-1.64],[132.066,-1.657],[132.056,-1.675],[132.042,-1.68],[132.007,-1.683],[132.012,-1.696],[132.029,-1.702],[132.048,-1.72],[132.042,-1.723],[132.034,-1.721],[132.027,-1.714],[132.018,-1.726],[132.014,-1.733],[132.014,-1.746],[131.995,-1.738],[131.989,-1.749],[131.97,-1.769],[131.953,-1.777],[131.951,-1.791],[131.929,-1.802],[131.921,-1.814],[131.929,-1.824],[131.948,-1.844],[131.954,-1.831],[131.963,-1.843],[131.952,-1.85],[131.949,-1.86],[131.954,-1.863],[131.961,-1.857],[131.97,-1.862],[131.984,-1.877],[131.974,-1.891],[131.976,-1.899],[131.973,-1.914],[131.98,-1.918],[131.988,-1.93],[131.982,-1.933],[131.983,-1.944],[131.981,-1.954],[131.967,-1.962],[131.983,-1.981],[132.006,-1.996],[132.01,-2.006],[132.02,-2.002],[132.023,-2.011],[132.034,-2.023],[132.042,-2.027],[132.05,-2.021],[132.062,-2.019],[132.052,-2],[132.059,-1.988],[132.054,-1.968],[132.062,-1.96],[132.072,-1.96],[132.071,-1.95],[132.08,-1.954],[132.091,-1.953],[132.098,-1.957],[132.101,-1.973],[132.087,-1.979],[132.083,-1.986],[132.09,-1.999],[132.087,-2.006],[132.074,-2.01],[132.08,-2.019],[132.086,-2.021],[132.091,-2.01],[132.109,-1.99],[132.112,-1.996],[132.095,-2.018],[132.095,-2.025],[132.08,-2.035],[132.078,-2.041],[132.064,-2.051],[132.053,-2.056],[132.04,-2.057],[132.04,-2.072],[132.05,-2.082],[132.067,-2.089],[132.068,-2.095],[132.087,-2.111],[132.108,-2.126],[132.125,-2.137],[132.129,-2.129],[132.123,-2.119],[132.115,-2.112],[132.127,-2.102],[132.137,-2.112],[132.128,-2.12],[132.14,-2.135],[132.142,-2.149],[132.18,-2.153],[132.197,-2.148],[132.194,-2.144],[132.174,-2.141],[132.168,-2.133],[132.169,-2.124],[132.175,-2.119],[132.186,-2.122],[132.19,-2.116],[132.188,-2.104],[132.183,-2.093],[132.188,-2.081],[132.195,-2.079],[132.19,-2.092],[132.196,-2.095],[132.191,-2.107],[132.193,-2.119],[132.187,-2.124],[132.174,-2.122],[132.171,-2.134],[132.174,-2.139],[132.194,-2.141],[132.199,-2.146],[132.193,-2.163],[132.203,-2.171],[132.221,-2.181],[132.236,-2.192],[132.252,-2.21],[132.297,-2.27],[132.309,-2.28],[132.318,-2.284],[132.325,-2.276],[132.333,-2.273],[132.356,-2.271],[132.374,-2.266],[132.403,-2.251],[132.408,-2.247],[132.432,-2.233],[132.441,-2.231],[132.462,-2.22],[132.492,-2.207],[132.527,-2.195],[132.538,-2.193],[132.573,-2.189],[132.585,-2.19],[132.593,-2.193],[132.607,-2.211],[132.608,-2.223],[132.619,-2.247],[132.623,-2.262],[132.63,-2.274],[132.643,-2.288],[132.651,-2.289],[132.652,-2.277],[132.671,-2.285],[132.676,-2.293],[132.706,-2.298],[132.716,-2.297],[132.735,-2.272],[132.765,-2.257],[132.783,-2.25],[132.803,-2.245],[132.818,-2.243],[132.839,-2.243],[132.858,-2.247],[132.869,-2.253],[132.876,-2.26],[132.882,-2.273],[132.899,-2.277],[132.899,-2.281],[132.917,-2.28],[132.939,-2.277],[132.946,-2.27],[132.951,-2.283],[132.958,-2.292],[132.972,-2.287],[132.983,-2.277],[132.998,-2.272],[133.012,-2.253],[133.026,-2.241],[133.036,-2.237],[133.068,-2.23],[133.087,-2.232],[133.093,-2.235],[133.107,-2.229],[133.117,-2.228],[133.135,-2.206],[133.15,-2.199],[133.159,-2.197],[133.181,-2.195],[133.217,-2.203],[133.224,-2.215],[133.238,-2.208],[133.245,-2.201],[133.254,-2.204],[133.264,-2.201],[133.272,-2.195],[133.277,-2.201],[133.289,-2.21],[133.307,-2.216],[133.32,-2.214],[133.328,-2.219],[133.335,-2.216],[133.367,-2.21],[133.372,-2.202],[133.384,-2.211],[133.39,-2.208],[133.406,-2.21],[133.41,-2.217],[133.423,-2.229],[133.446,-2.23],[133.46,-2.227],[133.468,-2.231],[133.488,-2.231],[133.499,-2.228],[133.51,-2.23],[133.52,-2.235],[133.556,-2.222],[133.586,-2.223],[133.596,-2.233],[133.603,-2.235],[133.621,-2.235],[133.646,-2.218],[133.673,-2.223],[133.687,-2.24],[133.681,-2.253],[133.676,-2.256],[133.676,-2.264],[133.695,-2.256],[133.709,-2.253],[133.721,-2.268],[133.731,-2.267],[133.746,-2.259],[133.793,-2.277],[133.816,-2.291],[133.832,-2.291],[133.844,-2.284],[133.864,-2.278],[133.869,-2.283],[133.867,-2.307],[133.831,-2.318],[133.823,-2.332],[133.833,-2.331],[133.86,-2.341],[133.854,-2.357],[133.861,-2.366],[133.858,-2.387],[133.841,-2.394],[133.828,-2.411],[133.815,-2.412],[133.803,-2.416],[133.777,-2.419],[133.761,-2.418],[133.756,-2.422],[133.733,-2.425],[133.727,-2.438],[133.727,-2.446],[133.735,-2.452],[133.746,-2.472],[133.768,-2.482],[133.782,-2.483],[133.785,-2.486],[133.787,-2.504],[133.801,-2.527],[133.81,-2.556],[133.807,-2.623],[133.801,-2.64],[133.802,-2.647],[133.786,-2.661],[133.767,-2.665],[133.76,-2.673],[133.747,-2.672],[133.742,-2.667],[133.743,-2.661],[133.751,-2.656],[133.753,-2.629],[133.747,-2.621],[133.731,-2.624],[133.715,-2.62],[133.688,-2.619],[133.682,-2.637],[133.673,-2.658],[133.67,-2.677],[133.684,-2.691],[133.686,-2.704],[133.682,-2.715],[133.664,-2.737],[133.649,-2.748],[133.643,-2.768],[133.639,-2.767],[133.646,-2.744],[133.658,-2.738],[133.666,-2.724],[133.677,-2.701],[133.676,-2.694],[133.664,-2.683],[133.659,-2.67],[133.662,-2.659],[133.663,-2.625],[133.665,-2.611],[133.673,-2.572],[133.672,-2.564],[133.662,-2.551],[133.653,-2.545],[133.651,-2.539],[133.64,-2.532],[133.614,-2.538],[133.596,-2.551],[133.583,-2.564],[133.572,-2.565],[133.561,-2.576],[133.571,-2.591],[133.584,-2.601],[133.589,-2.597],[133.598,-2.602],[133.595,-2.61],[133.601,-2.612],[133.606,-2.624],[133.587,-2.634],[133.579,-2.634],[133.571,-2.629],[133.559,-2.607],[133.554,-2.605],[133.535,-2.612],[133.526,-2.632],[133.527,-2.643],[133.512,-2.649],[133.512,-2.661],[133.506,-2.669],[133.499,-2.669],[133.493,-2.646],[133.476,-2.641],[133.465,-2.65],[133.466,-2.655],[133.48,-2.663],[133.473,-2.666],[133.465,-2.66],[133.462,-2.651],[133.472,-2.641],[133.463,-2.632],[133.45,-2.646],[133.439,-2.644],[133.438,-2.658],[133.439,-2.687],[133.452,-2.685],[133.456,-2.69],[133.454,-2.702],[133.441,-2.695],[133.435,-2.685],[133.435,-2.676],[133.428,-2.677],[133.419,-2.674],[133.417,-2.682],[133.421,-2.686],[133.413,-2.695],[133.398,-2.69],[133.393,-2.673],[133.388,-2.67],[133.38,-2.677],[133.368,-2.683],[133.352,-2.685],[133.33,-2.679],[133.313,-2.666],[133.305,-2.671],[133.288,-2.687],[133.29,-2.676],[133.308,-2.664],[133.318,-2.665],[133.327,-2.671],[133.352,-2.676],[133.368,-2.674],[133.374,-2.667],[133.382,-2.652],[133.381,-2.645],[133.374,-2.624],[133.372,-2.596],[133.376,-2.576],[133.381,-2.528],[133.379,-2.516],[133.375,-2.508],[133.364,-2.501],[133.35,-2.489],[133.335,-2.481],[133.326,-2.469],[133.309,-2.461],[133.308,-2.451],[133.299,-2.441],[133.278,-2.429],[133.269,-2.426],[133.245,-2.423],[133.237,-2.416],[133.217,-2.411],[133.212,-2.412],[133.198,-2.426],[133.181,-2.432],[133.17,-2.431],[133.152,-2.437],[133.126,-2.437],[133.114,-2.45],[133.098,-2.461],[133.082,-2.464],[133.065,-2.482],[133.053,-2.488],[133.04,-2.498],[133.031,-2.518],[133.015,-2.537],[133.006,-2.552],[132.995,-2.563],[132.969,-2.599],[132.95,-2.62],[132.941,-2.626],[132.932,-2.637],[132.933,-2.643],[132.924,-2.647],[132.908,-2.669],[132.863,-2.713],[132.852,-2.722],[132.825,-2.748],[132.811,-2.756],[132.806,-2.768],[132.791,-2.77],[132.793,-2.781],[132.77,-2.78],[132.748,-2.798],[132.734,-2.803],[132.715,-2.798],[132.703,-2.79],[132.702,-2.782],[132.691,-2.785],[132.685,-2.775],[132.665,-2.766],[132.667,-2.759],[132.66,-2.756],[132.658,-2.749],[132.642,-2.733],[132.636,-2.725],[132.624,-2.724],[132.619,-2.715],[132.611,-2.714],[132.607,-2.707],[132.598,-2.707],[132.591,-2.694],[132.565,-2.69],[132.561,-2.687],[132.542,-2.691],[132.534,-2.684],[132.519,-2.679],[132.504,-2.683],[132.494,-2.681],[132.482,-2.683],[132.467,-2.693],[132.497,-2.711],[132.474,-2.713],[132.467,-2.709],[132.454,-2.726],[132.437,-2.736],[132.436,-2.731],[132.447,-2.722],[132.455,-2.711],[132.448,-2.703],[132.435,-2.699],[132.43,-2.701],[132.42,-2.697],[132.427,-2.689],[132.435,-2.689],[132.441,-2.682],[132.426,-2.676],[132.411,-2.683],[132.394,-2.686],[132.364,-2.677],[132.361,-2.671],[132.343,-2.665],[132.331,-2.664],[132.322,-2.659],[132.31,-2.663],[132.293,-2.659],[132.259,-2.661],[132.24,-2.66],[132.233,-2.654],[132.214,-2.653],[132.203,-2.657],[132.19,-2.654],[132.179,-2.667],[132.167,-2.66],[132.157,-2.663],[132.142,-2.664],[132.131,-2.675],[132.116,-2.685],[132.112,-2.694],[132.123,-2.697],[132.125,-2.69],[132.135,-2.686],[132.148,-2.688],[132.158,-2.694],[132.172,-2.697],[132.191,-2.698],[132.201,-2.704],[132.172,-2.705],[132.155,-2.713],[132.142,-2.721],[132.14,-2.714],[132.129,-2.71],[132.124,-2.715],[132.121,-2.725],[132.103,-2.709],[132.095,-2.719],[132.099,-2.728],[132.109,-2.732],[132.104,-2.74],[132.099,-2.738],[132.092,-2.745],[132.081,-2.74],[132.084,-2.725],[132.074,-2.725],[132.066,-2.732],[132.071,-2.743],[132.061,-2.749],[132.055,-2.742],[132.057,-2.737],[132.05,-2.73],[132.031,-2.742],[132.026,-2.737],[132.013,-2.746],[132.012,-2.751],[132.001,-2.753],[131.993,-2.752],[131.977,-2.757],[131.958,-2.766],[131.952,-2.772],[131.972,-2.779],[131.981,-2.775],[131.989,-2.779],[132.004,-2.78],[132.024,-2.777],[132.027,-2.77],[132.045,-2.771],[132.047,-2.777],[132.057,-2.785],[132.055,-2.795],[132.046,-2.803],[132.042,-2.81],[132.017,-2.813],[132.015,-2.82],[132.006,-2.816],[132.005,-2.824],[131.994,-2.828],[132.02,-2.833],[132.029,-2.844],[132.022,-2.852],[132.029,-2.868],[132.018,-2.879],[132,-2.874],[131.976,-2.88],[131.984,-2.895],[131.975,-2.898],[131.98,-2.904],[131.989,-2.89],[131.996,-2.891],[131.996,-2.898],[132.005,-2.899],[132.009,-2.889],[132.016,-2.892],[132.019,-2.903],[132.032,-2.899],[132.033,-2.912],[132.04,-2.922],[132.043,-2.916],[132.053,-2.909],[132.053,-2.894],[132.061,-2.899],[132.065,-2.908],[132.08,-2.916],[132.08,-2.921],[132.075,-2.934],[132.078,-2.946],[132.089,-2.958],[132.098,-2.957],[132.103,-2.952],[132.118,-2.948],[132.107,-2.934],[132.121,-2.932],[132.134,-2.941],[132.152,-2.94],[132.15,-2.928],[132.174,-2.931],[132.186,-2.928],[132.188,-2.922],[132.2,-2.93],[132.207,-2.923],[132.205,-2.909],[132.216,-2.921],[132.228,-2.924],[132.248,-2.923],[132.265,-2.926],[132.278,-2.93],[132.286,-2.928],[132.299,-2.934],[132.312,-2.935],[132.325,-2.94],[132.334,-2.939],[132.34,-2.946],[132.352,-2.938],[132.353,-2.949],[132.344,-2.953],[132.351,-2.965],[132.361,-2.965],[132.369,-2.975],[132.378,-2.976],[132.381,-2.98],[132.406,-2.986],[132.419,-3],[132.436,-3.006],[132.486,-3.046],[132.496,-3.05],[132.502,-3.06],[132.507,-3.061],[132.514,-3.07],[132.514,-3.076],[132.523,-3.078],[132.537,-3.093],[132.549,-3.1],[132.563,-3.111],[132.567,-3.117],[132.575,-3.147],[132.581,-3.161],[132.593,-3.167],[132.611,-3.18],[132.621,-3.177],[132.638,-3.185],[132.646,-3.192],[132.647,-3.207],[132.639,-3.218],[132.624,-3.222],[132.609,-3.219],[132.596,-3.221],[132.597,-3.231],[132.615,-3.244],[132.624,-3.256],[132.637,-3.263],[132.636,-3.271],[132.644,-3.279],[132.649,-3.289],[132.651,-3.302],[132.655,-3.302],[132.664,-3.316],[132.68,-3.325],[132.687,-3.326],[132.712,-3.339],[132.728,-3.337],[132.734,-3.319],[132.733,-3.298],[132.727,-3.28],[132.74,-3.28],[132.752,-3.277],[132.762,-3.264],[132.77,-3.261],[132.775,-3.269],[132.781,-3.27],[132.793,-3.263],[132.808,-3.261],[132.81,-3.268],[132.804,-3.271],[132.803,-3.281],[132.808,-3.292],[132.821,-3.296],[132.829,-3.302],[132.83,-3.326],[132.825,-3.332],[132.818,-3.329],[132.816,-3.344],[132.809,-3.345],[132.801,-3.357],[132.801,-3.372],[132.804,-3.379],[132.812,-3.387],[132.812,-3.4],[132.816,-3.41],[132.821,-3.435],[132.817,-3.444],[132.823,-3.453],[132.835,-3.461],[132.843,-3.472],[132.852,-3.477],[132.867,-3.475],[132.867,-3.466],[132.881,-3.462],[132.888,-3.467],[132.885,-3.484],[132.891,-3.489],[132.888,-3.502],[132.895,-3.51],[132.896,-3.518],[132.904,-3.528],[132.913,-3.534],[132.907,-3.539],[132.908,-3.547],[132.916,-3.55],[132.923,-3.545],[132.936,-3.549],[132.937,-3.554],[132.927,-3.561],[132.919,-3.575],[132.905,-3.574],[132.901,-3.59],[132.895,-3.597],[132.894,-3.612],[132.901,-3.636],[132.891,-3.645],[132.881,-3.641],[132.866,-3.645],[132.843,-3.639],[132.838,-3.641],[132.829,-3.635],[132.822,-3.638],[132.805,-3.634],[132.787,-3.637],[132.768,-3.636],[132.753,-3.626],[132.742,-3.626],[132.732,-3.629],[132.728,-3.64],[132.73,-3.658],[132.733,-3.67],[132.734,-3.685],[132.74,-3.694],[132.747,-3.711],[132.751,-3.713],[132.757,-3.73],[132.757,-3.736],[132.766,-3.76],[132.774,-3.759],[132.777,-3.775],[132.783,-3.788],[132.786,-3.801],[132.787,-3.828],[132.795,-3.83],[132.796,-3.847],[132.807,-3.861],[132.807,-3.867],[132.816,-3.883],[132.822,-3.886],[132.829,-3.902],[132.829,-3.909],[132.842,-3.926],[132.838,-3.93],[132.844,-3.943],[132.843,-3.951],[132.825,-3.939],[132.824,-3.927],[132.811,-3.921],[132.806,-3.936],[132.808,-3.944],[132.817,-3.957],[132.823,-3.961],[132.827,-3.952],[132.839,-3.959],[132.837,-3.97],[132.839,-3.985],[132.848,-3.995],[132.854,-3.995],[132.868,-4.003],[132.876,-4.016],[132.9,-4.029],[132.903,-4.037],[132.918,-4.048],[132.92,-4.055],[132.917,-4.064],[132.918,-4.083],[132.932,-4.094],[132.947,-4.095],[132.96,-4.105],[132.972,-4.103],[132.979,-4.108],[132.993,-4.104],[133,-4.109],[133.005,-4.108],[133.015,-4.117],[133.021,-4.117],[133.023,-4.105],[133.017,-4.093],[133.032,-4.085],[133.027,-4.077],[133.035,-4.075],[133.045,-4.064],[133.057,-4.061],[133.065,-4.056],[133.079,-4.054],[133.084,-4.056],[133.103,-4.059],[133.117,-4.066],[133.143,-4.068],[133.151,-4.071],[133.18,-4.068],[133.231,-4.073],[133.25,-4.073],[133.258,-4.067],[133.261,-4.061],[133.261,-4.051],[133.269,-4.035],[133.278,-4.03],[133.302,-4.023],[133.315,-4.013],[133.33,-3.988],[133.33,-3.98],[133.337,-3.978],[133.352,-3.963],[133.353,-3.956],[133.37,-3.94],[133.393,-3.913],[133.403,-3.903],[133.402,-3.898],[133.391,-3.894],[133.379,-3.895],[133.368,-3.906],[133.36,-3.909],[133.351,-3.907],[133.34,-3.901],[133.317,-3.872],[133.314,-3.847],[133.29,-3.839],[133.292,-3.835],[133.313,-3.842],[133.319,-3.848],[133.322,-3.869],[133.326,-3.876],[133.35,-3.9],[133.359,-3.901],[133.365,-3.897],[133.365,-3.887],[133.385,-3.881],[133.401,-3.886],[133.413,-3.877],[133.429,-3.869],[133.435,-3.862],[133.443,-3.864],[133.457,-3.86],[133.459,-3.852],[133.45,-3.82],[133.432,-3.804],[133.428,-3.805],[133.415,-3.8],[133.41,-3.785],[133.409,-3.772],[133.404,-3.759],[133.394,-3.745],[133.394,-3.735],[133.409,-3.709],[133.398,-3.692],[133.397,-3.68],[133.399,-3.665],[133.403,-3.658],[133.412,-3.652],[133.411,-3.63],[133.408,-3.606],[133.399,-3.593],[133.384,-3.597],[133.37,-3.596],[133.353,-3.581],[133.359,-3.579],[133.38,-3.594],[133.395,-3.588],[133.402,-3.589],[133.415,-3.602],[133.435,-3.596],[133.427,-3.586],[133.423,-3.571],[133.429,-3.563],[133.436,-3.559],[133.448,-3.562],[133.461,-3.543],[133.457,-3.533],[133.45,-3.527],[133.44,-3.524],[133.446,-3.516],[133.46,-3.526],[133.465,-3.546],[133.456,-3.559],[133.447,-3.565],[133.433,-3.564],[133.427,-3.576],[133.438,-3.588],[133.438,-3.599],[133.418,-3.613],[133.415,-3.621],[133.423,-3.632],[133.425,-3.639],[133.423,-3.652],[133.411,-3.675],[133.407,-3.689],[133.417,-3.689],[133.432,-3.683],[133.449,-3.673],[133.47,-3.653],[133.489,-3.626],[133.518,-3.604],[133.532,-3.598],[133.555,-3.586],[133.56,-3.581],[133.583,-3.57],[133.589,-3.548],[133.598,-3.529],[133.568,-3.489],[133.558,-3.471],[133.55,-3.454],[133.55,-3.43],[133.557,-3.426],[133.564,-3.429],[133.59,-3.42],[133.599,-3.42],[133.608,-3.411],[133.614,-3.416],[133.618,-3.412],[133.633,-3.416],[133.637,-3.413],[133.644,-3.401],[133.653,-3.392],[133.663,-3.366],[133.661,-3.35],[133.664,-3.339],[133.663,-3.331],[133.656,-3.331],[133.653,-3.325],[133.66,-3.318],[133.658,-3.31],[133.666,-3.301],[133.659,-3.281],[133.655,-3.264],[133.653,-3.241],[133.649,-3.236],[133.653,-3.225],[133.67,-3.209],[133.664,-3.205],[133.66,-3.186],[133.663,-3.176],[133.65,-3.158],[133.655,-3.151],[133.652,-3.133],[133.648,-3.126],[133.652,-3.119],[133.66,-3.116],[133.667,-3.121],[133.671,-3.114],[133.674,-3.1],[133.679,-3.097],[133.703,-3.072],[133.708,-3.059],[133.717,-3.045],[133.731,-3.029],[133.743,-3.032],[133.753,-3.031],[133.758,-3.02],[133.771,-3.025],[133.782,-3.023],[133.79,-3.025],[133.8,-3.002],[133.797,-2.994],[133.798,-2.988],[133.806,-2.981],[133.805,-2.972],[133.809,-2.959],[133.827,-2.945],[133.82,-2.928],[133.811,-2.919],[133.806,-2.909],[133.818,-2.907],[133.838,-2.935],[133.852,-2.941],[133.858,-2.958],[133.851,-2.967],[133.856,-2.987],[133.859,-3.006],[133.866,-3.014],[133.858,-3.026],[133.866,-3.038],[133.873,-3.045],[133.879,-3.059],[133.89,-3.075],[133.903,-3.071],[133.905,-3.082],[133.901,-3.093],[133.91,-3.104],[133.911,-3.114],[133.903,-3.121],[133.896,-3.116],[133.894,-3.106],[133.887,-3.099],[133.892,-3.093],[133.897,-3.079],[133.887,-3.079],[133.875,-3.059],[133.863,-3.056],[133.856,-3.048],[133.853,-3.035],[133.845,-3.021],[133.834,-3.02],[133.827,-3.033],[133.826,-3.044],[133.827,-3.066],[133.832,-3.072],[133.831,-3.08],[133.818,-3.1],[133.805,-3.107],[133.8,-3.119],[133.78,-3.111],[133.771,-3.115],[133.771,-3.122],[133.776,-3.134],[133.775,-3.154],[133.77,-3.158],[133.776,-3.188],[133.764,-3.178],[133.755,-3.176],[133.743,-3.169],[133.729,-3.171],[133.722,-3.176],[133.711,-3.176],[133.698,-3.171],[133.705,-3.198],[133.703,-3.206],[133.696,-3.216],[133.681,-3.214],[133.669,-3.227],[133.665,-3.24],[133.668,-3.271],[133.673,-3.304],[133.677,-3.317],[133.669,-3.318],[133.688,-3.381],[133.699,-3.407],[133.685,-3.42],[133.674,-3.435],[133.663,-3.439],[133.658,-3.445],[133.648,-3.448],[133.641,-3.445],[133.635,-3.448],[133.633,-3.47],[133.627,-3.474],[133.623,-3.482],[133.632,-3.494],[133.64,-3.496],[133.65,-3.515],[133.656,-3.517],[133.658,-3.527],[133.676,-3.557],[133.683,-3.566],[133.685,-3.574],[133.693,-3.587],[133.7,-3.589],[133.702,-3.6],[133.709,-3.609],[133.704,-3.622],[133.696,-3.634],[133.69,-3.67],[133.701,-3.674],[133.711,-3.664],[133.723,-3.66],[133.732,-3.649],[133.752,-3.646],[133.762,-3.658],[133.759,-3.666],[133.768,-3.672],[133.771,-3.679],[133.783,-3.695],[133.801,-3.71],[133.814,-3.728],[133.82,-3.714],[133.814,-3.697],[133.81,-3.692],[133.8,-3.675],[133.794,-3.66],[133.787,-3.634],[133.785,-3.616],[133.789,-3.589],[133.8,-3.587],[133.805,-3.577],[133.832,-3.555],[133.836,-3.559],[133.835,-3.571],[133.841,-3.585],[133.839,-3.591],[133.84,-3.606],[133.837,-3.618],[133.839,-3.631],[133.847,-3.644],[133.863,-3.657],[133.878,-3.666],[133.887,-3.681],[133.898,-3.688],[133.908,-3.704],[133.908,-3.719],[133.913,-3.728],[133.916,-3.743],[133.927,-3.753],[133.932,-3.751],[133.94,-3.767],[133.929,-3.767],[133.927,-3.76],[133.917,-3.761],[133.914,-3.768],[133.914,-3.785],[133.921,-3.795],[133.924,-3.808],[133.931,-3.814],[133.932,-3.826],[133.943,-3.845],[133.954,-3.851],[133.961,-3.861],[133.969,-3.846],[133.977,-3.841],[133.979,-3.833],[133.986,-3.822],[133.992,-3.824],[134.004,-3.807],[134.015,-3.803],[134.029,-3.789],[134.042,-3.786],[134.049,-3.793],[134.047,-3.799],[134.051,-3.811],[134.061,-3.82],[134.075,-3.816],[134.089,-3.802],[134.098,-3.798],[134.117,-3.792],[134.113,-3.778],[134.098,-3.767],[134.105,-3.753],[134.111,-3.749],[134.12,-3.751],[134.124,-3.763],[134.13,-3.748],[134.139,-3.749],[134.142,-3.76],[134.153,-3.765],[134.161,-3.778],[134.169,-3.78],[134.167,-3.789],[134.172,-3.804],[134.171,-3.809],[134.191,-3.833],[134.18,-3.84],[134.164,-3.856],[134.154,-3.861],[134.147,-3.868],[134.133,-3.873],[134.107,-3.893],[134.116,-3.908],[134.128,-3.903],[134.14,-3.894],[134.153,-3.897],[134.154,-3.901],[134.168,-3.908],[134.168,-3.917],[134.164,-3.927],[134.172,-3.927],[134.182,-3.945],[134.194,-3.959],[134.217,-3.974],[134.245,-3.984],[134.239,-3.967],[134.261,-3.988],[134.261,-3.992],[134.276,-4.004],[134.291,-4.028],[134.287,-4.034],[134.296,-4.048],[134.31,-4.048],[134.318,-4.045],[134.328,-4.024],[134.334,-4.02],[134.324,-4.008],[134.323,-4.001],[134.309,-3.984],[134.293,-3.961],[134.277,-3.949],[134.272,-3.947],[134.269,-3.937],[134.282,-3.934],[134.295,-3.942],[134.309,-3.957],[134.333,-3.966],[134.349,-3.963],[134.359,-3.949],[134.349,-3.934],[134.348,-3.921],[134.354,-3.919],[134.352,-3.91],[134.337,-3.898],[134.329,-3.895],[134.324,-3.883],[134.33,-3.88],[134.338,-3.88],[134.346,-3.886],[134.354,-3.897],[134.359,-3.898],[134.387,-3.911],[134.393,-3.918],[134.404,-3.92],[134.417,-3.916],[134.421,-3.92],[134.437,-3.918],[134.446,-3.933],[134.452,-3.934],[134.453,-3.948],[134.462,-3.95],[134.463,-3.958],[134.474,-3.966],[134.475,-3.981],[134.467,-3.985],[134.454,-3.982],[134.467,-4.001],[134.478,-4.007],[134.485,-4.014],[134.499,-4.018],[134.499,-4.037],[134.507,-4.043],[134.519,-4.039],[134.527,-4.04],[134.537,-4.036],[134.546,-4.027],[134.559,-4.011],[134.565,-4.01],[134.57,-4],[134.579,-3.998],[134.587,-4.002],[134.603,-4],[134.612,-3.991],[134.614,-3.984],[134.612,-3.968],[134.626,-3.963],[134.626,-3.953],[134.633,-3.947],[134.65,-3.948],[134.661,-3.94],[134.661,-3.924],[134.678,-3.92],[134.69,-3.923],[134.707,-3.918],[134.731,-3.935],[134.74,-3.94],[134.749,-3.924],[134.756,-3.918],[134.771,-3.917],[134.789,-3.923],[134.802,-3.933],[134.83,-3.94],[134.837,-3.939],[134.853,-3.941],[134.859,-3.939],[134.876,-3.95],[134.886,-3.941],[134.894,-3.938],[134.917,-3.943],[134.909,-3.951],[134.911,-3.961],[134.918,-3.965],[134.943,-3.954],[134.949,-3.954],[134.963,-3.948],[134.97,-3.954],[134.97,-3.961],[134.957,-3.968],[134.947,-3.971],[134.95,-3.977],[134.942,-3.982],[134.921,-3.982],[134.902,-3.978],[134.893,-3.975],[134.888,-3.978],[134.868,-3.977],[134.855,-3.987],[134.844,-3.983],[134.843,-3.973],[134.835,-3.976],[134.825,-3.974],[134.822,-3.98],[134.806,-3.979],[134.795,-3.969],[134.772,-3.965],[134.767,-3.959],[134.77,-3.945],[134.755,-3.943],[134.743,-3.948],[134.744,-3.953],[134.717,-3.956],[134.694,-3.967],[134.687,-3.969],[134.681,-3.98],[134.667,-3.981],[134.662,-3.984],[134.674,-4.01],[134.668,-4.024],[134.671,-4.038],[134.677,-4.04],[134.688,-4.054],[134.717,-4.054],[134.723,-4.057],[134.702,-4.068],[134.69,-4.067],[134.672,-4.079],[134.652,-4.079],[134.651,-4.073],[134.658,-4.055],[134.652,-4.056],[134.65,-4.068],[134.64,-4.097],[134.637,-4.107],[134.628,-4.118],[134.638,-4.122],[134.654,-4.133],[134.661,-4.133],[134.68,-4.138],[134.703,-4.14],[134.712,-4.137],[134.717,-4.149],[134.717,-4.157],[134.725,-4.173],[134.727,-4.187],[134.722,-4.196],[134.734,-4.207],[134.739,-4.203],[134.747,-4.209],[134.762,-4.208],[134.769,-4.213],[134.783,-4.231],[134.803,-4.237],[134.811,-4.237],[134.815,-4.246],[134.815,-4.252],[134.828,-4.251],[134.834,-4.255],[134.852,-4.251],[134.863,-4.254],[134.882,-4.252],[134.899,-4.258],[134.914,-4.269],[134.927,-4.281],[134.933,-4.292],[134.93,-4.303],[134.94,-4.313],[134.962,-4.326],[134.98,-4.332],[134.998,-4.341],[135.011,-4.35],[135.021,-4.353],[135.032,-4.362],[135.041,-4.376],[135.052,-4.378],[135.059,-4.374],[135.07,-4.376],[135.063,-4.388],[135.084,-4.399],[135.1,-4.409],[135.115,-4.408],[135.118,-4.414],[135.128,-4.421],[135.149,-4.429],[135.152,-4.433],[135.188,-4.453],[135.201,-4.465],[135.208,-4.466],[135.225,-4.463],[135.275,-4.448],[135.299,-4.443],[135.327,-4.443],[135.336,-4.446],[135.353,-4.439],[135.394,-4.436],[135.431,-4.436],[135.462,-4.439],[135.488,-4.442],[135.513,-4.447],[135.581,-4.463],[135.596,-4.473],[135.622,-4.475],[135.649,-4.479],[135.701,-4.49],[135.708,-4.495],[135.72,-4.497],[135.736,-4.495],[135.755,-4.489],[135.79,-4.485],[135.843,-4.484],[135.89,-4.486],[135.909,-4.488],[135.926,-4.492],[135.945,-4.505],[135.953,-4.516],[135.958,-4.527],[135.967,-4.531],[135.978,-4.541],[136.002,-4.551],[136.025,-4.565],[136.037,-4.578],[136.045,-4.576],[136.051,-4.586],[136.059,-4.59],[136.076,-4.584],[136.078,-4.594],[136.092,-4.6],[136.107,-4.619],[136.13,-4.608],[136.134,-4.599],[136.145,-4.594],[136.135,-4.619],[136.145,-4.632],[136.16,-4.633],[136.183,-4.641],[136.2,-4.649],[136.205,-4.655],[136.218,-4.65],[136.225,-4.65],[136.233,-4.663],[136.252,-4.663],[136.29,-4.668],[136.293,-4.673],[136.323,-4.665],[136.345,-4.671],[136.371,-4.684],[136.391,-4.696],[136.401,-4.704],[136.407,-4.699],[136.414,-4.702],[136.418,-4.716],[136.427,-4.722],[136.442,-4.739],[136.461,-4.739],[136.466,-4.741],[136.488,-4.742],[136.499,-4.749],[136.502,-4.755],[136.513,-4.762],[136.518,-4.769],[136.526,-4.769],[136.532,-4.776],[136.534,-4.784],[136.547,-4.791],[136.57,-4.78],[136.572,-4.783],[136.566,-4.793],[136.574,-4.801],[136.585,-4.804],[136.607,-4.814],[136.634,-4.828],[136.643,-4.836],[136.667,-4.845],[136.678,-4.852],[136.694,-4.859],[136.719,-4.862],[136.734,-4.871],[136.752,-4.875],[136.785,-4.887],[136.789,-4.897],[136.795,-4.902],[136.816,-4.912],[136.835,-4.925],[136.839,-4.919],[136.833,-4.914],[136.841,-4.908],[136.868,-4.9],[136.879,-4.891],[136.885,-4.891],[136.9,-4.882],[136.926,-4.887],[136.924,-4.89],[136.928,-4.902],[136.938,-4.906],[136.961,-4.919],[136.975,-4.938],[136.978,-4.939],[136.989,-4.934],[136.999,-4.937],[137.007,-4.936],[137.032,-4.917],[137.042,-4.924],[137.047,-4.922],[137.059,-4.94],[137.069,-4.952],[137.078,-4.958],[137.091,-4.977],[137.108,-4.974],[137.115,-4.96],[137.125,-4.963],[137.13,-4.968],[137.151,-4.973],[137.164,-4.982],[137.17,-4.991],[137.173,-5.003],[137.184,-5.008],[137.187,-4.998],[137.202,-4.995],[137.241,-4.995],[137.246,-5.002],[137.266,-5.016],[137.285,-5.025],[137.286,-5.017],[137.295,-5.011],[137.308,-5.012],[137.326,-5.026],[137.334,-5.035],[137.34,-5.057],[137.359,-5.075],[137.365,-5.079],[137.37,-5.087],[137.387,-5.098],[137.396,-5.108],[137.409,-5.108],[137.415,-5.115],[137.42,-5.125],[137.432,-5.119],[137.44,-5.098],[137.449,-5.098],[137.457,-5.106],[137.477,-5.118],[137.478,-5.122],[137.497,-5.145],[137.513,-5.142],[137.546,-5.14],[137.554,-5.143],[137.557,-5.156],[137.552,-5.169],[137.566,-5.181],[137.595,-5.192],[137.602,-5.196],[137.618,-5.2],[137.622,-5.206],[137.644,-5.215],[137.654,-5.208],[137.671,-5.215],[137.683,-5.233],[137.681,-5.237],[137.689,-5.244],[137.714,-5.272],[137.725,-5.28],[137.73,-5.278],[137.739,-5.287],[137.732,-5.317],[137.725,-5.334],[137.723,-5.346],[137.725,-5.36],[137.732,-5.37],[137.745,-5.373],[137.773,-5.362],[137.782,-5.367],[137.798,-5.372],[137.807,-5.381],[137.832,-5.375],[137.843,-5.374],[137.85,-5.368],[137.876,-5.363],[137.893,-5.37],[137.896,-5.382],[137.921,-5.41],[137.929,-5.413],[137.938,-5.429],[137.983,-5.476],[137.988,-5.48],[138.009,-5.506],[138.014,-5.508],[138.031,-5.508],[138.055,-5.51],[138.069,-5.521],[138.083,-5.525],[138.083,-5.55],[138.065,-5.557],[138.059,-5.563],[138.058,-5.57],[138.051,-5.579],[138.045,-5.599],[138.044,-5.618],[138.048,-5.65],[138.051,-5.659],[138.049,-5.669],[138.067,-5.725],[138.076,-5.736],[138.087,-5.746],[138.098,-5.733],[138.14,-5.72],[138.167,-5.723],[138.176,-5.731],[138.17,-5.747],[138.159,-5.754],[138.156,-5.771],[138.158,-5.783],[138.163,-5.801],[138.168,-5.814],[138.182,-5.823],[138.201,-5.825],[138.231,-5.824],[138.263,-5.832],[138.278,-5.842],[138.254,-5.871],[138.251,-5.886],[138.252,-5.918],[138.27,-5.937],[138.28,-5.944],[138.309,-5.995],[138.326,-6.034],[138.335,-6.051],[138.347,-6.07],[138.348,-6.088],[138.351,-6.096],[138.372,-6.13],[138.374,-6.137],[138.394,-6.168],[138.383,-6.186],[138.383,-6.196],[138.39,-6.228],[138.397,-6.248],[138.403,-6.255],[138.403,-6.264],[138.411,-6.293],[138.416,-6.302],[138.432,-6.325],[138.427,-6.328],[138.42,-6.341],[138.426,-6.356],[138.442,-6.375],[138.451,-6.381],[138.464,-6.395],[138.576,-6.492],[138.603,-6.521],[138.621,-6.544],[138.67,-6.594],[138.678,-6.605],[138.685,-6.608],[138.694,-6.627],[138.676,-6.64],[138.666,-6.656],[138.671,-6.697],[138.662,-6.712],[138.65,-6.723],[138.637,-6.73],[138.625,-6.734],[138.617,-6.739],[138.612,-6.754],[138.614,-6.768],[138.621,-6.782],[138.642,-6.807],[138.665,-6.821],[138.67,-6.829],[138.669,-6.847],[138.653,-6.862],[138.631,-6.877],[138.627,-6.877],[138.607,-6.889],[138.587,-6.898],[138.573,-6.91],[138.57,-6.923],[138.562,-6.935],[138.567,-6.947],[138.585,-6.979],[138.6,-7],[138.618,-7.014],[138.635,-7.021],[138.65,-7.03],[138.686,-7.056],[138.692,-7.067],[138.691,-7.105],[138.685,-7.157],[138.675,-7.196],[138.667,-7.211],[138.672,-7.222],[138.686,-7.231],[138.703,-7.237],[138.712,-7.238],[138.744,-7.255],[138.77,-7.262],[138.794,-7.283],[138.8,-7.291],[138.816,-7.299],[138.855,-7.311],[138.871,-7.322],[138.891,-7.343],[138.906,-7.366],[138.918,-7.392],[138.947,-7.486],[138.958,-7.511],[138.969,-7.522],[138.974,-7.523],[139.01,-7.517],[139.032,-7.515],[139.051,-7.516],[139.077,-7.525],[139.099,-7.539],[139.104,-7.546],[139.11,-7.566],[139.11,-7.582],[139.107,-7.601],[139.079,-7.622],[139.066,-7.635],[139.062,-7.644],[139.058,-7.662],[139.058,-7.675],[139.054,-7.699],[139.048,-7.71],[139.038,-7.721],[139.02,-7.749],[139.016,-7.759],[139.015,-7.785],[139.025,-7.819],[139.023,-7.842],[139.018,-7.854],[139.012,-7.861],[138.99,-7.875],[138.962,-7.89],[138.938,-7.898],[138.919,-7.911],[138.909,-7.931],[138.923,-7.962],[138.922,-7.983],[138.918,-7.993],[138.905,-8.021],[138.903,-8.031],[138.926,-8.058],[138.928,-8.069],[138.919,-8.083],[138.907,-8.088],[138.873,-8.087],[138.86,-8.091],[138.846,-8.1],[138.838,-8.11],[138.834,-8.125],[138.838,-8.145],[138.848,-8.16],[138.856,-8.185],[138.874,-8.207],[138.88,-8.218],[138.898,-8.233],[138.904,-8.245],[138.91,-8.266],[138.921,-8.276],[138.936,-8.274],[138.941,-8.267],[138.96,-8.259],[138.965,-8.251],[138.967,-8.242],[138.989,-8.233],[138.994,-8.227],[138.978,-8.207],[138.988,-8.202],[138.999,-8.191],[139.007,-8.189],[139.024,-8.176],[139.049,-8.164],[139.069,-8.152],[139.064,-8.143],[139.065,-8.134],[139.082,-8.137],[139.096,-8.133],[139.119,-8.125],[139.163,-8.112],[139.21,-8.097],[139.224,-8.095],[139.231,-8.099],[139.228,-8.104],[139.233,-8.121],[139.24,-8.132],[139.251,-8.143],[139.251,-8.15],[139.267,-8.163],[139.28,-8.178],[139.298,-8.18],[139.308,-8.184],[139.309,-8.19],[139.318,-8.198],[139.34,-8.206],[139.377,-8.203],[139.428,-8.198],[139.45,-8.195],[139.463,-8.191],[139.486,-8.178],[139.501,-8.174],[139.508,-8.178],[139.522,-8.17],[139.581,-8.143],[139.584,-8.13],[139.596,-8.13],[139.637,-8.118],[139.67,-8.11],[139.702,-8.105],[139.712,-8.101],[139.739,-8.099],[139.78,-8.1],[139.819,-8.102],[139.834,-8.101],[139.852,-8.102],[139.859,-8.106],[139.881,-8.108],[139.912,-8.105],[139.925,-8.107],[139.947,-8.103],[139.957,-8.124],[139.958,-8.142],[139.968,-8.164],[139.978,-8.18],[139.994,-8.2],[140.049,-8.251],[140.084,-8.276],[140.111,-8.293],[140.125,-8.302],[140.148,-8.321],[140.167,-8.334],[140.184,-8.344],[140.227,-8.356],[140.227,-8.369],[140.23,-8.375],[140.244,-8.393],[140.269,-8.417],[140.325,-8.463],[140.339,-8.471],[140.348,-8.47],[140.355,-8.474],[140.372,-8.505],[140.398,-8.531],[140.41,-8.54],[140.429,-8.56],[140.457,-8.585],[140.483,-8.603],[140.494,-8.608],[140.505,-8.621],[140.509,-8.629],[140.529,-8.688],[140.55,-8.714],[140.581,-8.755],[140.588,-8.767],[140.601,-8.796],[140.62,-8.817],[140.671,-8.867],[140.69,-8.882],[140.727,-8.907],[140.733,-8.914],[140.755,-8.933],[140.762,-8.943],[140.79,-8.974],[140.808,-9],[140.823,-9.019],[140.839,-9.033],[140.864,-9.051],[140.894,-9.087],[140.909,-9.091],[140.93,-9.093],[140.988,-9.111],[141.012,-9.125],[141.02,-9.127],[141.021,-9.133],[141.062,-9.159],[141.069,-9.167],[141.077,-9.182],[141.094,-9.196],[141.121,-9.227],[141.137,-9.234],[141.157,-9.232],[141.163,-9.234],[141.184,-9.233],[141.201,-9.228],[141.21,-9.222],[141.226,-9.218],[141.264,-9.197],[141.281,-9.185],[141.321,-9.146],[141.326,-9.137],[141.341,-9.138],[141.345,-9.141],[141.359,-9.141],[141.385,-9.137],[141.403,-9.136],[141.433,-9.14],[141.457,-9.145],[141.482,-9.158],[141.504,-9.175],[141.515,-9.191],[141.526,-9.196],[141.577,-9.2],[141.599,-9.198],[141.608,-9.2],[141.626,-9.212],[141.645,-9.209],[141.673,-9.203],[141.687,-9.199],[141.728,-9.194],[141.75,-9.188],[141.77,-9.18],[141.797,-9.182],[141.812,-9.186],[141.825,-9.187],[141.852,-9.197],[141.886,-9.201],[141.902,-9.198],[141.916,-9.199],[141.927,-9.195],[141.953,-9.174],[141.966,-9.171],[141.982,-9.178],[142.007,-9.174],[142.015,-9.174],[142.027,-9.171],[142.054,-9.168],[142.061,-9.172],[142.075,-9.175],[142.081,-9.178],[142.089,-9.17],[142.103,-9.169],[142.11,-9.165],[142.129,-9.161],[142.147,-9.164],[142.15,-9.161],[142.17,-9.158],[142.181,-9.152],[142.18,-9.145],[142.205,-9.128],[142.209,-9.121],[142.212,-9.085],[142.223,-9.085],[142.223,-9.114],[142.22,-9.128],[142.214,-9.145],[142.219,-9.149],[142.243,-9.158],[142.251,-9.165],[142.263,-9.17],[142.269,-9.175],[142.295,-9.195],[142.312,-9.197],[142.319,-9.195],[142.352,-9.202],[142.355,-9.202],[142.376,-9.21],[142.383,-9.216],[142.396,-9.218],[142.41,-9.218],[142.445,-9.231],[142.469,-9.245],[142.481,-9.25],[142.495,-9.263],[142.513,-9.275],[142.536,-9.299],[142.548,-9.305],[142.57,-9.323],[142.577,-9.321],[142.587,-9.325],[142.606,-9.323],[142.624,-9.33],[142.64,-9.332],[142.662,-9.32],[142.67,-9.32],[142.68,-9.309],[142.705,-9.303],[142.733,-9.279],[142.743,-9.274],[142.746,-9.276],[142.765,-9.259],[142.782,-9.259],[142.797,-9.246],[142.813,-9.236],[142.856,-9.214],[142.879,-9.201],[142.887,-9.189],[142.895,-9.189],[142.914,-9.181],[142.938,-9.166],[142.946,-9.155],[142.951,-9.142],[142.959,-9.14],[143.009,-9.104],[143.017,-9.1],[143.058,-9.089],[143.081,-9.081],[143.096,-9.074],[143.099,-9.074],[143.123,-9.071],[143.135,-9.071],[143.149,-9.06],[143.155,-9.058],[143.173,-9.038],[143.181,-9.034],[143.19,-9.038],[143.224,-9.036],[143.265,-9.02],[143.282,-9.017],[143.299,-9.016],[143.332,-9.026],[143.364,-9.007],[143.375,-9.006],[143.386,-8.989],[143.404,-8.98],[143.419,-8.963],[143.415,-8.945],[143.409,-8.94],[143.411,-8.919],[143.409,-8.915],[143.411,-8.87],[143.409,-8.854],[143.404,-8.829],[143.403,-8.799],[143.404,-8.771],[143.401,-8.755],[143.393,-8.743],[143.382,-8.731],[143.356,-8.709],[143.349,-8.701],[143.329,-8.671],[143.318,-8.657],[143.307,-8.639],[143.272,-8.598],[143.26,-8.577],[143.253,-8.57],[143.224,-8.546],[143.217,-8.542],[143.193,-8.523],[143.161,-8.5],[143.147,-8.489],[143.136,-8.478],[143.118,-8.462],[143.098,-8.449],[143.084,-8.449],[143.064,-8.446],[143.055,-8.442],[143.023,-8.441],[142.986,-8.436],[142.961,-8.427],[142.939,-8.426],[142.915,-8.411],[142.879,-8.385],[142.856,-8.372],[142.835,-8.364],[142.799,-8.347],[142.783,-8.334],[142.778,-8.324],[142.763,-8.316],[142.757,-8.314],[142.733,-8.316],[142.723,-8.32],[142.692,-8.311],[142.666,-8.308],[142.644,-8.31],[142.632,-8.313],[142.575,-8.336],[142.558,-8.345],[142.535,-8.362],[142.501,-8.372],[142.491,-8.372],[142.476,-8.374],[142.443,-8.366],[142.425,-8.356],[142.415,-8.348],[142.4,-8.327],[142.389,-8.314],[142.384,-8.305],[142.381,-8.264],[142.382,-8.259],[142.38,-8.238],[142.369,-8.22],[142.36,-8.195],[142.36,-8.182],[142.354,-8.18],[142.338,-8.181],[142.317,-8.184],[142.296,-8.183],[142.271,-8.189],[142.236,-8.191],[142.223,-8.198],[142.211,-8.207],[142.198,-8.209],[142.19,-8.198],[142.204,-8.182],[142.217,-8.171],[142.237,-8.159],[142.253,-8.154],[142.267,-8.155],[142.292,-8.163],[142.306,-8.155],[142.325,-8.156],[142.33,-8.151],[142.34,-8.15],[142.349,-8.145],[142.353,-8.147],[142.363,-8.162],[142.368,-8.16],[142.391,-8.168],[142.405,-8.183],[142.408,-8.196],[142.412,-8.235],[142.412,-8.241],[142.416,-8.264],[142.418,-8.282],[142.425,-8.296],[142.44,-8.309],[142.474,-8.32],[142.496,-8.327],[142.517,-8.33],[142.545,-8.31],[142.58,-8.292],[142.601,-8.284],[142.623,-8.283],[142.641,-8.272],[142.654,-8.267],[142.679,-8.263],[142.71,-8.263],[142.731,-8.266],[142.748,-8.266],[142.76,-8.268],[142.784,-8.279],[142.82,-8.297],[142.835,-8.307],[142.855,-8.315],[142.873,-8.317],[142.883,-8.321],[142.894,-8.32],[142.907,-8.327],[142.92,-8.327],[142.942,-8.33],[142.969,-8.337],[142.984,-8.337],[142.995,-8.334],[143.009,-8.327],[143.09,-8.301],[143.118,-8.296],[143.15,-8.285],[143.171,-8.283],[143.226,-8.273],[143.266,-8.268],[143.282,-8.267],[143.299,-8.262],[143.314,-8.254],[143.346,-8.243],[143.394,-8.239],[143.408,-8.239],[143.426,-8.237],[143.452,-8.236],[143.49,-8.24],[143.523,-8.235],[143.535,-8.231],[143.537,-8.237],[143.555,-8.239],[143.586,-8.237],[143.596,-8.238],[143.608,-8.236],[143.63,-8.238],[143.658,-8.234],[143.669,-8.23],[143.694,-8.226],[143.705,-8.213],[143.709,-8.188],[143.702,-8.177],[143.765,-8.082],[143.782,-8.044],[143.811,-8.046],[143.823,-8.044],[143.854,-8.045],[143.866,-8.042],[143.872,-8.022],[143.871,-8.004],[143.859,-7.982],[143.852,-7.963],[143.848,-7.959],[143.822,-7.969],[143.808,-7.966],[143.802,-7.96],[143.795,-7.949],[143.783,-7.944],[143.778,-7.938],[143.777,-7.928],[143.783,-7.914],[143.781,-7.893],[143.785,-7.893],[143.787,-7.909],[143.781,-7.933],[143.799,-7.944],[143.814,-7.96],[143.835,-7.953],[143.852,-7.953],[143.863,-7.964],[143.875,-7.982],[143.892,-7.997],[143.908,-8],[143.915,-7.996],[143.92,-7.988],[143.92,-7.97],[143.906,-7.939],[143.885,-7.897],[143.861,-7.863],[143.855,-7.853],[143.837,-7.809],[143.836,-7.794],[143.842,-7.776],[143.841,-7.768],[143.834,-7.757],[143.823,-7.736],[143.819,-7.726],[143.819,-7.713],[143.867,-7.682],[143.904,-7.712],[143.911,-7.714],[143.925,-7.711],[143.942,-7.712],[143.966,-7.721],[143.981,-7.724],[144.005,-7.736],[144.043,-7.76],[144.069,-7.769],[144.08,-7.77],[144.086,-7.764],[144.081,-7.735],[144.075,-7.729],[144.066,-7.73],[144.05,-7.727],[144.04,-7.722],[144.023,-7.701],[144.021,-7.69],[144.027,-7.669],[144.032,-7.671],[144.027,-7.697],[144.041,-7.715],[144.047,-7.719],[144.08,-7.722],[144.087,-7.725],[144.092,-7.743],[144.104,-7.771],[144.11,-7.779],[144.116,-7.777],[144.124,-7.757],[144.132,-7.751],[144.137,-7.74],[144.146,-7.744],[144.157,-7.743],[144.157,-7.753],[144.172,-7.763],[144.178,-7.752],[144.179,-7.734],[144.163,-7.719],[144.148,-7.703],[144.13,-7.676],[144.12,-7.654],[144.12,-7.639],[144.124,-7.621],[144.125,-7.609],[144.12,-7.597],[144.107,-7.581],[144.098,-7.576],[144.093,-7.559],[144.085,-7.559],[144.077,-7.571],[144.074,-7.565],[144.079,-7.556],[144.09,-7.553],[144.11,-7.557],[144.117,-7.578],[144.134,-7.597],[144.139,-7.607],[144.144,-7.608],[144.158,-7.595],[144.162,-7.583],[144.168,-7.573],[144.178,-7.566],[144.187,-7.571],[144.185,-7.585],[144.194,-7.598],[144.207,-7.596],[144.202,-7.589],[144.212,-7.567],[144.24,-7.578],[144.239,-7.568],[144.222,-7.546],[144.235,-7.542],[144.239,-7.522],[144.243,-7.514],[144.248,-7.494],[144.254,-7.482],[144.255,-7.469],[144.261,-7.449],[144.253,-7.425],[144.249,-7.419],[144.247,-7.407],[144.25,-7.389],[144.25,-7.377],[144.242,-7.366],[144.247,-7.358],[144.256,-7.364],[144.262,-7.353],[144.279,-7.36],[144.281,-7.35],[144.287,-7.353],[144.303,-7.345],[144.319,-7.339],[144.331,-7.342],[144.339,-7.355],[144.357,-7.356],[144.378,-7.35],[144.384,-7.342],[144.391,-7.341],[144.415,-7.344],[144.423,-7.349],[144.436,-7.34],[144.447,-7.34],[144.447,-7.333],[144.454,-7.327],[144.466,-7.329],[144.471,-7.333],[144.478,-7.346],[144.476,-7.356],[144.486,-7.366],[144.477,-7.377],[144.463,-7.386],[144.465,-7.394],[144.48,-7.393],[144.491,-7.382],[144.505,-7.386],[144.509,-7.396],[144.505,-7.41],[144.506,-7.426],[144.513,-7.431],[144.528,-7.43],[144.548,-7.435],[144.548,-7.418],[144.537,-7.401],[144.538,-7.395],[144.545,-7.393],[144.557,-7.385],[144.557,-7.377],[144.566,-7.38],[144.568,-7.367],[144.577,-7.366],[144.592,-7.377],[144.59,-7.392],[144.598,-7.392],[144.602,-7.401],[144.615,-7.409],[144.62,-7.409],[144.621,-7.397],[144.635,-7.384],[144.627,-7.375],[144.631,-7.365],[144.629,-7.356],[144.636,-7.352],[144.65,-7.357],[144.645,-7.37],[144.634,-7.367],[144.631,-7.371],[144.639,-7.379],[144.639,-7.385],[144.631,-7.392],[144.634,-7.403],[144.641,-7.399],[144.653,-7.405],[144.66,-7.418],[144.659,-7.427],[144.651,-7.444],[144.664,-7.441],[144.68,-7.443],[144.692,-7.448],[144.7,-7.443],[144.711,-7.44],[144.715,-7.443],[144.742,-7.442],[144.743,-7.419],[144.752,-7.402],[144.75,-7.397],[144.74,-7.389],[144.738,-7.377],[144.746,-7.357],[144.752,-7.349],[144.746,-7.338],[144.742,-7.347],[144.736,-7.356],[144.73,-7.358],[144.718,-7.348],[144.716,-7.341],[144.719,-7.322],[144.737,-7.326],[144.743,-7.319],[144.748,-7.323],[144.746,-7.333],[144.754,-7.342],[144.756,-7.351],[144.751,-7.357],[144.741,-7.38],[144.743,-7.385],[144.756,-7.395],[144.757,-7.405],[144.751,-7.418],[144.753,-7.451],[144.759,-7.463],[144.749,-7.475],[144.758,-7.478],[144.768,-7.468],[144.779,-7.467],[144.794,-7.471],[144.798,-7.475],[144.793,-7.484],[144.808,-7.498],[144.82,-7.505],[144.816,-7.525],[144.818,-7.552],[144.822,-7.558],[144.837,-7.566],[144.847,-7.576],[144.851,-7.583],[144.876,-7.581],[144.856,-7.594],[144.848,-7.613],[144.851,-7.628],[144.868,-7.629],[144.885,-7.623],[144.895,-7.616],[144.917,-7.628],[144.906,-7.639],[144.894,-7.647],[144.897,-7.66],[144.902,-7.667],[144.896,-7.675],[144.887,-7.707],[144.881,-7.716],[144.882,-7.73],[144.894,-7.721],[144.899,-7.709],[144.907,-7.708],[144.924,-7.702],[144.929,-7.706],[144.925,-7.723],[144.93,-7.736],[144.925,-7.745],[144.924,-7.754],[144.93,-7.769],[144.947,-7.774],[144.956,-7.785],[144.969,-7.788],[144.98,-7.795],[144.99,-7.806],[144.992,-7.815],[144.997,-7.821],[145.006,-7.84]]]},"properties":{"fid":110,"name":"New Guinea / Papua / Niugini","desc":"alt_name:ar=نيوغينيا;نيو غينيا;جينيا الجديدة\nalt_name:cs=Irian\nname=New Guinea / Papua / Niugini\nname:af=Nieu-Guinee\nname:ar=غينيا الجديدة\nname:br=Ginea Nevez\nname:ckb=نووگینێ\nname:cs=Nová Guinea\nname:de=Neuguinea\nname:en=New Guinea\nname:es=Nueva Guinea\nname:eu=Ginea Berria\nname:fa=گینه نو\nname:fi=Uusi-Guinea\nname:fr=Nouvelle-Guinée\nname:hsb=Nowa Gineja\nname:hy=Նոր Գվինեա\nname:id=Papua\nname:ja=ニューギニア島\nname:ka=ახალი გვინეა\nname:ku-Arab=نووگینێ\nname:kw=Gyni Nowydh\nname:lt=Naujoji Gvinėja\nname:ms-Arab=نيو ڬيني\nname:mzn=نوگينه جزيره\nname:nl=Nieuw-Guinea\nname:pl=Nowa Gwinea\nname:pnb=نیو گنی\nname:pt=Nova Guiné\nname:ru=Новая Гвинея\nname:sd=نيو گني\nname:sk=Nová Guinea\nname:sr=Нова Гвинеја\nname:uk=Нова Гвінея\nname:ur=نیو گنی\nname:zh=新幾內亞島\nname:zh-Hans=新几内亚岛\nname:zh-Hant=新幾內亞島\nplace=island\npopulation=11306940\ntype=multipolygon\nwikidata=Q40285","country":"Papua New Guinea"}},
{"type":"Feature","geometry":{"type":"LineString","coordinates":[[152.124,-4.209],[152.101,-4.206],[152.1,-4.199],[152.094,-4.197],[152.078,-4.204],[152.073,-4.202],[152.056,-4.205],[152.043,-4.196],[152.027,-4.191],[152,-4.189],[151.985,-4.198],[151.981,-4.207],[152.002,-4.235],[152.021,-4.242],[152.031,-4.248],[152.031,-4.261],[152.023,-4.277],[152.007,-4.299],[151.985,-4.32],[151.948,-4.341],[151.939,-4.339],[151.925,-4.338],[151.926,-4.333],[151.919,-4.325],[151.903,-4.323],[151.9,-4.318],[151.889,-4.321],[151.887,-4.312],[151.879,-4.31],[151.857,-4.29],[151.846,-4.277],[151.839,-4.273],[151.846,-4.264],[151.853,-4.244],[151.853,-4.236],[151.846,-4.222],[151.829,-4.219],[151.823,-4.223],[151.815,-4.223],[151.803,-4.211],[151.792,-4.214],[151.766,-4.206],[151.765,-4.211],[151.756,-4.214],[151.737,-4.21],[151.726,-4.218],[151.716,-4.218],[151.717,-4.205],[151.705,-4.2],[151.689,-4.199],[151.672,-4.205],[151.665,-4.198],[151.652,-4.196],[151.636,-4.197],[151.63,-4.193],[151.608,-4.201],[151.582,-4.196],[151.57,-4.201],[151.56,-4.2],[151.557,-4.19],[151.545,-4.195],[151.535,-4.186],[151.523,-4.186],[151.521,-4.198],[151.51,-4.199],[151.503,-4.207],[151.49,-4.211],[151.488,-4.221],[151.499,-4.239],[151.498,-4.244],[151.508,-4.272],[151.514,-4.284],[151.521,-4.289],[151.52,-4.297],[151.513,-4.297],[151.509,-4.306],[151.516,-4.323],[151.524,-4.329],[151.526,-4.336],[151.534,-4.342],[151.531,-4.35],[151.534,-4.37],[151.533,-4.387],[151.552,-4.396],[151.557,-4.395],[151.561,-4.404],[151.558,-4.411],[151.566,-4.417],[151.575,-4.416],[151.584,-4.432],[151.593,-4.435],[151.597,-4.447],[151.612,-4.468],[151.622,-4.476],[151.627,-4.506],[151.625,-4.518],[151.62,-4.527],[151.617,-4.545],[151.611,-4.565],[151.618,-4.563],[151.624,-4.572],[151.63,-4.574],[151.636,-4.583],[151.642,-4.604],[151.652,-4.605],[151.657,-4.611],[151.657,-4.626],[151.663,-4.635],[151.662,-4.644],[151.665,-4.665],[151.662,-4.672],[151.667,-4.677],[151.662,-4.683],[151.662,-4.701],[151.656,-4.714],[151.659,-4.722],[151.66,-4.742],[151.658,-4.766],[151.66,-4.773],[151.674,-4.791],[151.691,-4.794],[151.691,-4.804],[151.683,-4.813],[151.685,-4.819],[151.682,-4.832],[151.685,-4.85],[151.683,-4.858],[151.686,-4.867],[151.678,-4.88],[151.663,-4.901],[151.647,-4.931],[151.638,-4.94],[151.622,-4.951],[151.617,-4.949],[151.586,-4.965],[151.58,-4.965],[151.576,-4.958],[151.57,-4.956],[151.564,-4.946],[151.556,-4.946],[151.547,-4.939],[151.537,-4.936],[151.537,-4.928],[151.533,-4.924],[151.517,-4.924],[151.505,-4.936],[151.491,-4.947],[151.48,-4.95],[151.455,-4.944],[151.449,-4.935],[151.427,-4.936],[151.412,-4.93],[151.401,-4.919],[151.384,-4.919],[151.381,-4.914],[151.363,-4.917],[151.357,-4.907],[151.349,-4.911],[151.346,-4.918],[151.351,-4.939],[151.348,-4.952],[151.328,-4.961],[151.315,-4.966],[151.307,-4.964],[151.283,-4.977],[151.265,-4.982],[151.26,-4.985],[151.251,-5.001],[151.24,-5.002],[151.234,-5.006],[151.222,-5.023],[151.217,-5.025],[151.204,-5.046],[151.187,-5.061],[151.178,-5.071],[151.167,-5.088],[151.15,-5.099],[151.141,-5.109],[151.127,-5.119],[151.112,-5.127],[151.1,-5.139],[151.089,-5.142],[151.054,-5.2],[151.052,-5.214],[151.044,-5.231],[151.034,-5.241],[151.036,-5.251],[151.034,-5.264],[151.028,-5.273],[151.018,-5.282],[151.018,-5.288],[151.009,-5.304],[151.009,-5.313],[151.002,-5.334],[151.004,-5.34],[151.002,-5.351],[151.006,-5.362],[151.01,-5.364],[151.007,-5.374],[150.997,-5.388],[150.99,-5.393],[150.988,-5.407],[150.958,-5.436],[150.958,-5.44],[150.946,-5.451],[150.936,-5.453],[150.924,-5.461],[150.909,-5.457],[150.913,-5.471],[150.9,-5.491],[150.887,-5.495],[150.872,-5.496],[150.86,-5.494],[150.848,-5.488],[150.841,-5.481],[150.837,-5.486],[150.83,-5.478],[150.831,-5.471],[150.823,-5.469],[150.818,-5.451],[150.813,-5.448],[150.801,-5.454],[150.777,-5.448],[150.77,-5.454],[150.753,-5.452],[150.751,-5.457],[150.742,-5.462],[150.747,-5.469],[150.743,-5.485],[150.739,-5.488],[150.735,-5.501],[150.721,-5.518],[150.709,-5.528],[150.695,-5.533],[150.689,-5.54],[150.679,-5.544],[150.657,-5.537],[150.629,-5.547],[150.615,-5.547],[150.599,-5.542],[150.591,-5.533],[150.586,-5.503],[150.579,-5.489],[150.579,-5.48],[150.559,-5.467],[150.546,-5.465],[150.532,-5.454],[150.533,-5.449],[150.522,-5.443],[150.519,-5.436],[150.5,-5.44],[150.489,-5.433],[150.47,-5.426],[150.462,-5.43],[150.452,-5.426],[150.434,-5.429],[150.413,-5.438],[150.399,-5.454],[150.395,-5.467],[150.386,-5.474],[150.362,-5.484],[150.352,-5.493],[150.34,-5.499],[150.334,-5.511],[150.314,-5.522],[150.303,-5.538],[150.304,-5.542],[150.289,-5.558],[150.268,-5.558],[150.244,-5.551],[150.238,-5.551],[150.225,-5.538],[150.217,-5.541],[150.21,-5.547],[150.203,-5.548],[150.195,-5.542],[150.187,-5.543],[150.173,-5.551],[150.154,-5.552],[150.14,-5.543],[150.136,-5.537],[150.13,-5.536],[150.106,-5.522],[150.092,-5.516],[150.096,-5.501],[150.103,-5.496],[150.1,-5.487],[150.102,-5.48],[150.098,-5.473],[150.093,-5.457],[150.093,-5.448],[150.085,-5.433],[150.086,-5.427],[150.081,-5.418],[150.082,-5.41],[150.078,-5.398],[150.071,-5.397],[150.068,-5.384],[150.056,-5.367],[150.052,-5.358],[150.056,-5.35],[150.049,-5.344],[150.05,-5.335],[150.056,-5.332],[150.054,-5.321],[150.048,-5.32],[150.047,-5.306],[150.036,-5.304],[150.027,-5.292],[150.018,-5.286],[150.023,-5.28],[150.034,-5.274],[150.056,-5.27],[150.061,-5.265],[150.08,-5.256],[150.072,-5.251],[150.069,-5.243],[150.08,-5.221],[150.073,-5.199],[150.073,-5.192],[150.062,-5.184],[150.058,-5.176],[150.061,-5.152],[150.073,-5.133],[150.089,-5.121],[150.098,-5.12],[150.114,-5.114],[150.126,-5.113],[150.15,-5.1],[150.159,-5.098],[150.163,-5.092],[150.175,-5.087],[150.175,-5.077],[150.192,-5.057],[150.191,-5.05],[150.181,-5.04],[150.167,-5.034],[150.165,-5.026],[150.151,-5.021],[150.147,-5.016],[150.129,-5.008],[150.124,-5.003],[150.102,-5.001],[150.093,-4.998],[150.079,-5.007],[150.071,-5.006],[150.059,-5.011],[150.041,-5.01],[150.028,-5.026],[150.022,-5.043],[150.021,-5.07],[150.027,-5.079],[150.031,-5.092],[150.028,-5.105],[150.017,-5.109],[150.011,-5.125],[149.998,-5.134],[150.004,-5.15],[150.002,-5.155],[150.01,-5.165],[150.018,-5.184],[150.023,-5.185],[150.027,-5.202],[150.016,-5.219],[150.007,-5.226],[149.999,-5.237],[150.001,-5.255],[149.997,-5.26],[149.982,-5.267],[149.964,-5.263],[149.952,-5.272],[149.956,-5.278],[149.945,-5.288],[149.936,-5.301],[149.92,-5.304],[149.913,-5.315],[149.915,-5.327],[149.905,-5.333],[149.908,-5.341],[149.908,-5.356],[149.917,-5.366],[149.925,-5.371],[149.93,-5.386],[149.938,-5.393],[149.947,-5.396],[149.955,-5.389],[149.968,-5.4],[149.966,-5.414],[149.956,-5.426],[149.958,-5.435],[149.95,-5.454],[149.942,-5.466],[149.931,-5.476],[149.906,-5.491],[149.891,-5.508],[149.877,-5.518],[149.866,-5.52],[149.857,-5.52],[149.831,-5.495],[149.82,-5.493],[149.818,-5.504],[149.805,-5.499],[149.805,-5.492],[149.781,-5.483],[149.782,-5.507],[149.773,-5.511],[149.775,-5.519],[149.77,-5.524],[149.751,-5.526],[149.729,-5.532],[149.73,-5.55],[149.724,-5.552],[149.713,-5.545],[149.7,-5.541],[149.696,-5.544],[149.684,-5.537],[149.671,-5.539],[149.67,-5.528],[149.678,-5.504],[149.682,-5.499],[149.68,-5.49],[149.685,-5.477],[149.68,-5.459],[149.671,-5.457],[149.662,-5.448],[149.658,-5.45],[149.663,-5.46],[149.672,-5.47],[149.669,-5.478],[149.67,-5.492],[149.66,-5.489],[149.653,-5.494],[149.639,-5.493],[149.632,-5.49],[149.618,-5.503],[149.602,-5.503],[149.606,-5.493],[149.601,-5.49],[149.594,-5.5],[149.577,-5.496],[149.552,-5.514],[149.535,-5.521],[149.528,-5.521],[149.508,-5.529],[149.499,-5.548],[149.492,-5.551],[149.486,-5.559],[149.477,-5.556],[149.466,-5.556],[149.454,-5.542],[149.448,-5.546],[149.439,-5.559],[149.431,-5.556],[149.425,-5.559],[149.408,-5.541],[149.394,-5.547],[149.391,-5.555],[149.381,-5.561],[149.381,-5.568],[149.375,-5.571],[149.367,-5.567],[149.358,-5.558],[149.345,-5.564],[149.331,-5.568],[149.317,-5.562],[149.31,-5.566],[149.292,-5.562],[149.278,-5.572],[149.25,-5.573],[149.246,-5.581],[149.234,-5.581],[149.223,-5.584],[149.211,-5.584],[149.198,-5.57],[149.202,-5.562],[149.211,-5.558],[149.2,-5.547],[149.184,-5.543],[149.176,-5.537],[149.166,-5.541],[149.157,-5.538],[149.154,-5.532],[149.131,-5.522],[149.119,-5.515],[149.117,-5.508],[149.093,-5.507],[149.084,-5.51],[149.081,-5.498],[149.068,-5.489],[149.053,-5.499],[149.039,-5.493],[149.034,-5.484],[149.023,-5.48],[149.009,-5.468],[148.99,-5.471],[148.984,-5.46],[148.976,-5.457],[148.962,-5.459],[148.931,-5.475],[148.914,-5.477],[148.898,-5.487],[148.886,-5.484],[148.88,-5.481],[148.865,-5.494],[148.864,-5.501],[148.853,-5.516],[148.842,-5.522],[148.823,-5.525],[148.812,-5.521],[148.806,-5.53],[148.794,-5.531],[148.787,-5.522],[148.788,-5.516],[148.766,-5.514],[148.749,-5.499],[148.746,-5.491],[148.737,-5.489],[148.732,-5.482],[148.723,-5.483],[148.71,-5.489],[148.692,-5.487],[148.684,-5.488],[148.673,-5.477],[148.65,-5.477],[148.648,-5.489],[148.639,-5.489],[148.625,-5.499],[148.612,-5.507],[148.605,-5.504],[148.591,-5.507],[148.588,-5.513],[148.589,-5.528],[148.582,-5.533],[148.566,-5.538],[148.549,-5.538],[148.54,-5.532],[148.524,-5.53],[148.519,-5.524],[148.517,-5.506],[148.521,-5.501],[148.503,-5.491],[148.493,-5.474],[148.48,-5.469],[148.468,-5.47],[148.451,-5.46],[148.451,-5.453],[148.437,-5.451],[148.418,-5.443],[148.409,-5.446],[148.403,-5.451],[148.376,-5.459],[148.363,-5.47],[148.357,-5.472],[148.348,-5.484],[148.339,-5.51],[148.339,-5.52],[148.334,-5.534],[148.329,-5.541],[148.326,-5.552],[148.328,-5.561],[148.326,-5.578],[148.322,-5.583],[148.327,-5.59],[148.324,-5.608],[148.315,-5.62],[148.314,-5.63],[148.308,-5.641],[148.311,-5.643],[148.31,-5.658],[148.318,-5.684],[148.327,-5.703],[148.34,-5.715],[148.346,-5.73],[148.355,-5.736],[148.358,-5.743],[148.377,-5.756],[148.388,-5.762],[148.398,-5.77],[148.405,-5.769],[148.437,-5.784],[148.443,-5.78],[148.452,-5.79],[148.463,-5.789],[148.476,-5.792],[148.489,-5.791],[148.511,-5.798],[148.523,-5.81],[148.52,-5.818],[148.535,-5.827],[148.548,-5.834],[148.556,-5.833],[148.569,-5.838],[148.569,-5.823],[148.574,-5.816],[148.591,-5.813],[148.608,-5.807],[148.612,-5.811],[148.622,-5.813],[148.621,-5.819],[148.629,-5.822],[148.629,-5.835],[148.636,-5.836],[148.639,-5.847],[148.65,-5.853],[148.667,-5.851],[148.685,-5.852],[148.698,-5.851],[148.704,-5.856],[148.707,-5.866],[148.716,-5.872],[148.724,-5.868],[148.737,-5.872],[148.746,-5.862],[148.751,-5.864],[148.754,-5.876],[148.761,-5.88],[148.761,-5.89],[148.757,-5.894],[148.768,-5.907],[148.765,-5.92],[148.749,-5.936],[148.753,-5.94],[148.761,-5.929],[148.774,-5.929],[148.77,-5.916],[148.776,-5.912],[148.787,-5.912],[148.799,-5.91],[148.812,-5.911],[148.823,-5.916],[148.826,-5.924],[148.837,-5.928],[148.839,-5.942],[148.851,-5.951],[148.867,-5.955],[148.866,-5.961],[148.853,-5.967],[148.843,-5.975],[148.841,-5.986],[148.847,-5.993],[148.86,-5.986],[148.866,-5.976],[148.888,-5.995],[148.895,-5.991],[148.909,-6.001],[148.91,-6.008],[148.931,-6.009],[148.944,-6.017],[148.958,-6.01],[148.965,-6.026],[148.977,-6.025],[148.981,-6.019],[148.988,-6.024],[148.992,-6.032],[149.003,-6.023],[149.008,-6.026],[149.01,-6.036],[149.017,-6.041],[149.02,-6.034],[149.02,-6.022],[149.033,-6.015],[149.033,-6.027],[149.03,-6.032],[149.034,-6.042],[149.029,-6.046],[149.015,-6.05],[149.006,-6.059],[149.006,-6.074],[149.018,-6.076],[149.03,-6.07],[149.041,-6.077],[149.046,-6.088],[149.053,-6.091],[149.053,-6.098],[149.047,-6.101],[149.049,-6.118],[149.039,-6.119],[149.039,-6.125],[149.061,-6.129],[149.06,-6.138],[149.048,-6.149],[149.039,-6.134],[149.031,-6.141],[149.039,-6.161],[149.053,-6.154],[149.066,-6.14],[149.076,-6.142],[149.085,-6.149],[149.092,-6.147],[149.101,-6.151],[149.11,-6.149],[149.123,-6.14],[149.127,-6.118],[149.135,-6.114],[149.147,-6.098],[149.15,-6.09],[149.139,-6.08],[149.143,-6.075],[149.154,-6.081],[149.152,-6.09],[149.165,-6.089],[149.179,-6.086],[149.182,-6.092],[149.194,-6.088],[149.229,-6.093],[149.247,-6.078],[149.257,-6.065],[149.274,-6.063],[149.282,-6.055],[149.288,-6.053],[149.303,-6.053],[149.316,-6.056],[149.331,-6.054],[149.348,-6.056],[149.354,-6.067],[149.362,-6.068],[149.375,-6.062],[149.382,-6.075],[149.396,-6.08],[149.408,-6.082],[149.419,-6.086],[149.451,-6.091],[149.459,-6.097],[149.471,-6.094],[149.473,-6.104],[149.468,-6.121],[149.479,-6.134],[149.492,-6.139],[149.493,-6.149],[149.504,-6.164],[149.51,-6.176],[149.525,-6.184],[149.525,-6.195],[149.53,-6.21],[149.538,-6.212],[149.544,-6.201],[149.553,-6.223],[149.552,-6.233],[149.554,-6.241],[149.568,-6.261],[149.58,-6.266],[149.59,-6.273],[149.593,-6.271],[149.6,-6.284],[149.608,-6.291],[149.62,-6.286],[149.632,-6.287],[149.657,-6.283],[149.666,-6.292],[149.686,-6.278],[149.71,-6.272],[149.721,-6.277],[149.736,-6.27],[149.75,-6.268],[149.758,-6.274],[149.785,-6.275],[149.815,-6.28],[149.83,-6.275],[149.849,-6.286],[149.862,-6.274],[149.859,-6.263],[149.881,-6.275],[149.89,-6.269],[149.889,-6.281],[149.901,-6.293],[149.911,-6.279],[149.913,-6.273],[149.92,-6.276],[149.93,-6.267],[149.938,-6.272],[149.945,-6.256],[149.954,-6.252],[149.973,-6.259],[149.968,-6.268],[149.976,-6.27],[149.979,-6.275],[149.989,-6.284],[150.007,-6.278],[150.012,-6.289],[149.999,-6.306],[150.008,-6.307],[150.029,-6.291],[150.037,-6.288],[150.036,-6.278],[150.021,-6.279],[150.02,-6.267],[150.034,-6.268],[150.05,-6.263],[150.036,-6.253],[150.041,-6.244],[150.048,-6.24],[150.067,-6.249],[150.076,-6.277],[150.075,-6.282],[150.084,-6.286],[150.101,-6.279],[150.117,-6.265],[150.139,-6.26],[150.154,-6.251],[150.161,-6.244],[150.159,-6.239],[150.178,-6.233],[150.189,-6.233],[150.191,-6.25],[150.204,-6.254],[150.215,-6.249],[150.223,-6.252],[150.227,-6.26],[150.221,-6.278],[150.228,-6.281],[150.245,-6.281],[150.268,-6.273],[150.279,-6.276],[150.289,-6.274],[150.296,-6.267],[150.309,-6.264],[150.315,-6.268],[150.324,-6.257],[150.33,-6.268],[150.32,-6.27],[150.324,-6.28],[150.337,-6.274],[150.34,-6.261],[150.352,-6.257],[150.361,-6.268],[150.369,-6.268],[150.376,-6.269],[150.378,-6.271],[150.389,-6.268],[150.402,-6.269],[150.411,-6.265],[150.417,-6.258],[150.432,-6.25],[150.444,-6.248],[150.454,-6.252],[150.464,-6.248],[150.469,-6.233],[150.49,-6.218],[150.503,-6.204],[150.518,-6.197],[150.531,-6.194],[150.532,-6.184],[150.542,-6.171],[150.559,-6.161],[150.556,-6.154],[150.57,-6.143],[150.577,-6.142],[150.585,-6.153],[150.606,-6.138],[150.602,-6.124],[150.612,-6.123],[150.613,-6.135],[150.627,-6.13],[150.627,-6.152],[150.654,-6.139],[150.661,-6.139],[150.666,-6.133],[150.68,-6.136],[150.689,-6.132],[150.719,-6.115],[150.732,-6.111],[150.748,-6.114],[150.757,-6.102],[150.762,-6.087],[150.773,-6.082],[150.78,-6.075],[150.78,-6.059],[150.777,-6.05],[150.769,-6.042],[150.769,-6.037],[150.777,-6.026],[150.789,-6.022],[150.815,-6.022],[150.822,-6.041],[150.83,-6.045],[150.837,-6.04],[150.839,-6.033],[150.881,-6.014],[150.898,-6.013],[150.907,-6.01],[150.923,-6.015],[150.937,-6.014],[150.949,-6.019],[150.96,-6.018],[150.984,-6.007],[151,-6.013],[151.004,-6.03],[151.01,-6.033],[151.021,-6.02],[151.043,-6.016],[151.053,-6.005],[151.052,-5.998],[151.057,-5.988],[151.072,-5.973],[151.083,-5.971],[151.1,-5.965],[151.118,-5.966],[151.141,-5.953],[151.14,-5.948],[151.149,-5.945],[151.159,-5.95],[151.166,-5.96],[151.173,-5.96],[151.186,-5.956],[151.194,-5.945],[151.21,-5.934],[151.219,-5.912],[151.216,-5.909],[151.215,-5.898],[151.23,-5.9],[151.255,-5.878],[151.266,-5.871],[151.284,-5.867],[151.296,-5.855],[151.302,-5.844],[151.319,-5.829],[151.325,-5.827],[151.334,-5.829],[151.359,-5.818],[151.376,-5.807],[151.385,-5.797],[151.396,-5.77],[151.393,-5.76],[151.402,-5.75],[151.402,-5.722],[151.407,-5.717],[151.422,-5.716],[151.423,-5.698],[151.428,-5.7],[151.435,-5.695],[151.444,-5.693],[151.451,-5.685],[151.466,-5.686],[151.476,-5.691],[151.488,-5.693],[151.501,-5.686],[151.509,-5.677],[151.514,-5.666],[151.515,-5.652],[151.513,-5.636],[151.493,-5.63],[151.48,-5.633],[151.471,-5.627],[151.46,-5.628],[151.457,-5.621],[151.462,-5.613],[151.46,-5.606],[151.45,-5.599],[151.449,-5.583],[151.444,-5.573],[151.445,-5.567],[151.455,-5.557],[151.456,-5.537],[151.46,-5.53],[151.472,-5.521],[151.487,-5.521],[151.489,-5.514],[151.499,-5.52],[151.514,-5.52],[151.542,-5.532],[151.559,-5.532],[151.568,-5.523],[151.575,-5.529],[151.589,-5.532],[151.595,-5.539],[151.593,-5.544],[151.613,-5.565],[151.623,-5.566],[151.624,-5.56],[151.637,-5.547],[151.643,-5.536],[151.643,-5.526],[151.649,-5.518],[151.662,-5.511],[151.671,-5.512],[151.687,-5.511],[151.694,-5.514],[151.719,-5.515],[151.732,-5.518],[151.742,-5.527],[151.744,-5.538],[151.752,-5.544],[151.749,-5.548],[151.759,-5.562],[151.768,-5.563],[151.777,-5.571],[151.786,-5.572],[151.79,-5.584],[151.814,-5.587],[151.826,-5.58],[151.85,-5.561],[151.85,-5.549],[151.869,-5.54],[151.885,-5.551],[151.892,-5.541],[151.901,-5.542],[151.906,-5.532],[151.919,-5.525],[151.932,-5.528],[151.943,-5.516],[151.958,-5.518],[151.967,-5.508],[151.977,-5.5],[151.984,-5.486],[152.013,-5.468],[152.023,-5.468],[152.042,-5.453],[152.056,-5.445],[152.064,-5.445],[152.077,-5.451],[152.086,-5.447],[152.09,-5.438],[152.087,-5.423],[152.095,-5.426],[152.111,-5.407],[152.122,-5.391],[152.124,-5.382],[152.134,-5.365],[152.134,-5.336],[152.131,-5.321],[152.121,-5.306],[152.107,-5.289],[152.091,-5.273],[152.084,-5.27],[152.081,-5.259],[152.073,-5.254],[152.067,-5.239],[152.062,-5.235],[152.053,-5.223],[152.04,-5.22],[152.026,-5.206],[152.02,-5.197],[152.013,-5.196],[152.001,-5.2],[151.993,-5.196],[151.992,-5.182],[151.981,-5.171],[151.974,-5.16],[151.959,-5.151],[151.949,-5.141],[151.951,-5.126],[151.947,-5.114],[151.943,-5.097],[151.968,-5.043],[151.956,-5.034],[151.957,-5.028],[151.95,-5.022],[151.95,-5.003],[151.955,-4.986],[151.966,-4.975],[151.977,-4.971],[151.993,-4.973],[151.999,-4.972],[152.005,-4.981],[152.004,-4.989],[152.013,-4.986],[152.018,-4.972],[152.031,-4.965],[152.046,-4.972],[152.059,-4.966],[152.086,-4.979],[152.096,-4.98],[152.105,-4.976],[152.114,-4.981],[152.144,-4.988],[152.156,-4.985],[152.157,-4.975],[152.162,-4.973],[152.17,-4.978],[152.179,-4.969],[152.186,-4.972],[152.195,-4.967],[152.219,-4.971],[152.226,-4.963],[152.236,-4.958],[152.245,-4.935],[152.252,-4.934],[152.265,-4.918],[152.273,-4.917],[152.278,-4.907],[152.289,-4.892],[152.291,-4.874],[152.306,-4.865],[152.313,-4.863],[152.32,-4.856],[152.329,-4.839],[152.334,-4.834],[152.328,-4.819],[152.335,-4.815],[152.333,-4.809],[152.336,-4.802],[152.348,-4.792],[152.348,-4.781],[152.365,-4.769],[152.366,-4.751],[152.364,-4.739],[152.371,-4.731],[152.373,-4.723],[152.368,-4.713],[152.372,-4.707],[152.37,-4.699],[152.373,-4.69],[152.381,-4.686],[152.382,-4.672],[152.376,-4.664],[152.38,-4.659],[152.374,-4.648],[152.376,-4.627],[152.382,-4.614],[152.374,-4.609],[152.363,-4.591],[152.363,-4.584],[152.368,-4.576],[152.363,-4.569],[152.352,-4.547],[152.339,-4.53],[152.334,-4.526],[152.336,-4.508],[152.331,-4.496],[152.341,-4.485],[152.346,-4.471],[152.343,-4.463],[152.349,-4.452],[152.36,-4.44],[152.355,-4.432],[152.355,-4.419],[152.364,-4.411],[152.382,-4.397],[152.384,-4.378],[152.387,-4.371],[152.387,-4.362],[152.398,-4.351],[152.404,-4.336],[152.399,-4.325],[152.394,-4.322],[152.376,-4.329],[152.355,-4.332],[152.347,-4.338],[152.329,-4.341],[152.317,-4.333],[152.305,-4.336],[152.3,-4.341],[152.281,-4.343],[152.267,-4.339],[152.264,-4.335],[152.249,-4.329],[152.235,-4.318],[152.218,-4.301],[152.213,-4.293],[152.198,-4.305],[152.181,-4.31],[152.171,-4.306],[152.157,-4.29],[152.158,-4.28],[152.17,-4.278],[152.172,-4.263],[152.161,-4.247],[152.152,-4.245],[152.152,-4.237],[152.149,-4.228],[152.163,-4.203],[152.171,-4.2],[152.179,-4.205],[152.179,-4.232],[152.186,-4.247],[152.191,-4.244],[152.185,-4.235],[152.194,-4.228],[152.201,-4.228],[152.204,-4.248],[152.23,-4.25],[152.234,-4.242],[152.231,-4.234],[152.224,-4.232],[152.226,-4.211],[152.223,-4.207],[152.209,-4.199],[152.202,-4.182],[152.2,-4.164],[152.185,-4.159],[152.172,-4.143],[152.167,-4.133],[152.155,-4.14],[152.143,-4.169],[152.143,-4.18],[152.136,-4.197],[152.124,-4.209]]},"properties":{"fid":111,"name":"New Britain","desc":"gns:dsg=ISL\ngns:uni=-3040570\nis_in:country=Papua New Guinea\nis_in:country_code=PG\nname=New Britain\nname:br=Breizh-Nevez\nname:cs=Nová Británie\nname:de=Neubritannien\nname:en=New Britain\nname:fr=Nouvelle-Bretagne\nname:ja=ニューブリテン島\nname:ru=Новая Британия\nname:tpi=Niu Briten\nold_name:de=Neupommern\nplace=island\nsource=GNS\ntype=multipolygon\nwikidata=Q59771\nwikipedia=en:New Britain","country":"Papua New Guinea"}},
{"type":"Feature","geometry":{"type":"LineString","coordinates":[[152.133,-3.36],[152.121,-3.342],[152.116,-3.34],[152.106,-3.32],[152.099,-3.315],[152.076,-3.307],[152.071,-3.294],[152.057,-3.29],[152.045,-3.276],[152.042,-3.258],[152.051,-3.249],[152.049,-3.243],[152.038,-3.24],[152.03,-3.246],[152.021,-3.248],[152.019,-3.243],[152.006,-3.232],[151.992,-3.229],[151.974,-3.233],[151.961,-3.239],[151.952,-3.236],[151.945,-3.222],[151.946,-3.213],[151.942,-3.204],[151.915,-3.2],[151.909,-3.197],[151.886,-3.202],[151.877,-3.193],[151.863,-3.193],[151.862,-3.187],[151.852,-3.184],[151.825,-3.187],[151.807,-3.193],[151.796,-3.188],[151.795,-3.181],[151.78,-3.17],[151.772,-3.16],[151.768,-3.142],[151.773,-3.13],[151.764,-3.13],[151.76,-3.136],[151.747,-3.141],[151.732,-3.134],[151.71,-3.114],[151.709,-3.104],[151.705,-3.089],[151.698,-3.079],[151.686,-3.072],[151.68,-3.065],[151.674,-3.047],[151.658,-3.04],[151.648,-3.04],[151.637,-3.044],[151.622,-3.029],[151.612,-3.028],[151.601,-3.018],[151.586,-3.018],[151.568,-3.004],[151.564,-2.994],[151.553,-2.998],[151.541,-2.998],[151.535,-2.993],[151.535,-2.986],[151.523,-2.978],[151.516,-2.977],[151.511,-2.97],[151.502,-2.976],[151.489,-2.973],[151.481,-2.968],[151.471,-2.958],[151.458,-2.95],[151.454,-2.942],[151.455,-2.932],[151.436,-2.924],[151.434,-2.915],[151.424,-2.91],[151.414,-2.901],[151.404,-2.9],[151.394,-2.896],[151.379,-2.904],[151.364,-2.9],[151.361,-2.903],[151.343,-2.905],[151.337,-2.9],[151.329,-2.877],[151.317,-2.877],[151.298,-2.867],[151.283,-2.871],[151.265,-2.871],[151.253,-2.881],[151.234,-2.876],[151.228,-2.878],[151.213,-2.873],[151.206,-2.863],[151.192,-2.859],[151.181,-2.845],[151.181,-2.829],[151.185,-2.816],[151.186,-2.805],[151.181,-2.796],[151.164,-2.795],[151.162,-2.783],[151.151,-2.775],[151.128,-2.78],[151.122,-2.78],[151.115,-2.766],[151.101,-2.761],[151.09,-2.762],[151.082,-2.742],[151.08,-2.74],[151.058,-2.743],[151.053,-2.732],[151.039,-2.72],[151.038,-2.705],[151.035,-2.699],[151.024,-2.689],[151.016,-2.685],[151.005,-2.69],[150.989,-2.689],[150.971,-2.682],[150.959,-2.685],[150.949,-2.683],[150.942,-2.672],[150.938,-2.661],[150.931,-2.652],[150.923,-2.648],[150.906,-2.643],[150.897,-2.638],[150.883,-2.619],[150.868,-2.608],[150.854,-2.61],[150.848,-2.608],[150.841,-2.598],[150.824,-2.57],[150.808,-2.556],[150.796,-2.553],[150.79,-2.564],[150.791,-2.583],[150.78,-2.616],[150.789,-2.614],[150.791,-2.619],[150.806,-2.639],[150.814,-2.64],[150.821,-2.649],[150.838,-2.647],[150.855,-2.637],[150.864,-2.637],[150.872,-2.646],[150.868,-2.656],[150.846,-2.658],[150.841,-2.667],[150.848,-2.676],[150.858,-2.67],[150.887,-2.673],[150.889,-2.682],[150.879,-2.681],[150.857,-2.692],[150.863,-2.697],[150.853,-2.701],[150.839,-2.694],[150.832,-2.699],[150.821,-2.691],[150.807,-2.704],[150.791,-2.716],[150.787,-2.724],[150.792,-2.731],[150.787,-2.74],[150.776,-2.728],[150.767,-2.725],[150.734,-2.708],[150.725,-2.71],[150.719,-2.721],[150.702,-2.732],[150.713,-2.743],[150.72,-2.742],[150.719,-2.75],[150.74,-2.759],[150.748,-2.766],[150.767,-2.774],[150.783,-2.779],[150.802,-2.781],[150.811,-2.788],[150.828,-2.783],[150.848,-2.786],[150.855,-2.783],[150.855,-2.777],[150.879,-2.77],[150.891,-2.771],[150.9,-2.767],[150.911,-2.766],[150.928,-2.777],[150.941,-2.776],[150.955,-2.783],[150.982,-2.785],[150.991,-2.793],[150.999,-2.794],[151.003,-2.803],[151.013,-2.811],[151.018,-2.82],[151.03,-2.826],[151.038,-2.824],[151.056,-2.836],[151.063,-2.834],[151.075,-2.836],[151.103,-2.846],[151.109,-2.865],[151.128,-2.878],[151.138,-2.901],[151.147,-2.906],[151.15,-2.901],[151.165,-2.9],[151.176,-2.905],[151.184,-2.915],[151.196,-2.923],[151.202,-2.933],[151.219,-2.944],[151.235,-2.956],[151.242,-2.953],[151.251,-2.956],[151.263,-2.972],[151.269,-2.972],[151.291,-2.987],[151.314,-3],[151.331,-3],[151.342,-3.003],[151.356,-3.016],[151.372,-3.022],[151.393,-3.041],[151.412,-3.053],[151.425,-3.055],[151.43,-3.064],[151.436,-3.068],[151.439,-3.08],[151.445,-3.096],[151.458,-3.106],[151.464,-3.115],[151.48,-3.123],[151.515,-3.132],[151.528,-3.142],[151.542,-3.142],[151.566,-3.158],[151.581,-3.159],[151.598,-3.166],[151.609,-3.173],[151.624,-3.184],[151.63,-3.194],[151.643,-3.203],[151.65,-3.214],[151.654,-3.227],[151.663,-3.229],[151.672,-3.237],[151.681,-3.251],[151.692,-3.262],[151.698,-3.273],[151.71,-3.286],[151.717,-3.302],[151.731,-3.31],[151.735,-3.309],[151.759,-3.323],[151.77,-3.323],[151.779,-3.332],[151.79,-3.336],[151.801,-3.342],[151.821,-3.358],[151.831,-3.37],[151.844,-3.372],[151.852,-3.38],[151.856,-3.392],[151.867,-3.395],[151.883,-3.412],[151.897,-3.413],[151.907,-3.428],[151.917,-3.43],[151.923,-3.436],[151.935,-3.435],[151.94,-3.445],[151.961,-3.447],[151.974,-3.453],[151.978,-3.459],[151.996,-3.444],[152.012,-3.448],[152.01,-3.456],[152.019,-3.461],[152.043,-3.47],[152.051,-3.466],[152.061,-3.468],[152.07,-3.479],[152.095,-3.482],[152.119,-3.49],[152.144,-3.482],[152.148,-3.488],[152.168,-3.497],[152.175,-3.506],[152.209,-3.525],[152.215,-3.534],[152.222,-3.532],[152.229,-3.544],[152.226,-3.55],[152.231,-3.556],[152.254,-3.561],[152.265,-3.567],[152.282,-3.585],[152.293,-3.606],[152.298,-3.618],[152.312,-3.625],[152.318,-3.634],[152.324,-3.637],[152.337,-3.635],[152.345,-3.646],[152.343,-3.652],[152.344,-3.663],[152.341,-3.674],[152.342,-3.685],[152.349,-3.697],[152.355,-3.703],[152.357,-3.71],[152.371,-3.721],[152.392,-3.748],[152.402,-3.757],[152.403,-3.763],[152.412,-3.766],[152.421,-3.78],[152.424,-3.79],[152.431,-3.804],[152.439,-3.809],[152.447,-3.824],[152.473,-3.839],[152.478,-3.847],[152.488,-3.847],[152.497,-3.85],[152.506,-3.862],[152.51,-3.879],[152.523,-3.898],[152.531,-3.907],[152.534,-3.929],[152.543,-3.936],[152.549,-3.947],[152.565,-3.952],[152.565,-3.964],[152.575,-3.98],[152.586,-3.99],[152.591,-4.005],[152.596,-4.009],[152.598,-4.021],[152.603,-4.03],[152.612,-4.034],[152.613,-4.041],[152.611,-4.052],[152.615,-4.056],[152.618,-4.076],[152.615,-4.09],[152.621,-4.096],[152.635,-4.101],[152.64,-4.11],[152.643,-4.129],[152.66,-4.147],[152.666,-4.162],[152.678,-4.169],[152.686,-4.18],[152.683,-4.197],[152.672,-4.208],[152.675,-4.218],[152.684,-4.231],[152.685,-4.241],[152.682,-4.249],[152.684,-4.271],[152.682,-4.277],[152.685,-4.289],[152.691,-4.295],[152.682,-4.31],[152.68,-4.328],[152.681,-4.342],[152.687,-4.352],[152.687,-4.363],[152.685,-4.377],[152.678,-4.388],[152.681,-4.396],[152.674,-4.409],[152.677,-4.416],[152.675,-4.427],[152.66,-4.434],[152.655,-4.446],[152.651,-4.449],[152.652,-4.461],[152.66,-4.468],[152.659,-4.473],[152.666,-4.479],[152.666,-4.486],[152.673,-4.492],[152.675,-4.502],[152.669,-4.513],[152.675,-4.527],[152.678,-4.541],[152.677,-4.552],[152.681,-4.557],[152.691,-4.558],[152.705,-4.567],[152.71,-4.578],[152.709,-4.599],[152.715,-4.61],[152.715,-4.624],[152.719,-4.631],[152.719,-4.659],[152.724,-4.667],[152.736,-4.676],[152.748,-4.676],[152.754,-4.679],[152.766,-4.678],[152.772,-4.681],[152.78,-4.698],[152.788,-4.709],[152.804,-4.724],[152.793,-4.724],[152.798,-4.735],[152.809,-4.735],[152.82,-4.747],[152.832,-4.763],[152.834,-4.77],[152.851,-4.769],[152.853,-4.778],[152.866,-4.792],[152.871,-4.807],[152.875,-4.811],[152.881,-4.826],[152.874,-4.832],[152.876,-4.849],[152.886,-4.842],[152.898,-4.827],[152.892,-4.821],[152.896,-4.812],[152.888,-4.804],[152.896,-4.798],[152.892,-4.792],[152.902,-4.78],[152.923,-4.794],[152.921,-4.785],[152.925,-4.778],[152.944,-4.765],[152.967,-4.748],[152.964,-4.74],[152.975,-4.731],[152.969,-4.715],[152.984,-4.705],[152.982,-4.697],[152.989,-4.694],[152.99,-4.685],[153.001,-4.681],[153.009,-4.689],[153.015,-4.683],[153.019,-4.671],[153.011,-4.662],[153.019,-4.646],[153.015,-4.639],[153.022,-4.629],[153.036,-4.613],[153.044,-4.607],[153.06,-4.598],[153.061,-4.565],[153.056,-4.543],[153.062,-4.531],[153.059,-4.524],[153.045,-4.523],[153.034,-4.51],[153.025,-4.497],[153.025,-4.479],[153.029,-4.467],[153.038,-4.449],[153.049,-4.439],[153.052,-4.428],[153.067,-4.413],[153.078,-4.404],[153.117,-4.381],[153.118,-4.367],[153.112,-4.354],[153.104,-4.345],[153.102,-4.336],[153.106,-4.327],[153.112,-4.321],[153.109,-4.301],[153.116,-4.27],[153.108,-4.263],[153.105,-4.245],[153.091,-4.22],[153.086,-4.217],[153.075,-4.218],[153.061,-4.212],[153.045,-4.201],[153.037,-4.194],[153.031,-4.184],[153.031,-4.177],[153.039,-4.166],[153.036,-4.152],[153.023,-4.148],[153.014,-4.135],[153.014,-4.119],[153.007,-4.105],[153.004,-4.096],[152.994,-4.094],[152.992,-4.083],[152.976,-4.07],[152.965,-4.057],[152.953,-4.051],[152.94,-4.031],[152.945,-4.014],[152.943,-3.999],[152.934,-3.979],[152.927,-3.975],[152.916,-3.983],[152.908,-3.995],[152.895,-3.997],[152.88,-3.99],[152.862,-3.984],[152.849,-3.975],[152.845,-3.954],[152.836,-3.95],[152.826,-3.938],[152.827,-3.924],[152.822,-3.911],[152.822,-3.893],[152.815,-3.883],[152.822,-3.876],[152.821,-3.864],[152.802,-3.856],[152.792,-3.856],[152.781,-3.865],[152.769,-3.886],[152.761,-3.889],[152.742,-3.889],[152.738,-3.881],[152.729,-3.885],[152.706,-3.873],[152.699,-3.871],[152.691,-3.875],[152.68,-3.868],[152.68,-3.857],[152.674,-3.851],[152.662,-3.845],[152.647,-3.841],[152.65,-3.831],[152.642,-3.825],[152.626,-3.82],[152.613,-3.821],[152.607,-3.824],[152.593,-3.826],[152.589,-3.821],[152.574,-3.821],[152.562,-3.813],[152.555,-3.813],[152.555,-3.802],[152.542,-3.787],[152.533,-3.784],[152.539,-3.769],[152.547,-3.757],[152.54,-3.733],[152.532,-3.722],[152.522,-3.714],[152.511,-3.679],[152.501,-3.671],[152.498,-3.65],[152.494,-3.643],[152.479,-3.636],[152.461,-3.649],[152.449,-3.661],[152.428,-3.658],[152.422,-3.669],[152.414,-3.67],[152.417,-3.659],[152.403,-3.622],[152.402,-3.616],[152.394,-3.612],[152.391,-3.6],[152.38,-3.591],[152.369,-3.586],[152.363,-3.589],[152.353,-3.588],[152.349,-3.583],[152.35,-3.575],[152.358,-3.546],[152.353,-3.535],[152.347,-3.531],[152.332,-3.525],[152.32,-3.511],[152.299,-3.501],[152.284,-3.5],[152.277,-3.494],[152.264,-3.489],[152.244,-3.471],[152.222,-3.462],[152.215,-3.456],[152.2,-3.451],[152.197,-3.44],[152.178,-3.416],[152.165,-3.414],[152.158,-3.404],[152.157,-3.397],[152.137,-3.37],[152.133,-3.36]]},"properties":{"fid":112,"name":"New Ireland","desc":"gns:dsg=ISL\ngns:uni=-3040585\nis_in:country=Papua New Guinea\nis_in:country_code=PG\nis_in:state=New Ireland Province\nname=New Ireland\nname:br=Iwerzhon Nevez\nname:cs=Nové Irsko\nname:de=Neuirland\nname:en=New Ireland\nname:es=Nueva Irlanda\nname:fr=Nouvelle-Irlande\nold_name:de=Neumecklenburg\nplace=island\nsource=GNS\ntype=multipolygon\nwikidata=Q215089\nwikipedia=es:Nueva Irlanda","country":"Papua New Guinea"}},
{"type":"Feature","geometry":{"type":"LineString","coordinates":[[-149.573,-17.541],[-149.584,-17.546],[-149.594,-17.544],[-149.609,-17.554],[-149.614,-17.553],[-149.619,-17.566],[-149.612,-17.6],[-149.617,-17.616],[-149.613,-17.626],[-149.616,-17.635],[-149.604,-17.646],[-149.595,-17.669],[-149.586,-17.685],[-149.585,-17.711],[-149.581,-17.72],[-149.578,-17.741],[-149.57,-17.743],[-149.553,-17.753],[-149.534,-17.753],[-149.524,-17.755],[-149.517,-17.762],[-149.498,-17.764],[-149.484,-17.768],[-149.476,-17.779],[-149.464,-17.778],[-149.452,-17.78],[-149.445,-17.774],[-149.435,-17.771],[-149.412,-17.774],[-149.402,-17.769],[-149.394,-17.768],[-149.393,-17.762],[-149.375,-17.759],[-149.369,-17.761],[-149.356,-17.759],[-149.343,-17.754],[-149.339,-17.75],[-149.337,-17.735],[-149.327,-17.729],[-149.319,-17.738],[-149.329,-17.741],[-149.33,-17.748],[-149.322,-17.75],[-149.32,-17.76],[-149.311,-17.767],[-149.309,-17.78],[-149.299,-17.789],[-149.293,-17.813],[-149.297,-17.82],[-149.287,-17.825],[-149.283,-17.832],[-149.272,-17.842],[-149.269,-17.849],[-149.261,-17.85],[-149.258,-17.855],[-149.243,-17.863],[-149.236,-17.861],[-149.222,-17.866],[-149.216,-17.864],[-149.18,-17.877],[-149.163,-17.88],[-149.144,-17.87],[-149.14,-17.859],[-149.133,-17.853],[-149.129,-17.841],[-149.129,-17.829],[-149.126,-17.818],[-149.13,-17.811],[-149.128,-17.803],[-149.13,-17.787],[-149.128,-17.782],[-149.137,-17.77],[-149.148,-17.763],[-149.151,-17.758],[-149.164,-17.751],[-149.169,-17.754],[-149.187,-17.751],[-149.201,-17.747],[-149.203,-17.743],[-149.213,-17.745],[-149.222,-17.736],[-149.246,-17.735],[-149.258,-17.739],[-149.274,-17.737],[-149.286,-17.73],[-149.299,-17.728],[-149.306,-17.72],[-149.303,-17.703],[-149.304,-17.699],[-149.304,-17.679],[-149.311,-17.664],[-149.312,-17.652],[-149.31,-17.64],[-149.305,-17.635],[-149.3,-17.608],[-149.31,-17.585],[-149.309,-17.578],[-149.321,-17.569],[-149.331,-17.554],[-149.341,-17.544],[-149.356,-17.54],[-149.362,-17.541],[-149.377,-17.537],[-149.39,-17.524],[-149.4,-17.518],[-149.413,-17.516],[-149.427,-17.509],[-149.464,-17.508],[-149.474,-17.506],[-149.48,-17.5],[-149.494,-17.498],[-149.495,-17.504],[-149.511,-17.521],[-149.52,-17.524],[-149.534,-17.524],[-149.543,-17.521],[-149.549,-17.526],[-149.557,-17.524],[-149.567,-17.529],[-149.573,-17.541]]},"properties":{"fid":113,"name":"Tahiti","desc":"name=Tahiti\nname:af=Tahiti\nname:ar=تاهيتي\nname:az=Taiti\nname:be=Таіці\nname:ca=Tahití\nname:cs=Tahiti\nname:de=Tahiti\nname:en=Tahiti\nname:eo=Tahitio\nname:es=Tahiti\nname:et=Tahiti\nname:eu=Tahiti\nname:fa=تاهیتی\nname:fi=Tahiti\nname:fr=Tahiti\nname:gl=Tahiti\nname:hu=Tahiti\nname:it=Tahiti\nname:ja=タヒチ島\nname:ko=타히티섬\nname:lt=Taitis\nname:nl=Tahiti\nname:no=Tahiti\nname:pl=Tahiti\nname:pt=Taiti\nname:ro=Tahiti\nname:ru=Таити\nname:sk=Tahiti\nname:sl=Tahiti\nname:sq=Tahiti\nname:sr=Тахити\nname:sv=Tahiti\nname:sw=Tahiti\nname:tr=Tahiti\nname:zh=大溪地\nold_name=Nouvelle Cythère\nplace=island\ntype=multipolygon\nwikidata=Q42000\nwikipedia=en:Tahiti","country":"French Polynesia"}},
{"type":"Feature","geometry":{"type":"MultiLineString","coordinates":[[[174.459,-0.815],[174.464,-0.818],[174.476,-0.806],[174.478,-0.786],[174.47,-0.748],[174.456,-0.721],[174.455,-0.711],[174.458,-0.682],[174.453,-0.657],[174.445,-0.643],[174.417,-0.625],[174.396,-0.601],[174.386,-0.592],[174.374,-0.586],[174.364,-0.577],[174.355,-0.573],[174.335,-0.571],[174.317,-0.563],[174.298,-0.548],[174.287,-0.544],[174.271,-0.545],[174.257,-0.544],[174.246,-0.539],[174.232,-0.523],[174.216,-0.532],[174.194,-0.541],[174.186,-0.548],[174.179,-0.567],[174.172,-0.582],[174.165,-0.591],[174.146,-0.609],[174.146,-0.624],[174.165,-0.631],[174.188,-0.644],[174.224,-0.677],[174.257,-0.696],[174.264,-0.702],[174.279,-0.698],[174.28,-0.72],[174.284,-0.734],[174.293,-0.754],[174.3,-0.777],[174.31,-0.794],[174.322,-0.794],[174.331,-0.785],[174.338,-0.781],[174.383,-0.767],[174.4,-0.768],[174.429,-0.78],[174.438,-0.789],[174.442,-0.802],[174.459,-0.815]],[[174.471,-0.796],[174.473,-0.783],[174.466,-0.758],[174.453,-0.738],[174.449,-0.718],[174.452,-0.691],[174.451,-0.684],[174.446,-0.67],[174.445,-0.655],[174.436,-0.65],[174.436,-0.642],[174.423,-0.64],[174.41,-0.63],[174.398,-0.612],[174.391,-0.606],[174.385,-0.606],[174.371,-0.592],[174.358,-0.588],[174.351,-0.582],[174.354,-0.576],[174.364,-0.581],[174.396,-0.606],[174.41,-0.622],[174.417,-0.629],[174.442,-0.644],[174.45,-0.654],[174.452,-0.661],[174.456,-0.69],[174.453,-0.709],[174.455,-0.724],[174.466,-0.745],[174.47,-0.758],[174.476,-0.783],[174.477,-0.798],[174.475,-0.807],[174.464,-0.814],[174.45,-0.802],[174.457,-0.8],[174.468,-0.804],[174.471,-0.796]]]},"properties":{"fid":114,"name":"Tabukaokao","desc":"biotic_reef:type=atoll\nname=Tabukaokao\nplace=islet\nreef=coral\ntype=multipolygon","country":"Kiribati"}},
{"type":"Feature","geometry":{"type":"MultiLineString","coordinates":[[[-180,-16.16],[-180,-16.169],[-179.998,-16.167],[-179.988,-16.159],[-179.981,-16.158],[-179.969,-16.146],[-179.959,-16.146],[-179.96,-16.138],[-179.952,-16.129],[-179.962,-16.128],[-179.989,-16.135],[-180,-16.139],[-180,-16.14],[-180,-16.142],[-180,-16.16]],[[179.043,-16.907],[179.067,-16.907],[179.071,-16.901],[179.072,-16.892],[179.068,-16.881],[179.056,-16.886],[179.046,-16.885],[179.026,-16.869],[179.037,-16.85],[179.035,-16.839],[179.043,-16.82],[179.05,-16.819],[179.052,-16.811],[179.067,-16.801],[179.083,-16.8],[179.092,-16.805],[179.103,-16.803],[179.119,-16.789],[179.113,-16.779],[179.113,-16.774],[179.125,-16.757],[179.136,-16.757],[179.152,-16.747],[179.163,-16.734],[179.164,-16.728],[179.181,-16.713],[179.19,-16.708],[179.195,-16.701],[179.219,-16.698],[179.233,-16.7],[179.261,-16.697],[179.287,-16.703],[179.295,-16.713],[179.307,-16.711],[179.316,-16.717],[179.313,-16.728],[179.327,-16.725],[179.329,-16.734],[179.338,-16.729],[179.354,-16.735],[179.361,-16.741],[179.355,-16.75],[179.347,-16.755],[179.359,-16.76],[179.354,-16.769],[179.336,-16.779],[179.318,-16.782],[179.31,-16.792],[179.286,-16.813],[179.303,-16.82],[179.31,-16.819],[179.337,-16.803],[179.347,-16.811],[179.355,-16.81],[179.371,-16.796],[179.372,-16.803],[179.382,-16.802],[179.403,-16.803],[179.412,-16.797],[179.424,-16.8],[179.437,-16.81],[179.453,-16.812],[179.461,-16.808],[179.464,-16.813],[179.472,-16.808],[179.472,-16.801],[179.508,-16.802],[179.522,-16.8],[179.525,-16.792],[179.539,-16.793],[179.547,-16.787],[179.554,-16.791],[179.566,-16.804],[179.574,-16.806],[179.58,-16.798],[179.589,-16.802],[179.599,-16.788],[179.61,-16.778],[179.625,-16.769],[179.636,-16.758],[179.646,-16.76],[179.659,-16.753],[179.655,-16.746],[179.691,-16.743],[179.699,-16.734],[179.704,-16.736],[179.713,-16.718],[179.727,-16.72],[179.744,-16.731],[179.756,-16.73],[179.773,-16.724],[179.787,-16.724],[179.823,-16.749],[179.839,-16.75],[179.845,-16.746],[179.858,-16.75],[179.848,-16.765],[179.869,-16.778],[179.875,-16.774],[179.878,-16.764],[179.889,-16.778],[179.894,-16.769],[179.882,-16.755],[179.882,-16.75],[179.893,-16.745],[179.91,-16.752],[179.911,-16.761],[179.92,-16.763],[179.926,-16.736],[179.914,-16.73],[179.913,-16.724],[179.898,-16.719],[179.89,-16.719],[179.887,-16.711],[179.875,-16.698],[179.878,-16.685],[179.874,-16.678],[179.862,-16.676],[179.836,-16.673],[179.826,-16.677],[179.822,-16.667],[179.831,-16.66],[179.841,-16.658],[179.847,-16.641],[179.867,-16.639],[179.869,-16.622],[179.862,-16.613],[179.879,-16.599],[179.884,-16.59],[179.881,-16.579],[179.891,-16.57],[179.896,-16.557],[179.891,-16.552],[179.897,-16.538],[179.915,-16.528],[179.92,-16.519],[179.916,-16.51],[179.926,-16.506],[179.923,-16.498],[179.927,-16.482],[179.923,-16.472],[179.915,-16.476],[179.901,-16.475],[179.895,-16.478],[179.884,-16.492],[179.88,-16.502],[179.871,-16.501],[179.866,-16.506],[179.847,-16.515],[179.809,-16.526],[179.793,-16.538],[179.784,-16.551],[179.778,-16.555],[179.766,-16.569],[179.744,-16.58],[179.74,-16.591],[179.734,-16.591],[179.726,-16.6],[179.708,-16.612],[179.702,-16.623],[179.704,-16.633],[179.701,-16.644],[179.696,-16.648],[179.695,-16.657],[179.679,-16.663],[179.678,-16.671],[179.666,-16.674],[179.662,-16.681],[179.651,-16.687],[179.636,-16.691],[179.626,-16.702],[179.622,-16.715],[179.614,-16.73],[179.594,-16.732],[179.582,-16.742],[179.572,-16.739],[179.562,-16.75],[179.559,-16.766],[179.551,-16.771],[179.54,-16.758],[179.531,-16.762],[179.526,-16.758],[179.518,-16.758],[179.504,-16.764],[179.475,-16.772],[179.471,-16.765],[179.477,-16.76],[179.483,-16.744],[179.484,-16.737],[179.479,-16.725],[179.484,-16.719],[179.482,-16.712],[179.472,-16.709],[179.471,-16.704],[179.492,-16.695],[179.497,-16.679],[179.507,-16.666],[179.508,-16.659],[179.523,-16.649],[179.518,-16.642],[179.532,-16.634],[179.538,-16.635],[179.549,-16.629],[179.548,-16.621],[179.561,-16.619],[179.561,-16.614],[179.55,-16.609],[179.555,-16.601],[179.563,-16.599],[179.566,-16.583],[179.562,-16.567],[179.572,-16.561],[179.577,-16.547],[179.597,-16.54],[179.605,-16.53],[179.626,-16.525],[179.629,-16.513],[179.642,-16.503],[179.654,-16.502],[179.671,-16.496],[179.679,-16.495],[179.688,-16.485],[179.709,-16.481],[179.713,-16.474],[179.723,-16.469],[179.738,-16.456],[179.742,-16.448],[179.741,-16.44],[179.755,-16.422],[179.757,-16.414],[179.764,-16.412],[179.768,-16.403],[179.765,-16.399],[179.78,-16.384],[179.78,-16.378],[179.791,-16.368],[179.797,-16.366],[179.808,-16.35],[179.815,-16.328],[179.829,-16.309],[179.833,-16.296],[179.831,-16.286],[179.833,-16.277],[179.849,-16.273],[179.85,-16.262],[179.858,-16.261],[179.874,-16.247],[179.875,-16.24],[179.892,-16.237],[179.902,-16.22],[179.924,-16.211],[179.94,-16.207],[179.943,-16.199],[179.961,-16.184],[179.981,-16.178],[179.991,-16.17],[180,-16.169],[180,-16.16],[180,-16.142],[179.995,-16.147],[179.972,-16.158],[179.96,-16.158],[179.936,-16.17],[179.926,-16.179],[179.917,-16.179],[179.913,-16.185],[179.904,-16.186],[179.896,-16.193],[179.893,-16.187],[179.882,-16.186],[179.856,-16.203],[179.854,-16.213],[179.84,-16.229],[179.84,-16.238],[179.834,-16.241],[179.826,-16.22],[179.812,-16.221],[179.815,-16.215],[179.823,-16.211],[179.823,-16.202],[179.8,-16.207],[179.791,-16.219],[179.781,-16.212],[179.767,-16.223],[179.762,-16.22],[179.753,-16.222],[179.75,-16.228],[179.74,-16.227],[179.735,-16.22],[179.744,-16.21],[179.73,-16.207],[179.728,-16.197],[179.712,-16.2],[179.705,-16.203],[179.691,-16.202],[179.675,-16.22],[179.666,-16.215],[179.66,-16.203],[179.65,-16.205],[179.648,-16.214],[179.651,-16.223],[179.644,-16.226],[179.648,-16.238],[179.633,-16.242],[179.627,-16.228],[179.62,-16.227],[179.618,-16.234],[179.626,-16.242],[179.621,-16.246],[179.609,-16.25],[179.599,-16.246],[179.593,-16.253],[179.583,-16.255],[179.573,-16.252],[179.579,-16.244],[179.579,-16.232],[179.568,-16.226],[179.561,-16.238],[179.561,-16.244],[179.569,-16.247],[179.57,-16.259],[179.566,-16.263],[179.557,-16.26],[179.549,-16.263],[179.542,-16.251],[179.543,-16.242],[179.535,-16.242],[179.532,-16.247],[179.535,-16.268],[179.526,-16.27],[179.522,-16.266],[179.511,-16.265],[179.512,-16.257],[179.497,-16.264],[179.509,-16.273],[179.506,-16.291],[179.496,-16.286],[179.491,-16.293],[179.483,-16.29],[179.465,-16.292],[179.462,-16.282],[179.45,-16.278],[179.447,-16.284],[179.455,-16.291],[179.449,-16.301],[179.441,-16.306],[179.437,-16.326],[179.427,-16.319],[179.421,-16.323],[179.408,-16.322],[179.403,-16.341],[179.397,-16.345],[179.405,-16.353],[179.409,-16.361],[179.407,-16.369],[179.399,-16.372],[179.393,-16.366],[179.396,-16.359],[179.39,-16.357],[179.388,-16.376],[179.383,-16.374],[179.372,-16.36],[179.359,-16.365],[179.349,-16.379],[179.342,-16.38],[179.32,-16.409],[179.301,-16.419],[179.305,-16.426],[179.286,-16.428],[179.252,-16.413],[179.249,-16.409],[179.218,-16.418],[179.204,-16.406],[179.182,-16.413],[179.166,-16.423],[179.16,-16.432],[179.15,-16.44],[179.133,-16.437],[179.123,-16.438],[179.117,-16.432],[179.112,-16.441],[179.103,-16.441],[179.091,-16.449],[179.075,-16.448],[179.064,-16.453],[179.039,-16.458],[179.041,-16.47],[179.031,-16.478],[179.022,-16.477],[179.008,-16.47],[178.994,-16.468],[178.987,-16.471],[178.972,-16.472],[178.968,-16.479],[178.958,-16.486],[178.949,-16.482],[178.945,-16.477],[178.952,-16.466],[178.941,-16.462],[178.935,-16.47],[178.923,-16.473],[178.928,-16.479],[178.898,-16.502],[178.909,-16.512],[178.909,-16.52],[178.899,-16.53],[178.887,-16.534],[178.871,-16.547],[178.852,-16.548],[178.842,-16.555],[178.826,-16.561],[178.82,-16.575],[178.814,-16.582],[178.815,-16.595],[178.797,-16.6],[178.789,-16.606],[178.777,-16.606],[178.766,-16.599],[178.756,-16.604],[178.76,-16.609],[178.755,-16.623],[178.75,-16.624],[178.743,-16.632],[178.736,-16.635],[178.726,-16.648],[178.715,-16.652],[178.701,-16.645],[178.698,-16.66],[178.7,-16.665],[178.692,-16.675],[178.68,-16.677],[178.665,-16.675],[178.664,-16.672],[178.645,-16.672],[178.633,-16.663],[178.62,-16.647],[178.599,-16.661],[178.585,-16.659],[178.583,-16.653],[178.591,-16.647],[178.589,-16.643],[178.566,-16.627],[178.556,-16.633],[178.531,-16.641],[178.523,-16.647],[178.531,-16.664],[178.538,-16.674],[178.549,-16.674],[178.561,-16.67],[178.568,-16.664],[178.567,-16.686],[178.557,-16.709],[178.558,-16.719],[178.549,-16.719],[178.548,-16.708],[178.536,-16.709],[178.535,-16.718],[178.54,-16.727],[178.527,-16.741],[178.522,-16.735],[178.529,-16.715],[178.525,-16.71],[178.517,-16.711],[178.503,-16.718],[178.497,-16.73],[178.487,-16.74],[178.487,-16.752],[178.479,-16.75],[178.48,-16.774],[178.487,-16.787],[178.492,-16.803],[178.488,-16.805],[178.49,-16.816],[178.503,-16.827],[178.507,-16.821],[178.525,-16.822],[178.544,-16.812],[178.549,-16.806],[178.557,-16.802],[178.563,-16.806],[178.586,-16.801],[178.592,-16.803],[178.601,-16.82],[178.615,-16.82],[178.617,-16.834],[178.611,-16.836],[178.619,-16.849],[178.613,-16.852],[178.618,-16.866],[178.625,-16.871],[178.634,-16.88],[178.63,-16.89],[178.644,-16.893],[178.656,-16.909],[178.654,-16.916],[178.66,-16.923],[178.662,-16.939],[178.667,-16.941],[178.668,-16.954],[178.68,-16.978],[178.688,-16.988],[178.688,-16.998],[178.701,-17.003],[178.712,-17.015],[178.726,-17.016],[178.732,-17.012],[178.749,-17.013],[178.757,-17.01],[178.762,-16.996],[178.775,-17.001],[178.785,-17],[178.796,-16.993],[178.792,-16.983],[178.793,-16.975],[178.779,-16.973],[178.77,-16.965],[178.786,-16.959],[178.796,-16.959],[178.805,-16.954],[178.797,-16.943],[178.809,-16.937],[178.793,-16.922],[178.809,-16.914],[178.817,-16.916],[178.828,-16.912],[178.828,-16.899],[178.84,-16.899],[178.846,-16.895],[178.858,-16.875],[178.866,-16.864],[178.87,-16.863],[178.884,-16.866],[178.902,-16.877],[178.909,-16.887],[178.927,-16.882],[178.937,-16.885],[178.946,-16.896],[178.945,-16.909],[178.958,-16.915],[178.97,-16.913],[178.981,-16.904],[178.983,-16.91],[178.995,-16.916],[179.001,-16.925],[179.011,-16.92],[179.02,-16.927],[179.026,-16.916],[179.037,-16.907],[179.043,-16.907]]]},"properties":{"fid":115,"name":"Vanua Levu","desc":"name=Vanua Levu\nname:en=Vanua Levu\nname:es=Vanua Levu\nname:fr=Vanua Levu\nname:nl=Vanua Levu\nname:ru=Вануа-Леву\nold_name=Sandalwood Island\nplace=island\ntype=multipolygon\nwikidata=Q327733","country":"Fiji"}},
{"type":"Feature","geometry":{"type":"LineString","coordinates":[[177.425,-17.732],[177.426,-17.732],[177.435,-17.746],[177.433,-17.758],[177.424,-17.767],[177.41,-17.773],[177.396,-17.765],[177.391,-17.766],[177.383,-17.777],[177.366,-17.787],[177.362,-17.818],[177.367,-17.821],[177.352,-17.842],[177.335,-17.847],[177.331,-17.854],[177.321,-17.857],[177.313,-17.864],[177.304,-17.858],[177.288,-17.855],[177.274,-17.859],[177.271,-17.868],[177.25,-17.886],[177.261,-17.909],[177.276,-17.913],[177.275,-17.921],[177.264,-17.922],[177.266,-17.928],[177.26,-17.933],[177.257,-17.946],[177.243,-17.963],[177.247,-17.968],[177.262,-17.972],[177.252,-17.991],[177.266,-18.005],[177.286,-18.02],[177.289,-18.024],[177.284,-18.036],[177.295,-18.037],[177.303,-18.042],[177.301,-18.072],[177.299,-18.085],[177.307,-18.096],[177.317,-18.099],[177.327,-18.117],[177.338,-18.124],[177.368,-18.127],[177.377,-18.126],[177.383,-18.134],[177.397,-18.136],[177.407,-18.131],[177.42,-18.133],[177.43,-18.14],[177.429,-18.147],[177.437,-18.155],[177.459,-18.17],[177.469,-18.167],[177.478,-18.17],[177.491,-18.17],[177.522,-18.175],[177.528,-18.17],[177.538,-18.169],[177.542,-18.177],[177.555,-18.181],[177.585,-18.183],[177.595,-18.178],[177.601,-18.187],[177.609,-18.183],[177.616,-18.188],[177.629,-18.192],[177.639,-18.193],[177.645,-18.197],[177.66,-18.196],[177.67,-18.203],[177.683,-18.202],[177.712,-18.211],[177.719,-18.216],[177.729,-18.213],[177.734,-18.22],[177.747,-18.222],[177.757,-18.221],[177.787,-18.232],[177.796,-18.239],[177.807,-18.238],[177.82,-18.242],[177.83,-18.242],[177.827,-18.249],[177.848,-18.263],[177.855,-18.264],[177.863,-18.25],[177.868,-18.251],[177.878,-18.262],[177.887,-18.275],[177.913,-18.268],[177.931,-18.267],[177.929,-18.26],[177.943,-18.257],[177.942,-18.265],[177.951,-18.269],[177.955,-18.261],[177.967,-18.261],[177.969,-18.252],[177.984,-18.26],[177.99,-18.266],[178.003,-18.261],[178.011,-18.266],[178.03,-18.266],[178.04,-18.261],[178.046,-18.264],[178.053,-18.26],[178.059,-18.263],[178.073,-18.254],[178.091,-18.25],[178.103,-18.252],[178.114,-18.258],[178.122,-18.269],[178.128,-18.269],[178.147,-18.259],[178.16,-18.25],[178.174,-18.234],[178.181,-18.231],[178.185,-18.221],[178.198,-18.217],[178.208,-18.207],[178.203,-18.197],[178.234,-18.201],[178.241,-18.196],[178.252,-18.178],[178.26,-18.172],[178.258,-18.162],[178.265,-18.16],[178.275,-18.164],[178.277,-18.159],[178.287,-18.162],[178.297,-18.16],[178.29,-18.152],[178.298,-18.148],[178.306,-18.148],[178.316,-18.134],[178.328,-18.121],[178.34,-18.119],[178.346,-18.122],[178.346,-18.129],[178.354,-18.133],[178.36,-18.141],[178.383,-18.126],[178.385,-18.117],[178.383,-18.108],[178.388,-18.103],[178.4,-18.114],[178.418,-18.113],[178.428,-18.117],[178.43,-18.122],[178.42,-18.144],[178.424,-18.158],[178.435,-18.164],[178.44,-18.162],[178.457,-18.146],[178.46,-18.14],[178.472,-18.128],[178.474,-18.122],[178.49,-18.109],[178.508,-18.107],[178.509,-18.115],[178.515,-18.122],[178.521,-18.104],[178.529,-18.103],[178.541,-18.107],[178.55,-18.101],[178.56,-18.101],[178.563,-18.108],[178.571,-18.111],[178.572,-18.121],[178.572,-18.128],[178.577,-18.133],[178.588,-18.134],[178.593,-18.127],[178.609,-18.119],[178.613,-18.103],[178.636,-18.103],[178.64,-18.097],[178.65,-18.093],[178.646,-18.084],[178.658,-18.079],[178.668,-18.061],[178.681,-18.057],[178.677,-18.048],[178.669,-18.044],[178.67,-18.035],[178.679,-18.026],[178.696,-18.004],[178.688,-18.002],[178.68,-18.013],[178.668,-18.021],[178.659,-18.038],[178.653,-18.035],[178.646,-18.024],[178.644,-18.013],[178.639,-18.009],[178.634,-17.992],[178.621,-17.983],[178.609,-17.98],[178.605,-17.976],[178.608,-17.962],[178.593,-17.954],[178.593,-17.944],[178.588,-17.939],[178.601,-17.929],[178.589,-17.926],[178.581,-17.913],[178.584,-17.899],[178.591,-17.895],[178.602,-17.895],[178.603,-17.876],[178.615,-17.874],[178.62,-17.856],[178.606,-17.849],[178.611,-17.831],[178.606,-17.829],[178.595,-17.832],[178.594,-17.821],[178.59,-17.816],[178.594,-17.803],[178.591,-17.788],[178.595,-17.781],[178.577,-17.782],[178.579,-17.776],[178.561,-17.774],[178.56,-17.769],[178.551,-17.766],[178.555,-17.754],[178.561,-17.749],[178.564,-17.73],[178.561,-17.719],[178.574,-17.703],[178.578,-17.692],[178.578,-17.681],[178.587,-17.674],[178.582,-17.66],[178.585,-17.65],[178.583,-17.644],[178.571,-17.64],[178.561,-17.634],[178.541,-17.624],[178.53,-17.616],[178.523,-17.617],[178.513,-17.609],[178.502,-17.604],[178.49,-17.59],[178.491,-17.585],[178.486,-17.574],[178.465,-17.565],[178.459,-17.559],[178.446,-17.565],[178.422,-17.557],[178.416,-17.558],[178.41,-17.547],[178.404,-17.548],[178.399,-17.54],[178.386,-17.538],[178.376,-17.547],[178.372,-17.537],[178.379,-17.527],[178.368,-17.513],[178.352,-17.508],[178.349,-17.501],[178.352,-17.494],[178.339,-17.495],[178.338,-17.481],[178.332,-17.469],[178.336,-17.465],[178.332,-17.453],[178.308,-17.44],[178.291,-17.439],[178.278,-17.435],[178.264,-17.448],[178.258,-17.462],[178.247,-17.456],[178.25,-17.469],[178.237,-17.468],[178.229,-17.457],[178.231,-17.453],[178.227,-17.431],[178.231,-17.411],[178.242,-17.413],[178.251,-17.407],[178.262,-17.392],[178.249,-17.378],[178.246,-17.362],[178.24,-17.356],[178.23,-17.353],[178.223,-17.343],[178.217,-17.339],[178.209,-17.347],[178.2,-17.344],[178.203,-17.338],[178.211,-17.337],[178.204,-17.327],[178.188,-17.322],[178.185,-17.313],[178.174,-17.311],[178.179,-17.322],[178.177,-17.328],[178.181,-17.338],[178.167,-17.341],[178.156,-17.351],[178.131,-17.352],[178.124,-17.356],[178.12,-17.366],[178.11,-17.371],[178.104,-17.369],[178.09,-17.375],[178.082,-17.373],[178.076,-17.363],[178.059,-17.362],[178.042,-17.37],[178.028,-17.372],[178.017,-17.364],[178.015,-17.383],[178.01,-17.389],[178.004,-17.406],[177.992,-17.406],[177.983,-17.403],[177.97,-17.408],[177.961,-17.416],[177.957,-17.427],[177.947,-17.426],[177.928,-17.427],[177.915,-17.422],[177.903,-17.421],[177.893,-17.423],[177.878,-17.408],[177.868,-17.409],[177.858,-17.403],[177.849,-17.403],[177.849,-17.415],[177.844,-17.419],[177.839,-17.429],[177.833,-17.429],[177.822,-17.437],[177.813,-17.43],[177.811,-17.417],[177.824,-17.413],[177.814,-17.403],[177.823,-17.397],[177.824,-17.388],[177.818,-17.374],[177.811,-17.38],[177.795,-17.387],[177.798,-17.399],[177.788,-17.399],[177.779,-17.389],[177.763,-17.399],[177.759,-17.41],[177.752,-17.416],[177.752,-17.427],[177.756,-17.433],[177.748,-17.437],[177.751,-17.445],[177.743,-17.45],[177.732,-17.444],[177.723,-17.445],[177.711,-17.437],[177.69,-17.436],[177.673,-17.448],[177.665,-17.452],[177.654,-17.45],[177.641,-17.453],[177.635,-17.451],[177.61,-17.454],[177.615,-17.463],[177.613,-17.47],[177.601,-17.483],[177.589,-17.484],[177.582,-17.49],[177.578,-17.5],[177.569,-17.507],[177.551,-17.512],[177.543,-17.523],[177.534,-17.531],[177.524,-17.527],[177.52,-17.509],[177.511,-17.517],[177.504,-17.532],[177.509,-17.55],[177.502,-17.556],[177.507,-17.57],[177.492,-17.589],[177.484,-17.594],[177.469,-17.6],[177.463,-17.599],[177.438,-17.605],[177.436,-17.618],[177.421,-17.631],[177.423,-17.635],[177.416,-17.644],[177.404,-17.647],[177.389,-17.646],[177.385,-17.651],[177.394,-17.664],[177.386,-17.665],[177.383,-17.671],[177.389,-17.684],[177.399,-17.683],[177.407,-17.687],[177.422,-17.698],[177.425,-17.704],[177.422,-17.715],[177.425,-17.732]]},"properties":{"fid":116,"name":"Viti Levu","desc":"name=Viti Levu\nname:ar=فيتي ليفو\nname:az-Arab=ویتی لوو\nname:azb=ویتی لوو\nname:be=Віці-Леву\nname:de=Viti Levu\nname:el=Βίτι Λέβου\nname:es=Viti Levu\nname:fa=ویتی لوو\nname:ja=ビティレブ島\nname:ks=ویتی لوو\nname:pt=Viti Levu\nname:ru=Вити-Леву\nname:uk=Віті-Леву\nname:ur=ویتی لوو\nplace=island\ntype=multipolygon\nwikidata=Q208198\nwikipedia=be:Віці-Леву","country":"Fiji"}},
{"type":"Feature","geometry":{"type":"LineString","coordinates":[[161.488,-10.389],[161.479,-10.402],[161.484,-10.42],[161.48,-10.43],[161.496,-10.428],[161.504,-10.435],[161.492,-10.447],[161.495,-10.458],[161.487,-10.46],[161.481,-10.467],[161.481,-10.473],[161.489,-10.477],[161.493,-10.472],[161.509,-10.469],[161.514,-10.476],[161.519,-10.492],[161.526,-10.496],[161.525,-10.502],[161.517,-10.514],[161.526,-10.521],[161.52,-10.528],[161.518,-10.538],[161.512,-10.548],[161.519,-10.557],[161.513,-10.569],[161.521,-10.575],[161.527,-10.57],[161.539,-10.571],[161.55,-10.57],[161.561,-10.561],[161.568,-10.563],[161.572,-10.575],[161.591,-10.575],[161.585,-10.594],[161.599,-10.591],[161.606,-10.593],[161.611,-10.603],[161.602,-10.608],[161.621,-10.621],[161.619,-10.628],[161.624,-10.645],[161.634,-10.639],[161.637,-10.63],[161.644,-10.627],[161.645,-10.618],[161.652,-10.616],[161.672,-10.643],[161.665,-10.648],[161.665,-10.66],[161.679,-10.653],[161.687,-10.665],[161.695,-10.647],[161.701,-10.655],[161.697,-10.66],[161.708,-10.666],[161.703,-10.678],[161.698,-10.677],[161.696,-10.688],[161.711,-10.697],[161.718,-10.691],[161.73,-10.705],[161.744,-10.698],[161.747,-10.708],[161.755,-10.703],[161.762,-10.71],[161.757,-10.715],[161.774,-10.72],[161.776,-10.727],[161.771,-10.744],[161.783,-10.738],[161.793,-10.739],[161.802,-10.749],[161.806,-10.743],[161.815,-10.75],[161.82,-10.747],[161.825,-10.755],[161.832,-10.756],[161.845,-10.75],[161.855,-10.771],[161.868,-10.779],[161.873,-10.773],[161.886,-10.784],[161.899,-10.778],[161.909,-10.782],[161.921,-10.78],[161.932,-10.787],[161.93,-10.794],[161.955,-10.797],[161.969,-10.788],[161.977,-10.787],[161.984,-10.792],[162.004,-10.788],[162.016,-10.792],[162.016,-10.798],[162.029,-10.803],[162.051,-10.828],[162.062,-10.832],[162.076,-10.831],[162.079,-10.826],[162.091,-10.832],[162.118,-10.842],[162.148,-10.835],[162.157,-10.838],[162.162,-10.832],[162.18,-10.828],[162.181,-10.821],[162.196,-10.821],[162.201,-10.814],[162.208,-10.819],[162.233,-10.827],[162.239,-10.836],[162.252,-10.836],[162.271,-10.845],[162.279,-10.845],[162.3,-10.84],[162.308,-10.846],[162.315,-10.841],[162.321,-10.842],[162.327,-10.837],[162.336,-10.843],[162.347,-10.846],[162.352,-10.844],[162.37,-10.847],[162.379,-10.837],[162.376,-10.827],[162.372,-10.823],[162.345,-10.819],[162.334,-10.826],[162.32,-10.828],[162.313,-10.826],[162.311,-10.82],[162.289,-10.813],[162.285,-10.821],[162.263,-10.822],[162.258,-10.819],[162.255,-10.803],[162.241,-10.804],[162.234,-10.809],[162.223,-10.808],[162.227,-10.799],[162.246,-10.801],[162.258,-10.785],[162.267,-10.782],[162.28,-10.773],[162.281,-10.761],[162.274,-10.753],[162.276,-10.735],[162.272,-10.712],[162.266,-10.708],[162.261,-10.689],[162.248,-10.695],[162.238,-10.693],[162.229,-10.685],[162.222,-10.685],[162.211,-10.679],[162.199,-10.666],[162.192,-10.651],[162.195,-10.638],[162.192,-10.627],[162.18,-10.608],[162.176,-10.612],[162.166,-10.606],[162.159,-10.594],[162.16,-10.586],[162.157,-10.569],[162.151,-10.558],[162.142,-10.554],[162.138,-10.54],[162.108,-10.503],[162.104,-10.494],[162.098,-10.494],[162.09,-10.487],[162.085,-10.475],[162.074,-10.479],[162.056,-10.466],[162.05,-10.472],[162.05,-10.484],[162.043,-10.502],[162.024,-10.505],[161.996,-10.497],[161.985,-10.491],[161.961,-10.471],[161.957,-10.458],[161.952,-10.455],[161.938,-10.458],[161.924,-10.445],[161.918,-10.457],[161.908,-10.457],[161.901,-10.448],[161.886,-10.446],[161.879,-10.449],[161.878,-10.455],[161.865,-10.458],[161.853,-10.455],[161.839,-10.457],[161.813,-10.445],[161.8,-10.43],[161.793,-10.41],[161.782,-10.414],[161.766,-10.415],[161.756,-10.404],[161.751,-10.409],[161.74,-10.413],[161.722,-10.41],[161.713,-10.405],[161.688,-10.372],[161.689,-10.364],[161.67,-10.364],[161.665,-10.37],[161.655,-10.365],[161.645,-10.355],[161.645,-10.345],[161.623,-10.337],[161.619,-10.329],[161.606,-10.321],[161.597,-10.322],[161.587,-10.315],[161.585,-10.301],[161.579,-10.303],[161.573,-10.298],[161.564,-10.296],[161.555,-10.281],[161.542,-10.277],[161.54,-10.273],[161.518,-10.26],[161.506,-10.259],[161.493,-10.248],[161.481,-10.248],[161.469,-10.241],[161.466,-10.233],[161.453,-10.225],[161.435,-10.22],[161.425,-10.212],[161.398,-10.204],[161.382,-10.196],[161.335,-10.19],[161.324,-10.208],[161.319,-10.211],[161.29,-10.207],[161.279,-10.211],[161.276,-10.219],[161.278,-10.229],[161.274,-10.243],[161.275,-10.254],[161.28,-10.262],[161.274,-10.267],[161.27,-10.279],[161.273,-10.284],[161.27,-10.293],[161.268,-10.311],[161.274,-10.316],[161.269,-10.323],[161.273,-10.339],[161.278,-10.336],[161.29,-10.338],[161.301,-10.344],[161.324,-10.349],[161.343,-10.348],[161.349,-10.344],[161.353,-10.335],[161.359,-10.334],[161.375,-10.339],[161.387,-10.338],[161.399,-10.346],[161.396,-10.354],[161.419,-10.354],[161.417,-10.35],[161.427,-10.346],[161.43,-10.355],[161.44,-10.352],[161.452,-10.363],[161.471,-10.367],[161.491,-10.376],[161.494,-10.386],[161.488,-10.389]]},"properties":{"fid":117,"name":"Makira","desc":"alt_name=San Cristobal\nname=Makira\nname:zh=马基拉岛\nplace=island\ntype=multipolygon\nwikidata=Q714573\nwikipedia=en:Makira","country":"Solomon Islands"}},
{"type":"Feature","geometry":{"type":"LineString","coordinates":[[160.594,-8.41],[160.613,-8.425],[160.619,-8.423],[160.629,-8.429],[160.645,-8.446],[160.647,-8.456],[160.665,-8.472],[160.671,-8.481],[160.68,-8.488],[160.677,-8.495],[160.697,-8.51],[160.702,-8.52],[160.71,-8.522],[160.707,-8.531],[160.723,-8.553],[160.728,-8.557],[160.719,-8.572],[160.706,-8.567],[160.691,-8.569],[160.684,-8.583],[160.676,-8.591],[160.677,-8.6],[160.67,-8.604],[160.654,-8.606],[160.652,-8.611],[160.653,-8.628],[160.662,-8.635],[160.662,-8.647],[160.665,-8.663],[160.684,-8.683],[160.684,-8.692],[160.68,-8.699],[160.685,-8.716],[160.684,-8.721],[160.673,-8.732],[160.671,-8.746],[160.675,-8.757],[160.692,-8.777],[160.699,-8.773],[160.709,-8.799],[160.719,-8.81],[160.726,-8.826],[160.732,-8.829],[160.74,-8.846],[160.741,-8.854],[160.753,-8.862],[160.751,-8.883],[160.747,-8.891],[160.749,-8.9],[160.76,-8.902],[160.759,-8.909],[160.765,-8.92],[160.758,-8.936],[160.767,-8.95],[160.753,-8.964],[160.757,-8.969],[160.759,-8.978],[160.768,-8.991],[160.769,-8.999],[160.786,-9.02],[160.784,-9.024],[160.796,-9.031],[160.804,-9.049],[160.799,-9.06],[160.801,-9.067],[160.808,-9.071],[160.811,-9.085],[160.818,-9.091],[160.829,-9.095],[160.83,-9.101],[160.843,-9.124],[160.844,-9.132],[160.85,-9.14],[160.856,-9.14],[160.872,-9.163],[160.883,-9.168],[160.906,-9.182],[160.929,-9.172],[160.933,-9.184],[160.95,-9.194],[160.965,-9.21],[160.963,-9.226],[160.973,-9.238],[161.002,-9.247],[161.006,-9.246],[161.007,-9.263],[161.018,-9.283],[161.04,-9.302],[161.052,-9.305],[161.057,-9.298],[161.065,-9.303],[161.061,-9.31],[161.066,-9.315],[161.076,-9.319],[161.077,-9.304],[161.087,-9.303],[161.09,-9.314],[161.084,-9.321],[161.089,-9.33],[161.103,-9.343],[161.111,-9.348],[161.118,-9.357],[161.128,-9.356],[161.129,-9.348],[161.137,-9.343],[161.141,-9.349],[161.138,-9.354],[161.151,-9.359],[161.162,-9.369],[161.169,-9.371],[161.191,-9.391],[161.198,-9.388],[161.204,-9.394],[161.204,-9.402],[161.222,-9.419],[161.234,-9.446],[161.24,-9.447],[161.239,-9.458],[161.245,-9.459],[161.256,-9.477],[161.259,-9.491],[161.269,-9.5],[161.287,-9.513],[161.292,-9.521],[161.291,-9.528],[161.303,-9.538],[161.31,-9.547],[161.328,-9.554],[161.344,-9.564],[161.37,-9.583],[161.378,-9.593],[161.386,-9.598],[161.397,-9.595],[161.402,-9.583],[161.399,-9.574],[161.41,-9.561],[161.408,-9.552],[161.403,-9.549],[161.397,-9.541],[161.396,-9.523],[161.399,-9.512],[161.384,-9.499],[161.376,-9.496],[161.373,-9.485],[161.369,-9.483],[161.364,-9.48],[161.355,-9.465],[161.361,-9.454],[161.348,-9.453],[161.338,-9.444],[161.337,-9.434],[161.327,-9.43],[161.324,-9.417],[161.306,-9.385],[161.298,-9.381],[161.297,-9.369],[161.283,-9.355],[161.284,-9.351],[161.269,-9.339],[161.27,-9.333],[161.258,-9.322],[161.244,-9.318],[161.233,-9.3],[161.224,-9.294],[161.216,-9.286],[161.216,-9.28],[161.225,-9.274],[161.238,-9.285],[161.242,-9.286],[161.248,-9.296],[161.266,-9.298],[161.258,-9.289],[161.256,-9.273],[161.249,-9.255],[161.252,-9.244],[161.245,-9.236],[161.236,-9.233],[161.235,-9.216],[161.231,-9.209],[161.245,-9.202],[161.253,-9.205],[161.264,-9.198],[161.265,-9.193],[161.254,-9.186],[161.25,-9.188],[161.238,-9.184],[161.24,-9.177],[161.251,-9.169],[161.237,-9.16],[161.229,-9.164],[161.216,-9.149],[161.202,-9.145],[161.196,-9.137],[161.222,-9.117],[161.217,-9.112],[161.218,-9.105],[161.211,-9.099],[161.184,-9.096],[161.176,-9.099],[161.167,-9.083],[161.176,-9.085],[161.18,-9.092],[161.189,-9.087],[161.186,-9.066],[161.191,-9.058],[161.171,-9.053],[161.173,-9.042],[161.183,-9.035],[161.171,-9.019],[161.166,-9.009],[161.145,-9.006],[161.146,-8.999],[161.141,-8.993],[161.143,-8.979],[161.132,-8.97],[161.139,-8.965],[161.144,-8.971],[161.151,-8.969],[161.138,-8.952],[161.118,-8.941],[161.116,-8.933],[161.102,-8.912],[161.078,-8.891],[161.077,-8.899],[161.07,-8.911],[161.053,-8.902],[161.046,-8.891],[161.052,-8.887],[161.063,-8.887],[161.043,-8.867],[161.028,-8.857],[161.02,-8.857],[161.008,-8.844],[161.001,-8.85],[161.013,-8.863],[161.007,-8.867],[160.994,-8.861],[160.971,-8.854],[160.964,-8.846],[160.967,-8.835],[160.961,-8.832],[160.949,-8.832],[160.94,-8.822],[160.933,-8.798],[160.935,-8.787],[160.932,-8.777],[160.932,-8.755],[160.939,-8.759],[160.947,-8.754],[160.948,-8.745],[160.955,-8.742],[160.952,-8.717],[160.944,-8.713],[160.948,-8.698],[160.962,-8.697],[160.983,-8.684],[160.987,-8.683],[161.002,-8.667],[161.003,-8.655],[161,-8.643],[160.992,-8.628],[160.977,-8.612],[160.961,-8.584],[160.933,-8.559],[160.912,-8.55],[160.917,-8.539],[160.9,-8.515],[160.906,-8.512],[160.898,-8.504],[160.895,-8.496],[160.886,-8.494],[160.877,-8.486],[160.86,-8.477],[160.853,-8.47],[160.843,-8.464],[160.846,-8.456],[160.843,-8.448],[160.831,-8.442],[160.833,-8.431],[160.825,-8.424],[160.817,-8.412],[160.813,-8.402],[160.815,-8.394],[160.809,-8.382],[160.799,-8.371],[160.792,-8.367],[160.785,-8.357],[160.773,-8.355],[160.76,-8.35],[160.753,-8.34],[160.754,-8.336],[160.745,-8.324],[160.737,-8.318],[160.723,-8.317],[160.711,-8.321],[160.694,-8.313],[160.685,-8.316],[160.682,-8.326],[160.699,-8.331],[160.704,-8.337],[160.722,-8.346],[160.718,-8.351],[160.722,-8.359],[160.721,-8.367],[160.715,-8.375],[160.704,-8.373],[160.698,-8.377],[160.687,-8.373],[160.655,-8.355],[160.635,-8.348],[160.627,-8.348],[160.614,-8.342],[160.612,-8.337],[160.593,-8.329],[160.568,-8.33],[160.563,-8.333],[160.559,-8.345],[160.565,-8.359],[160.571,-8.366],[160.576,-8.388],[160.583,-8.397],[160.592,-8.403],[160.594,-8.41]]},"properties":{"fid":118,"name":"Malaita","desc":"name=Malaita\nname:zh=马莱塔岛\nplace=island\ntype=multipolygon\nwikidata=Q641568\nwikipedia=en:Malaita","country":"Solomon Islands"}},
{"type":"Feature","geometry":{"type":"LineString","coordinates":[[161.385,-9.392],[161.394,-9.395],[161.396,-9.401],[161.377,-9.405],[161.38,-9.415],[161.4,-9.419],[161.395,-9.425],[161.405,-9.436],[161.392,-9.447],[161.392,-9.462],[161.385,-9.475],[161.38,-9.478],[161.392,-9.501],[161.404,-9.513],[161.4,-9.521],[161.399,-9.536],[161.412,-9.552],[161.413,-9.561],[161.406,-9.573],[161.41,-9.582],[161.399,-9.598],[161.401,-9.604],[161.398,-9.61],[161.402,-9.617],[161.418,-9.635],[161.426,-9.649],[161.439,-9.661],[161.442,-9.671],[161.456,-9.685],[161.464,-9.685],[161.469,-9.677],[161.475,-9.656],[161.471,-9.645],[161.478,-9.635],[161.483,-9.636],[161.498,-9.652],[161.508,-9.669],[161.518,-9.679],[161.524,-9.695],[161.537,-9.707],[161.547,-9.705],[161.552,-9.719],[161.567,-9.729],[161.572,-9.72],[161.58,-9.697],[161.576,-9.665],[161.56,-9.659],[161.57,-9.654],[161.57,-9.644],[161.557,-9.627],[161.546,-9.627],[161.548,-9.615],[161.56,-9.615],[161.558,-9.577],[161.546,-9.571],[161.544,-9.553],[161.531,-9.54],[161.528,-9.531],[161.518,-9.526],[161.504,-9.506],[161.497,-9.502],[161.49,-9.49],[161.48,-9.485],[161.487,-9.478],[161.478,-9.465],[161.459,-9.456],[161.459,-9.445],[161.447,-9.43],[161.445,-9.423],[161.43,-9.403],[161.422,-9.399],[161.408,-9.381],[161.396,-9.367],[161.392,-9.36],[161.379,-9.362],[161.368,-9.361],[161.353,-9.348],[161.353,-9.336],[161.347,-9.328],[161.34,-9.326],[161.332,-9.333],[161.34,-9.341],[161.347,-9.359],[161.356,-9.364],[161.357,-9.372],[161.365,-9.367],[161.369,-9.376],[161.36,-9.383],[161.36,-9.387],[161.368,-9.396],[161.375,-9.386],[161.385,-9.392]]},"properties":{"fid":119,"name":"Maramasike","desc":"alt_name=South Malaita Island\nname=Maramasike\nplace=island\ntype=multipolygon\nwikidata=Q1572203\nwikipedia=en:South Malaita Island","country":"Solomon Islands"}},
{"type":"Feature","geometry":{"type":"LineString","coordinates":[[159.658,-8.395],[159.671,-8.41],[159.681,-8.416],[159.697,-8.41],[159.703,-8.422],[159.692,-8.43],[159.702,-8.434],[159.7,-8.44],[159.703,-8.455],[159.715,-8.459],[159.732,-8.461],[159.741,-8.473],[159.751,-8.479],[159.751,-8.485],[159.756,-8.495],[159.767,-8.496],[159.783,-8.494],[159.788,-8.5],[159.791,-8.513],[159.798,-8.527],[159.816,-8.539],[159.828,-8.554],[159.835,-8.552],[159.873,-8.569],[159.887,-8.567],[159.896,-8.564],[159.891,-8.55],[159.883,-8.55],[159.881,-8.541],[159.873,-8.539],[159.876,-8.532],[159.867,-8.521],[159.865,-8.529],[159.858,-8.528],[159.853,-8.5],[159.861,-8.502],[159.871,-8.496],[159.863,-8.479],[159.848,-8.473],[159.854,-8.459],[159.847,-8.456],[159.833,-8.456],[159.83,-8.46],[159.805,-8.462],[159.814,-8.455],[159.826,-8.451],[159.824,-8.439],[159.814,-8.431],[159.817,-8.425],[159.813,-8.42],[159.807,-8.421],[159.801,-8.43],[159.792,-8.427],[159.785,-8.44],[159.773,-8.44],[159.77,-8.43],[159.769,-8.415],[159.759,-8.412],[159.743,-8.404],[159.745,-8.397],[159.779,-8.396],[159.786,-8.405],[159.804,-8.394],[159.81,-8.387],[159.814,-8.372],[159.829,-8.364],[159.836,-8.364],[159.843,-8.352],[159.855,-8.347],[159.853,-8.342],[159.83,-8.33],[159.817,-8.315],[159.792,-8.303],[159.781,-8.293],[159.776,-8.283],[159.762,-8.279],[159.751,-8.271],[159.748,-8.26],[159.74,-8.259],[159.728,-8.24],[159.717,-8.231],[159.701,-8.227],[159.683,-8.213],[159.663,-8.205],[159.659,-8.196],[159.653,-8.194],[159.63,-8.165],[159.62,-8.155],[159.605,-8.152],[159.596,-8.145],[159.573,-8.134],[159.559,-8.131],[159.548,-8.12],[159.546,-8.109],[159.54,-8.103],[159.529,-8.099],[159.522,-8.091],[159.52,-8.079],[159.513,-8.08],[159.495,-8.069],[159.486,-8.069],[159.477,-8.065],[159.469,-8.055],[159.456,-8.051],[159.445,-8.043],[159.44,-8.044],[159.432,-8.036],[159.432,-8.026],[159.417,-8.016],[159.413,-8.009],[159.392,-8],[159.386,-7.988],[159.375,-7.981],[159.365,-7.98],[159.372,-7.994],[159.358,-7.994],[159.351,-7.999],[159.341,-7.983],[159.326,-7.977],[159.329,-7.987],[159.326,-7.993],[159.319,-7.987],[159.311,-7.986],[159.3,-7.996],[159.291,-7.995],[159.286,-7.986],[159.274,-7.989],[159.27,-7.973],[159.263,-7.972],[159.261,-7.965],[159.247,-7.958],[159.234,-7.963],[159.217,-7.947],[159.208,-7.949],[159.19,-7.95],[159.184,-7.942],[159.18,-7.925],[159.181,-7.914],[159.168,-7.906],[159.158,-7.913],[159.144,-7.917],[159.153,-7.923],[159.156,-7.929],[159.141,-7.931],[159.133,-7.923],[159.1,-7.92],[159.098,-7.905],[159.092,-7.9],[159.079,-7.906],[159.067,-7.902],[159.065,-7.896],[159.073,-7.875],[159.073,-7.87],[159.057,-7.862],[159.041,-7.849],[159.033,-7.835],[159.028,-7.849],[159.015,-7.844],[159.008,-7.847],[158.999,-7.845],[158.991,-7.834],[158.986,-7.82],[158.976,-7.823],[158.967,-7.815],[158.968,-7.811],[158.979,-7.806],[158.988,-7.794],[158.975,-7.785],[158.965,-7.783],[158.965,-7.776],[158.94,-7.751],[158.929,-7.754],[158.928,-7.746],[158.915,-7.739],[158.891,-7.743],[158.886,-7.736],[158.874,-7.739],[158.864,-7.737],[158.851,-7.725],[158.852,-7.719],[158.844,-7.709],[158.837,-7.705],[158.832,-7.697],[158.82,-7.689],[158.814,-7.675],[158.804,-7.672],[158.797,-7.655],[158.779,-7.645],[158.779,-7.638],[158.769,-7.634],[158.75,-7.615],[158.738,-7.608],[158.733,-7.597],[158.739,-7.588],[158.732,-7.58],[158.723,-7.588],[158.699,-7.593],[158.682,-7.597],[158.672,-7.595],[158.653,-7.583],[158.629,-7.559],[158.621,-7.563],[158.614,-7.554],[158.606,-7.552],[158.59,-7.56],[158.585,-7.572],[158.59,-7.581],[158.582,-7.587],[158.569,-7.574],[158.562,-7.575],[158.53,-7.557],[158.523,-7.551],[158.516,-7.553],[158.507,-7.549],[158.499,-7.554],[158.498,-7.543],[158.491,-7.541],[158.486,-7.549],[158.479,-7.544],[158.47,-7.546],[158.466,-7.542],[158.466,-7.528],[158.448,-7.517],[158.433,-7.514],[158.426,-7.535],[158.431,-7.544],[158.428,-7.55],[158.441,-7.557],[158.432,-7.561],[158.436,-7.567],[158.445,-7.575],[158.46,-7.58],[158.465,-7.589],[158.477,-7.593],[158.481,-7.599],[158.495,-7.599],[158.504,-7.604],[158.506,-7.61],[158.513,-7.612],[158.522,-7.626],[158.532,-7.628],[158.54,-7.633],[158.542,-7.639],[158.558,-7.654],[158.558,-7.66],[158.569,-7.673],[158.571,-7.685],[158.561,-7.695],[158.566,-7.702],[158.571,-7.695],[158.577,-7.702],[158.586,-7.699],[158.585,-7.711],[158.589,-7.719],[158.581,-7.738],[158.587,-7.75],[158.603,-7.755],[158.612,-7.753],[158.616,-7.757],[158.612,-7.767],[158.615,-7.771],[158.639,-7.772],[158.654,-7.778],[158.658,-7.786],[158.664,-7.79],[158.676,-7.788],[158.687,-7.799],[158.693,-7.812],[158.709,-7.829],[158.718,-7.831],[158.729,-7.839],[158.726,-7.844],[158.729,-7.856],[158.72,-7.854],[158.725,-7.866],[158.74,-7.873],[158.748,-7.868],[158.755,-7.873],[158.756,-7.879],[158.767,-7.875],[158.78,-7.884],[158.775,-7.897],[158.786,-7.907],[158.801,-7.904],[158.806,-7.911],[158.804,-7.918],[158.811,-7.924],[158.817,-7.925],[158.823,-7.945],[158.829,-7.948],[158.837,-7.944],[158.829,-7.932],[158.846,-7.94],[158.854,-7.954],[158.851,-7.966],[158.861,-7.969],[158.868,-7.964],[158.876,-7.97],[158.876,-7.975],[158.885,-7.977],[158.9,-7.976],[158.902,-7.985],[158.908,-7.993],[158.92,-8],[158.926,-8.008],[158.945,-8.006],[158.954,-8.014],[158.956,-8.023],[158.945,-8.03],[158.951,-8.034],[158.961,-8.034],[158.965,-8.027],[158.98,-8.027],[158.986,-8.038],[158.991,-8.055],[159.008,-8.065],[159.015,-8.074],[159.026,-8.082],[159.036,-8.074],[159.041,-8.086],[159.072,-8.098],[159.08,-8.084],[159.088,-8.086],[159.086,-8.096],[159.079,-8.101],[159.091,-8.115],[159.097,-8.119],[159.103,-8.114],[159.109,-8.114],[159.117,-8.122],[159.128,-8.123],[159.128,-8.131],[159.14,-8.135],[159.151,-8.147],[159.157,-8.149],[159.166,-8.143],[159.169,-8.155],[159.178,-8.148],[159.178,-8.162],[159.188,-8.171],[159.199,-8.188],[159.209,-8.19],[159.224,-8.198],[159.231,-8.192],[159.237,-8.196],[159.232,-8.206],[159.244,-8.206],[159.264,-8.201],[159.269,-8.208],[159.275,-8.203],[159.281,-8.211],[159.267,-8.211],[159.257,-8.207],[159.255,-8.225],[159.265,-8.227],[159.27,-8.222],[159.281,-8.22],[159.293,-8.215],[159.295,-8.221],[159.309,-8.23],[159.316,-8.242],[159.321,-8.244],[159.332,-8.256],[159.328,-8.263],[159.33,-8.27],[159.338,-8.267],[159.34,-8.26],[159.352,-8.262],[159.369,-8.273],[159.381,-8.274],[159.387,-8.284],[159.395,-8.288],[159.405,-8.284],[159.415,-8.285],[159.42,-8.294],[159.427,-8.298],[159.434,-8.297],[159.443,-8.301],[159.449,-8.308],[159.468,-8.315],[159.477,-8.328],[159.484,-8.325],[159.505,-8.348],[159.514,-8.347],[159.533,-8.353],[159.523,-8.362],[159.526,-8.365],[159.536,-8.361],[159.544,-8.361],[159.564,-8.382],[159.583,-8.37],[159.61,-8.367],[159.622,-8.37],[159.636,-8.375],[159.651,-8.384],[159.658,-8.395]]},"properties":{"fid":120,"name":"Santa Isabel","desc":"name=Santa Isabel\nname:en=Santa Isabel\nname:es=Santa Isabel\nname:fr=Santa Isabel\nname:pl=Santa Isabel\nname:ru=Санта-Исабель\nplace=island\ntype=multipolygon\nwikidata=Q713182","country":"Solomon Islands"}},
{"type":"Feature","geometry":{"type":"LineString","coordinates":[[150.354,-2.676],[150.376,-2.669],[150.382,-2.664],[150.397,-2.658],[150.418,-2.66],[150.438,-2.654],[150.448,-2.653],[150.453,-2.641],[150.452,-2.634],[150.444,-2.632],[150.44,-2.625],[150.445,-2.612],[150.443,-2.604],[150.448,-2.584],[150.454,-2.565],[150.455,-2.553],[150.463,-2.548],[150.462,-2.536],[150.453,-2.527],[150.444,-2.54],[150.442,-2.551],[150.438,-2.552],[150.441,-2.527],[150.441,-2.515],[150.445,-2.499],[150.441,-2.492],[150.441,-2.477],[150.418,-2.473],[150.406,-2.461],[150.398,-2.465],[150.392,-2.458],[150.372,-2.458],[150.352,-2.444],[150.346,-2.443],[150.342,-2.432],[150.331,-2.427],[150.315,-2.423],[150.302,-2.418],[150.292,-2.418],[150.288,-2.415],[150.276,-2.416],[150.266,-2.409],[150.265,-2.403],[150.254,-2.391],[150.248,-2.395],[150.244,-2.386],[150.237,-2.384],[150.224,-2.387],[150.216,-2.384],[150.21,-2.372],[150.203,-2.368],[150.196,-2.359],[150.187,-2.362],[150.182,-2.369],[150.172,-2.367],[150.162,-2.376],[150.169,-2.391],[150.155,-2.392],[150.142,-2.385],[150.142,-2.394],[150.145,-2.405],[150.137,-2.404],[150.131,-2.398],[150.122,-2.401],[150.108,-2.397],[150.105,-2.41],[150.091,-2.416],[150.088,-2.409],[150.078,-2.403],[150.069,-2.404],[150.051,-2.419],[150.053,-2.428],[150.048,-2.435],[150.04,-2.432],[150.024,-2.441],[150.01,-2.454],[149.999,-2.452],[149.997,-2.462],[149.987,-2.465],[149.98,-2.477],[149.972,-2.473],[149.962,-2.463],[149.968,-2.455],[149.962,-2.452],[149.949,-2.46],[149.943,-2.468],[149.947,-2.482],[149.962,-2.503],[149.972,-2.505],[149.981,-2.509],[150.001,-2.509],[150.011,-2.513],[150.018,-2.509],[150.032,-2.51],[150.034,-2.518],[150.053,-2.526],[150.056,-2.535],[150.062,-2.537],[150.061,-2.547],[150.069,-2.558],[150.079,-2.559],[150.083,-2.576],[150.089,-2.58],[150.085,-2.59],[150.093,-2.608],[150.1,-2.609],[150.099,-2.618],[150.11,-2.631],[150.129,-2.647],[150.142,-2.655],[150.161,-2.661],[150.167,-2.666],[150.165,-2.672],[150.173,-2.681],[150.191,-2.673],[150.203,-2.672],[150.205,-2.664],[150.225,-2.672],[150.235,-2.669],[150.246,-2.661],[150.257,-2.664],[150.26,-2.657],[150.276,-2.657],[150.279,-2.665],[150.307,-2.669],[150.315,-2.662],[150.321,-2.663],[150.332,-2.657],[150.344,-2.67],[150.343,-2.679],[150.354,-2.676]]},"properties":{"fid":121,"name":"New Hanover","desc":"alt_name=Lavongai\nalt_name:lcm=Lovongai\nname=New Hanover\nname:cs=Nový Hanover\nname:de=Neuhannover\nname:en=New Hanover\nname:fr=Nouvelle-Hanovre\nname:lcm=Lovangai\nname:sk=Nový Hanover\nplace=island\ntype=multipolygon\nwikidata=Q262035\nwikipedia=en:New Hanover Island","country":"Papua New Guinea"}},
{"type":"Feature","geometry":{"type":"LineString","coordinates":[[145.637,15.094],[145.631,15.086],[145.618,15.076],[145.599,15.051],[145.596,15.04],[145.588,15.031],[145.582,15.017],[145.589,15.009],[145.585,14.996],[145.59,14.991],[145.608,14.991],[145.613,14.982],[145.613,14.972],[145.627,14.963],[145.631,14.954],[145.629,14.944],[145.632,14.925],[145.64,14.923],[145.646,14.928],[145.655,14.946],[145.665,14.948],[145.661,14.958],[145.664,14.976],[145.669,14.986],[145.674,15.005],[145.668,15.016],[145.657,15.019],[145.648,15.035],[145.647,15.044],[145.659,15.058],[145.655,15.071],[145.656,15.088],[145.645,15.101],[145.637,15.094]]},"properties":{"fid":122,"name":"Tinian Island","desc":"ele=77\ngnis:feature_id=1390640\nname=Tinian Island\nname:en=Tinian Island\nname:ja=テニアン島\nname:ko=티니언 섬\nname:mk=Тинијан\nplace=island\npopulation=1000\ntype=multipolygon\nwikidata=Q325652\nwikipedia=en:Tinian","country":"Northern Mariana Islands"}},
{"type":"Feature","geometry":{"type":"LineString","coordinates":[[-175.326,-21.07],[-175.331,-21.065],[-175.342,-21.079],[-175.356,-21.092],[-175.348,-21.119],[-175.347,-21.131],[-175.34,-21.152],[-175.328,-21.162],[-175.316,-21.167],[-175.305,-21.178],[-175.288,-21.187],[-175.273,-21.199],[-175.259,-21.198],[-175.245,-21.2],[-175.225,-21.206],[-175.211,-21.212],[-175.194,-21.223],[-175.19,-21.234],[-175.179,-21.251],[-175.154,-21.266],[-175.129,-21.273],[-175.12,-21.271],[-175.103,-21.255],[-175.098,-21.24],[-175.106,-21.218],[-175.103,-21.209],[-175.096,-21.203],[-175.084,-21.186],[-175.082,-21.178],[-175.066,-21.168],[-175.045,-21.164],[-175.035,-21.156],[-175.032,-21.147],[-175.047,-21.134],[-175.059,-21.129],[-175.09,-21.12],[-175.098,-21.121],[-175.123,-21.13],[-175.122,-21.143],[-175.13,-21.155],[-175.114,-21.163],[-175.112,-21.17],[-175.127,-21.183],[-175.127,-21.19],[-175.148,-21.193],[-175.16,-21.2],[-175.17,-21.198],[-175.172,-21.184],[-175.158,-21.18],[-175.152,-21.183],[-175.138,-21.172],[-175.142,-21.168],[-175.158,-21.171],[-175.159,-21.166],[-175.172,-21.16],[-175.184,-21.167],[-175.199,-21.16],[-175.201,-21.175],[-175.198,-21.183],[-175.208,-21.183],[-175.225,-21.18],[-175.234,-21.171],[-175.233,-21.167],[-175.203,-21.146],[-175.196,-21.152],[-175.185,-21.154],[-175.182,-21.159],[-175.172,-21.154],[-175.158,-21.152],[-175.163,-21.141],[-175.176,-21.14],[-175.194,-21.135],[-175.198,-21.131],[-175.228,-21.121],[-175.242,-21.126],[-175.257,-21.125],[-175.263,-21.127],[-175.288,-21.127],[-175.314,-21.12],[-175.332,-21.117],[-175.335,-21.112],[-175.338,-21.096],[-175.334,-21.081],[-175.326,-21.07]]},"properties":{"fid":123,"name":"Tongatapu","desc":"name=Tongatapu\nname:be=Востраў Тангатапу\nname:ckb=تۆنگاتاپوو\nname:de=Tongatapu\nname:en=Tongatapu\nname:hr=Tongatapu\nname:ja=トンガタプ島\nname:ko=통가타푸 섬\nname:ku=Tongatapû\nname:mr=टोंगाटापू\nname:ru=Тонгатапу\nname:th=ตองกาตาปู\nname:zh=汤加塔布岛\nplace=island\nsource=PGS and Landsat guess + bing\ntype=multipolygon\nwikidata=Q620452\nwikipedia=en:Tongatapu","country":"Tonga"}},
{"type":"Feature","geometry":{"type":"LineString","coordinates":[[-175.616,-15.631],[-175.604,-15.617],[-175.601,-15.604],[-175.601,-15.589],[-175.609,-15.577],[-175.627,-15.567],[-175.639,-15.568],[-175.659,-15.575],[-175.674,-15.587],[-175.679,-15.599],[-175.679,-15.611],[-175.674,-15.618],[-175.652,-15.638],[-175.639,-15.64],[-175.618,-15.633],[-175.616,-15.631]]},"properties":{"fid":131,"name":"Niuafoʻou","desc":"alt_name=Tin Can Island\nname=Niuafoʻou\nplace=island\nsource:position=Bing Imagery\ntype=multipolygon\nwikidata=Q966941\nwikipedia=de:Niuafoʻou","country":"Tonga"}},
{"type":"Feature","geometry":{"type":"LineString","coordinates":[[-174.057,-18.67],[-174.036,-18.67],[-174.021,-18.654],[-174.028,-18.653],[-174.025,-18.637],[-174.014,-18.634],[-174.003,-18.639],[-173.993,-18.64],[-173.979,-18.629],[-173.978,-18.621],[-173.988,-18.615],[-174.005,-18.618],[-173.991,-18.605],[-173.975,-18.611],[-173.971,-18.619],[-173.974,-18.63],[-173.982,-18.639],[-173.996,-18.648],[-173.983,-18.653],[-173.981,-18.666],[-173.984,-18.676],[-173.975,-18.676],[-173.977,-18.652],[-173.965,-18.655],[-173.962,-18.649],[-173.952,-18.644],[-173.95,-18.634],[-173.958,-18.634],[-173.958,-18.626],[-173.938,-18.636],[-173.935,-18.624],[-173.939,-18.613],[-173.935,-18.609],[-173.927,-18.617],[-173.92,-18.633],[-173.905,-18.64],[-173.902,-18.63],[-173.905,-18.618],[-173.914,-18.616],[-173.924,-18.611],[-173.919,-18.602],[-173.926,-18.599],[-173.927,-18.593],[-173.923,-18.582],[-173.933,-18.572],[-173.946,-18.576],[-173.954,-18.573],[-173.961,-18.576],[-173.972,-18.568],[-173.979,-18.567],[-173.994,-18.576],[-174.003,-18.576],[-174.003,-18.595],[-174.007,-18.603],[-174.014,-18.607],[-174.022,-18.62],[-174.031,-18.627],[-174.038,-18.621],[-174.05,-18.62],[-174.062,-18.622],[-174.068,-18.631],[-174.064,-18.649],[-174.057,-18.651],[-174.057,-18.67]]},"properties":{"fid":132,"name":"Vavaʻu ʻUta","desc":"alt_name=Vava'u\nalt_name_1=Vavaʻu Lahi\nname=Vavaʻu ʻUta\nname:bg=Вавау\nname:ca=Vava'u\nname:es=Vava'u\nname:fr=Vava'u\nname:gl=Grupo Vava'u\nname:it=Vava'u\nname:ja=ヴァヴァウ諸島\nname:ko=바바우 제도\nname:lt=Vava'u\nname:nl=Vava'u\nname:pl=Vava'u\nname:pt=Vava'u\nname:ru=Вавау\nname:sk=Vava´u\nname:sv=Vava'u\nname:th=วาวาอู\nname:zh=瓦瓦烏群島\nplace=island\ntype=multipolygon\nwikidata=Q20456736\nwikipedia=en:Vavaʻu","country":"Tonga"}},
{"type":"Feature","geometry":{"type":"LineString","coordinates":[[-173.931,-18.642],[-173.937,-18.645],[-173.93,-18.653],[-173.925,-18.648],[-173.931,-18.642]]},"properties":{"fid":134,"name":"Koloa","desc":"name=Koloa\nplace=island\ntype=multipolygon\nwikidata=Q22673866","country":"Tonga"}},
{"type":"Feature","geometry":{"type":"LineString","coordinates":[[168.474,-17.486],[168.477,-17.492],[168.486,-17.497],[168.499,-17.489],[168.504,-17.473],[168.492,-17.468],[168.483,-17.468],[168.474,-17.479],[168.474,-17.486]]},"properties":{"fid":138,"name":"Emao","desc":"name=Emao\nplace=island\ntype=multipolygon\nwikidata=Q2333875","country":"Vanuatu"}},
{"type":"Feature","geometry":{"type":"MultiLineString","coordinates":[[[-174.704,-20.336],[-174.71,-20.326],[-174.715,-20.33],[-174.704,-20.336]],[[-174.787,-20.244],[-174.806,-20.245],[-174.81,-20.254],[-174.785,-20.269],[-174.781,-20.266],[-174.779,-20.252],[-174.773,-20.243],[-174.775,-20.238],[-174.787,-20.244]]]},"properties":{"fid":140,"name":"Vahe Mu'omu'a","desc":"admin_level=5\nboundary=administrative\nname=Vahe Mu'omu'a\nplace=island\nsource=District and Town Officers Act\ntype=boundary","country":"Tonga"}},
{"type":"Feature","geometry":{"type":"LineString","coordinates":[[-173.737,-15.852],[-173.752,-15.838],[-173.755,-15.841],[-173.754,-15.853],[-173.749,-15.863],[-173.738,-15.86],[-173.737,-15.852]]},"properties":{"fid":141,"name":"Tafahi","desc":"name=Tafahi\nplace=island\ntype=multipolygon\nwikidata=Q283712","country":"Tonga"}},
{"type":"Feature","geometry":{"type":"LineString","coordinates":[[169.2,-18.787],[169.209,-18.786],[169.22,-18.777],[169.255,-18.773],[169.282,-18.771],[169.265,-18.75],[169.257,-18.731],[169.245,-18.732],[169.218,-18.746],[169.209,-18.747],[169.199,-18.742],[169.178,-18.728],[169.179,-18.719],[169.176,-18.71],[169.171,-18.707],[169.177,-18.694],[169.173,-18.671],[169.162,-18.661],[169.158,-18.648],[169.146,-18.635],[169.131,-18.628],[169.111,-18.622],[169.1,-18.622],[169.084,-18.629],[169.048,-18.627],[169.039,-18.632],[169.011,-18.659],[169,-18.675],[168.996,-18.685],[169.003,-18.704],[169,-18.719],[168.994,-18.725],[168.986,-18.756],[168.987,-18.767],[169.007,-18.792],[169.01,-18.802],[169.008,-18.81],[169.015,-18.822],[168.989,-18.849],[168.993,-18.876],[169.003,-18.885],[169.01,-18.885],[169.023,-18.893],[169.046,-18.897],[169.058,-18.904],[169.066,-18.916],[169.089,-18.921],[169.106,-18.933],[169.125,-18.938],[169.144,-18.946],[169.157,-18.939],[169.174,-18.943],[169.185,-18.953],[169.193,-18.953],[169.198,-18.958],[169.206,-18.959],[169.221,-18.966],[169.227,-18.966],[169.257,-18.987],[169.272,-18.993],[169.288,-18.995],[169.3,-18.984],[169.31,-18.982],[169.329,-18.964],[169.337,-18.952],[169.342,-18.95],[169.344,-18.927],[169.335,-18.904],[169.333,-18.896],[169.319,-18.881],[169.315,-18.872],[169.3,-18.861],[169.26,-18.84],[169.249,-18.837],[169.238,-18.83],[169.21,-18.805],[169.204,-18.79],[169.2,-18.787]]},"properties":{"fid":150,"name":"Erromango","desc":"name=Erromango\nname:it=Eromangas\nplace=island\ntype=multipolygon\nwikidata=Q859646","country":"Vanuatu"}},
{"type":"Feature","geometry":{"type":"LineString","coordinates":[[168.102,-14.967],[168.096,-14.955],[168.097,-14.942],[168.085,-14.92],[168.079,-14.901],[168.071,-14.897],[168.065,-14.9],[168.055,-14.899],[168.047,-14.892],[168.038,-14.902],[168.047,-14.927],[168.055,-14.943],[168.06,-14.965],[168.056,-14.973],[168.06,-14.979],[168.057,-14.992],[168.058,-15.001],[168.064,-15.008],[168.068,-15.026],[168.068,-15.052],[168.074,-15.063],[168.078,-15.083],[168.077,-15.094],[168.083,-15.111],[168.091,-15.131],[168.096,-15.135],[168.104,-15.157],[168.103,-15.167],[168.109,-15.175],[168.106,-15.185],[168.111,-15.196],[168.108,-15.21],[168.117,-15.229],[168.115,-15.239],[168.118,-15.243],[168.115,-15.261],[168.117,-15.266],[168.11,-15.28],[168.113,-15.302],[168.119,-15.314],[168.119,-15.334],[168.126,-15.339],[168.126,-15.346],[168.131,-15.354],[168.134,-15.368],[168.135,-15.386],[168.144,-15.385],[168.148,-15.391],[168.164,-15.39],[168.17,-15.386],[168.172,-15.366],[168.18,-15.36],[168.181,-15.344],[168.173,-15.34],[168.173,-15.334],[168.183,-15.316],[168.179,-15.307],[168.171,-15.308],[168.164,-15.296],[168.172,-15.294],[168.166,-15.277],[168.172,-15.275],[168.172,-15.266],[168.167,-15.26],[168.169,-15.251],[168.175,-15.244],[168.172,-15.239],[168.177,-15.229],[168.175,-15.214],[168.165,-15.197],[168.172,-15.185],[168.167,-15.177],[168.15,-15.169],[168.149,-15.15],[168.142,-15.13],[168.147,-15.121],[168.139,-15.111],[168.135,-15.093],[168.131,-15.086],[168.129,-15.063],[168.123,-15.059],[168.129,-15.05],[168.126,-15.037],[168.123,-15.035],[168.121,-15.023],[168.111,-15.014],[168.109,-14.995],[168.105,-14.986],[168.102,-14.967]]},"properties":{"fid":151,"name":"Maewo","desc":"name=Maewo\nname:en=Maewo\nname:fr=Maewo\nold_name=Aurora\nplace=island\npopulation=3569\npopulation:date=2009\npopulation:source=National Population and Housing Census\ntype=multipolygon\nwikidata=Q1355723\nwikipedia=en:Maewo","country":"Vanuatu"}},
{"type":"Feature","geometry":{"type":"LineString","coordinates":[[168.281,-15.923],[168.271,-15.918],[168.27,-15.91],[168.274,-15.891],[168.265,-15.842],[168.257,-15.841],[168.255,-15.828],[168.248,-15.815],[168.245,-15.787],[168.245,-15.774],[168.239,-15.766],[168.24,-15.76],[168.231,-15.752],[168.222,-15.716],[168.225,-15.707],[168.221,-15.697],[168.212,-15.685],[168.219,-15.676],[168.216,-15.665],[168.207,-15.663],[168.194,-15.62],[168.185,-15.598],[168.191,-15.586],[168.2,-15.578],[168.197,-15.56],[168.198,-15.552],[168.194,-15.545],[168.19,-15.512],[168.174,-15.513],[168.162,-15.502],[168.16,-15.486],[168.163,-15.472],[168.167,-15.47],[168.17,-15.457],[168.169,-15.452],[168.152,-15.449],[168.141,-15.456],[168.144,-15.461],[168.141,-15.469],[168.141,-15.485],[168.139,-15.492],[168.141,-15.502],[168.14,-15.51],[168.144,-15.522],[168.138,-15.535],[168.15,-15.545],[168.142,-15.553],[168.134,-15.555],[168.135,-15.566],[168.13,-15.572],[168.129,-15.583],[168.123,-15.596],[168.126,-15.599],[168.126,-15.614],[168.12,-15.622],[168.124,-15.628],[168.119,-15.638],[168.11,-15.644],[168.121,-15.665],[168.112,-15.68],[168.124,-15.694],[168.125,-15.704],[168.135,-15.72],[168.13,-15.733],[168.133,-15.74],[168.143,-15.745],[168.141,-15.764],[168.155,-15.775],[168.162,-15.782],[168.163,-15.793],[168.169,-15.805],[168.166,-15.832],[168.168,-15.859],[168.174,-15.883],[168.181,-15.891],[168.182,-15.902],[168.189,-15.915],[168.185,-15.938],[168.194,-15.95],[168.193,-15.957],[168.185,-15.982],[168.209,-16.009],[168.217,-16],[168.227,-16.003],[168.233,-16.008],[168.245,-16.006],[168.249,-15.996],[168.256,-15.994],[168.256,-15.984],[168.269,-15.973],[168.273,-15.961],[168.27,-15.957],[168.269,-15.942],[168.265,-15.931],[168.277,-15.93],[168.281,-15.923]]},"properties":{"fid":152,"name":"Pentecost","desc":"name=Pentecost\nname:de=Pentecost-Insel\nname:es=Pentecostés\nname:fr=Pentecôte\nname:lt=Sekminių sala\nplace=island\npopulation=16843\npopulation:date=2009\npopulation:source=National Population and Housing Census\ntype=multipolygon\nwikidata=Q960808\nwikipedia=es:Isla de Pentecostés","country":"Vanuatu"}},
{"type":"Feature","geometry":{"type":"LineString","coordinates":[[166.586,-13.13],[166.589,-13.125],[166.585,-13.104],[166.586,-13.095],[166.576,-13.082],[166.563,-13.076],[166.546,-13.074],[166.545,-13.083],[166.55,-13.093],[166.558,-13.099],[166.559,-13.113],[166.551,-13.129],[166.544,-13.132],[166.543,-13.142],[166.547,-13.155],[166.548,-13.175],[166.569,-13.191],[166.582,-13.192],[166.586,-13.163],[166.59,-13.156],[166.584,-13.143],[166.586,-13.13]]},"properties":{"fid":155,"name":"Hiw","desc":"alt_name=Hiu\nname=Hiw\nplace=island\npopulation=269\npopulation:date=2009\npopulation:source=National Population and Housing Census\ntype=multipolygon\nunocha:pcode=VUT0101011\nwikidata=Q1621295","country":"Vanuatu"}},
{"type":"Feature","geometry":{"type":"LineString","coordinates":[[166.6,-13.213],[166.611,-13.21],[166.612,-13.205],[166.605,-13.198],[166.596,-13.2],[166.589,-13.211],[166.6,-13.213]]},"properties":{"fid":156,"name":"Metoma","desc":"name=Metoma\nplace=island\npopulation=13\npopulation:date=2009\npopulation:source=National Population and Housing Census\ntype=multipolygon\nunocha:pcode=VUT0101064\nwikidata=Q1321288\nwikipedia:en=Metoma","country":"Vanuatu"}},
{"type":"Feature","geometry":{"type":"LineString","coordinates":[[167.626,-13.711],[167.64,-13.7],[167.657,-13.696],[167.663,-13.698],[167.673,-13.694],[167.677,-13.688],[167.686,-13.683],[167.696,-13.68],[167.706,-13.682],[167.717,-13.674],[167.716,-13.66],[167.712,-13.647],[167.692,-13.653],[167.682,-13.651],[167.655,-13.651],[167.653,-13.661],[167.657,-13.666],[167.651,-13.677],[167.64,-13.684],[167.633,-13.695],[167.618,-13.707],[167.626,-13.711]]},"properties":{"fid":157,"name":"Mota Lava","desc":"name=Mota Lava\nplace=island\npopulation=683\npopulation:date=2009\npopulation:source=National Population and Housing Census\ntype=multipolygon\nunocha:pcode=VUT0101020\nwikidata=Q1788728","country":"Vanuatu"}},
{"type":"Feature","geometry":{"type":"LineString","coordinates":[[166.607,-13.263],[166.615,-13.275],[166.626,-13.27],[166.644,-13.266],[166.649,-13.261],[166.647,-13.248],[166.651,-13.246],[166.662,-13.256],[166.66,-13.239],[166.654,-13.232],[166.655,-13.224],[166.645,-13.22],[166.639,-13.228],[166.632,-13.223],[166.622,-13.225],[166.605,-13.217],[166.601,-13.228],[166.592,-13.231],[166.594,-13.249],[166.593,-13.255],[166.607,-13.263]]},"properties":{"fid":158,"name":"Tegua","desc":"name=Tegua\nplace=island\npopulation=58\npopulation:date=2009\npopulation:source=National Population and Housing Census\ntype=multipolygon\nunocha:pcode=VUT0101024","country":"Vanuatu"}},
{"type":"Feature","geometry":{"type":"LineString","coordinates":[[168.326,-17.43],[168.327,-17.44],[168.334,-17.453],[168.347,-17.473],[168.364,-17.482],[168.386,-17.484],[168.388,-17.478],[168.364,-17.44],[168.356,-17.431],[168.356,-17.424],[168.35,-17.414],[168.336,-17.414],[168.326,-17.422],[168.326,-17.43]]},"properties":{"fid":163,"name":"Nguna","desc":"name=Nguna\nplace=island\npopulation=1255\npopulation:date=2009\npopulation:source=National Population and Housing Census\ntype=multipolygon","country":"Vanuatu"}},
{"type":"Feature","geometry":{"type":"LineString","coordinates":[[168.427,-17.06],[168.432,-17.052],[168.413,-17.038],[168.391,-17.033],[168.38,-17.039],[168.372,-17.055],[168.357,-17.062],[168.349,-17.069],[168.334,-17.075],[168.333,-17.09],[168.349,-17.099],[168.365,-17.096],[168.384,-17.074],[168.396,-17.064],[168.415,-17.065],[168.427,-17.06]]},"properties":{"fid":166,"name":"Emae","desc":"name=Emae\nname:en=Emae Island\nname:fr=Ile Emae\nplace=island\npopulation=743\npopulation:date=2009\npopulation:source=National Population and Housing Census\ntype=multipolygon\nwikidata=Q274830","country":"Vanuatu"}},
{"type":"Feature","geometry":{"type":"LineString","coordinates":[[169.469,-19.571],[169.471,-19.564],[169.482,-19.559],[169.484,-19.547],[169.501,-19.543],[169.499,-19.53],[169.488,-19.513],[169.462,-19.513],[169.462,-19.506],[169.454,-19.497],[169.44,-19.487],[169.433,-19.485],[169.43,-19.476],[169.412,-19.477],[169.402,-19.471],[169.397,-19.476],[169.389,-19.475],[169.373,-19.467],[169.365,-19.458],[169.355,-19.438],[169.351,-19.415],[169.352,-19.407],[169.348,-19.403],[169.346,-19.383],[169.349,-19.381],[169.347,-19.359],[169.352,-19.344],[169.361,-19.34],[169.362,-19.326],[169.33,-19.316],[169.327,-19.32],[169.307,-19.317],[169.304,-19.322],[169.273,-19.33],[169.265,-19.337],[169.251,-19.342],[169.248,-19.347],[169.25,-19.385],[169.247,-19.397],[169.238,-19.416],[169.226,-19.434],[169.22,-19.453],[169.226,-19.471],[169.234,-19.485],[169.238,-19.498],[169.248,-19.518],[169.255,-19.528],[169.268,-19.534],[169.272,-19.547],[169.277,-19.548],[169.288,-19.578],[169.31,-19.583],[169.316,-19.592],[169.326,-19.597],[169.33,-19.611],[169.334,-19.611],[169.343,-19.622],[169.367,-19.636],[169.384,-19.643],[169.392,-19.643],[169.398,-19.648],[169.41,-19.652],[169.42,-19.65],[169.431,-19.656],[169.442,-19.655],[169.451,-19.641],[169.463,-19.634],[169.467,-19.623],[169.469,-19.61],[169.465,-19.577],[169.469,-19.571]]},"properties":{"fid":167,"name":"Tanna","desc":"name=Tanna\nname:lt=Tana\nplace=island\ntype=multipolygon\nwikidata=Q378281","country":"Vanuatu"}},
{"type":"Feature","geometry":{"type":"LineString","coordinates":[[-173.991,-18.694],[-173.996,-18.689],[-173.987,-18.684],[-173.99,-18.677],[-173.989,-18.669],[-173.994,-18.653],[-174.004,-18.66],[-174.013,-18.678],[-173.998,-18.694],[-174.002,-18.702],[-173.983,-18.703],[-173.991,-18.694]]},"properties":{"fid":168,"name":"Pangaimotu","desc":"name=Pangaimotu\nname:ckb=پانگایمۆتو\nname:ku=Pangaymotu\nplace=island\nsource=bing\ntype=multipolygon\nwikidata=Q3893246","country":"Tonga"}},
{"type":"Feature","geometry":{"type":"LineString","coordinates":[[166.622,-13.325],[166.637,-13.332],[166.647,-13.326],[166.633,-13.32],[166.622,-13.325]]},"properties":{"fid":169,"name":"Linua","desc":"name=Linua\nplace=island\ntype=multipolygon\nwikidata=Q1827061\nwikipedia:en=Linua","country":"Vanuatu"}},
{"type":"Feature","geometry":{"type":"LineString","coordinates":[[167.385,-16.294],[167.38,-16.31],[167.384,-16.316],[167.385,-16.331],[167.38,-16.339],[167.381,-16.348],[167.386,-16.351],[167.39,-16.374],[167.397,-16.373],[167.404,-16.379],[167.404,-16.396],[167.407,-16.416],[167.405,-16.425],[167.42,-16.438],[167.44,-16.458],[167.44,-16.466],[167.445,-16.476],[167.443,-16.489],[167.434,-16.497],[167.428,-16.498],[167.418,-16.493],[167.42,-16.505],[167.418,-16.514],[167.422,-16.528],[167.43,-16.535],[167.443,-16.543],[167.459,-16.566],[167.472,-16.57],[167.484,-16.567],[167.49,-16.57],[167.494,-16.58],[167.501,-16.587],[167.502,-16.571],[167.514,-16.569],[167.519,-16.582],[167.534,-16.581],[167.541,-16.561],[167.541,-16.548],[167.547,-16.543],[167.557,-16.543],[167.572,-16.555],[167.585,-16.547],[167.588,-16.535],[167.582,-16.533],[167.574,-16.523],[167.581,-16.512],[167.594,-16.507],[167.595,-16.494],[167.605,-16.487],[167.623,-16.503],[167.645,-16.504],[167.662,-16.498],[167.672,-16.504],[167.685,-16.504],[167.696,-16.511],[167.707,-16.511],[167.71,-16.515],[167.721,-16.515],[167.722,-16.523],[167.737,-16.535],[167.738,-16.541],[167.747,-16.546],[167.757,-16.544],[167.767,-16.546],[167.769,-16.537],[167.767,-16.524],[167.772,-16.513],[167.787,-16.506],[167.791,-16.497],[167.791,-16.487],[167.798,-16.48],[167.804,-16.487],[167.813,-16.484],[167.815,-16.47],[167.826,-16.475],[167.835,-16.469],[167.835,-16.463],[167.831,-16.45],[167.819,-16.428],[167.806,-16.42],[167.8,-16.428],[167.785,-16.435],[167.786,-16.441],[167.778,-16.457],[167.784,-16.47],[167.781,-16.477],[167.771,-16.472],[167.771,-16.461],[167.766,-16.452],[167.773,-16.444],[167.778,-16.426],[167.785,-16.425],[167.792,-16.416],[167.783,-16.41],[167.783,-16.403],[167.789,-16.397],[167.782,-16.384],[167.774,-16.347],[167.765,-16.333],[167.76,-16.341],[167.753,-16.344],[167.744,-16.341],[167.738,-16.333],[167.717,-16.325],[167.717,-16.321],[167.708,-16.309],[167.694,-16.31],[167.691,-16.301],[167.683,-16.296],[167.677,-16.296],[167.672,-16.288],[167.683,-16.281],[167.691,-16.27],[167.681,-16.265],[167.67,-16.265],[167.659,-16.272],[167.65,-16.27],[167.634,-16.262],[167.619,-16.249],[167.616,-16.235],[167.611,-16.228],[167.596,-16.218],[167.574,-16.217],[167.571,-16.207],[167.564,-16.196],[167.554,-16.197],[167.541,-16.18],[167.532,-16.182],[167.524,-16.178],[167.514,-16.165],[167.515,-16.158],[167.5,-16.163],[167.492,-16.156],[167.492,-16.146],[167.496,-16.139],[167.485,-16.131],[167.486,-16.123],[167.482,-16.11],[167.472,-16.097],[167.468,-16.098],[167.476,-16.115],[167.478,-16.131],[167.468,-16.14],[167.46,-16.126],[167.447,-16.115],[167.44,-16.113],[167.425,-16.104],[167.414,-16.091],[167.407,-16.091],[167.403,-16.082],[167.418,-16.073],[167.406,-16.07],[167.4,-16.064],[167.393,-16.065],[167.388,-16.059],[167.406,-16.033],[167.398,-16.015],[167.383,-16.004],[167.373,-15.986],[167.358,-15.975],[167.346,-15.971],[167.345,-15.965],[167.332,-15.947],[167.328,-15.937],[167.328,-15.929],[167.336,-15.926],[167.333,-15.918],[167.322,-15.912],[167.302,-15.908],[167.289,-15.9],[167.274,-15.895],[167.263,-15.886],[167.225,-15.879],[167.218,-15.88],[167.213,-15.887],[167.191,-15.893],[167.179,-15.902],[167.175,-15.915],[167.174,-15.927],[167.176,-15.938],[167.181,-15.949],[167.183,-15.966],[167.191,-15.98],[167.184,-15.986],[167.18,-16.004],[167.174,-16.013],[167.176,-16.019],[167.169,-16.036],[167.161,-16.042],[167.154,-16.074],[167.157,-16.082],[167.155,-16.088],[167.167,-16.092],[167.175,-16.103],[167.178,-16.115],[167.176,-16.121],[167.191,-16.14],[167.199,-16.135],[167.21,-16.139],[167.221,-16.147],[167.226,-16.145],[167.24,-16.163],[167.253,-16.166],[167.275,-16.149],[167.284,-16.144],[167.292,-16.134],[167.295,-16.124],[167.317,-16.119],[167.331,-16.111],[167.339,-16.14],[167.352,-16.156],[167.355,-16.165],[167.375,-16.185],[167.384,-16.188],[167.388,-16.195],[167.383,-16.214],[167.381,-16.232],[167.391,-16.247],[167.386,-16.255],[167.391,-16.267],[167.398,-16.273],[167.384,-16.285],[167.385,-16.294]]},"properties":{"fid":170,"name":"Malekula","desc":"alt_name=Malakula\nalt_name:2=Malekoula\nname=Malekula\nplace=island\ntype=multipolygon\nwikidata=Q618594\nwikipedia=en:Malakula","country":"Vanuatu"}},
{"type":"Feature","geometry":{"type":"LineString","coordinates":[[-169.66,-14.165],[-169.679,-14.16],[-169.681,-14.166],[-169.677,-14.179],[-169.671,-14.185],[-169.66,-14.182],[-169.646,-14.168],[-169.66,-14.165]]},"properties":{"fid":171,"name":"Ofu Island","desc":"ele=414\ngnis:feature_id=1389092\nname=Ofu Island\nname:be=Востраў Офу\nname:en=Ofu Island\nplace=island\ntype=multipolygon\nwikidata=Q3881068","country":"American Samoa"}},
{"type":"Feature","geometry":{"type":"LineString","coordinates":[[-173.781,-15.945],[-173.797,-15.95],[-173.8,-15.957],[-173.797,-15.965],[-173.8,-15.97],[-173.793,-15.978],[-173.784,-15.982],[-173.775,-15.976],[-173.768,-15.967],[-173.75,-15.948],[-173.748,-15.939],[-173.756,-15.933],[-173.768,-15.945],[-173.781,-15.945]]},"properties":{"fid":172,"name":"Niuatoputapu","desc":"name=Niuatoputapu\nplace=island\ntype=multipolygon\nwikidata=Q1144842","country":"Tonga"}},
{"type":"Feature","geometry":{"type":"LineString","coordinates":[[168.122,-16.138],[168.109,-16.153],[168.093,-16.158],[168.089,-16.169],[168.083,-16.168],[168.079,-16.181],[168.068,-16.182],[168.057,-16.194],[168.046,-16.199],[168.034,-16.195],[168.01,-16.196],[168.004,-16.2],[167.998,-16.197],[167.986,-16.197],[167.974,-16.209],[167.948,-16.215],[167.942,-16.219],[167.93,-16.215],[167.919,-16.219],[167.912,-16.229],[167.914,-16.244],[167.922,-16.255],[167.919,-16.265],[167.934,-16.27],[167.94,-16.275],[167.953,-16.276],[167.965,-16.294],[167.975,-16.298],[167.987,-16.312],[168.001,-16.315],[168.009,-16.32],[168.028,-16.322],[168.045,-16.337],[168.067,-16.349],[168.085,-16.351],[168.114,-16.362],[168.127,-16.371],[168.137,-16.371],[168.15,-16.365],[168.162,-16.358],[168.169,-16.361],[168.191,-16.36],[168.208,-16.351],[168.234,-16.358],[168.243,-16.359],[168.273,-16.355],[168.285,-16.35],[168.292,-16.343],[168.302,-16.338],[168.303,-16.332],[168.313,-16.317],[168.313,-16.309],[168.309,-16.302],[168.305,-16.29],[168.291,-16.281],[168.287,-16.274],[168.28,-16.272],[168.272,-16.265],[168.262,-16.261],[168.242,-16.248],[168.225,-16.246],[168.218,-16.236],[168.22,-16.221],[168.211,-16.195],[168.203,-16.179],[168.204,-16.167],[168.194,-16.16],[168.196,-16.155],[168.195,-16.139],[168.19,-16.131],[168.191,-16.125],[168.185,-16.113],[168.171,-16.1],[168.147,-16.099],[168.135,-16.102],[168.132,-16.106],[168.122,-16.138]]},"properties":{"fid":173,"name":"Ambrym","desc":"name=Ambrym\nname:ar=أمبريم\nname:arz=جبل امبريم\nname:bg=Амбрим\nname:bi=Ambrym\nname:ca=Ambrym\nname:de=Ambrym\nname:en=Ambrym\nname:eo=Ambrym\nname:es=Ambrym\nname:fa=امبریم\nname:fi=Ambrym\nname:fr=Ambrym\nname:gl=Ambrym\nname:hr=Ambrym\nname:hy=Ամբրիմ\nname:id=Ambrym\nname:it=Ambrym\nname:ja=アンブリム島\nname:ka=ამბრიმი\nname:ko=암브림섬\nname:lt=Ambrimas\nname:mrj=Амбрим\nname:nl=Ambrym\nname:pl=Ambrim\nname:pt=Ambrym\nname:ru=Port Амбрим\nname:sv=Ambrym\nname:uk=Амбрим\nname:vi=Ambrym\nname:zh=安布里姆島\nplace=island\npopulation=7275\npopulation:date=2009\npopulation:source=National Population and Housing Census\ntype=multipolygon\nwikidata=Q459948\nwikipedia=en:Ambrym","country":"Vanuatu"}},
{"type":"Feature","geometry":{"type":"LineString","coordinates":[[-169.607,-14.181],[-169.61,-14.17],[-169.61,-14.157],[-169.632,-14.169],[-169.613,-14.191],[-169.607,-14.181]]},"properties":{"fid":174,"name":"Olosega Island","desc":"ele=470\ngnis:feature_id=1389104\nname=Olosega Island\nname:be=Востраў Аласэга\nname:en=Olosega Island\nplace=island\nsource=NOAA LiDAR\ntype=multipolygon\nwikidata=Q21847144","country":"American Samoa"}},
{"type":"Feature","geometry":{"type":"LineString","coordinates":[[177.608,-18.526],[177.616,-18.545],[177.623,-18.552],[177.629,-18.57],[177.636,-18.579],[177.641,-18.592],[177.648,-18.6],[177.656,-18.599],[177.659,-18.59],[177.648,-18.575],[177.646,-18.563],[177.639,-18.545],[177.647,-18.517],[177.643,-18.506],[177.632,-18.49],[177.622,-18.493],[177.611,-18.505],[177.602,-18.511],[177.602,-18.517],[177.608,-18.526]]},"properties":{"fid":175,"name":"Vatulele","desc":"name=Vatulele\nplace=island\ntype=multipolygon\nwikidata=Q1966337","country":"Fiji"}},
{"type":"Feature","geometry":{"type":"LineString","coordinates":[[176.933,-17.123],[176.925,-17.123],[176.927,-17.132],[176.918,-17.144],[176.91,-17.149],[176.924,-17.152],[176.93,-17.149],[176.936,-17.139],[176.936,-17.124],[176.933,-17.123]]},"properties":{"fid":176,"name":"Viwa","desc":"name=Viwa\nplace=island\ntype=multipolygon\nwikidata=Q16963461","country":"Fiji"}},
{"type":"Feature","geometry":{"type":"LineString","coordinates":[[177.038,-12.51],[177.053,-12.511],[177.062,-12.521],[177.069,-12.52],[177.092,-12.524],[177.103,-12.522],[177.111,-12.524],[177.119,-12.52],[177.134,-12.521],[177.138,-12.517],[177.14,-12.501],[177.135,-12.494],[177.125,-12.488],[177.111,-12.489],[177.099,-12.484],[177.085,-12.483],[177.077,-12.48],[177.064,-12.482],[177.052,-12.491],[177.038,-12.507],[177.031,-12.506],[177.031,-12.497],[177.027,-12.491],[177.016,-12.495],[177.01,-12.493],[177.006,-12.5],[177.01,-12.511],[177.032,-12.519],[177.038,-12.51]]},"properties":{"fid":177,"name":"Rotuma","desc":"name=Rotuma\nname:zh=罗图马群岛\nplace=island\ntype=multipolygon\nwikidata=Q2169106","country":"Fiji"}},
{"type":"Feature","geometry":{"type":"MultiLineString","coordinates":[[[-179.03,-17.981],[-179.038,-17.964],[-179.047,-17.959],[-179.063,-17.953],[-179.072,-17.959],[-179.078,-17.97],[-179.072,-17.983],[-179.059,-17.993],[-179.054,-18.001],[-179.032,-18.001],[-179.03,-17.981]],[[-179.052,-17.975],[-179.043,-17.986],[-179.054,-17.985],[-179.052,-17.975]]]},"properties":{"fid":178,"name":"relation/5626272","desc":"natural=wood\nplace=island\ntype=multipolygon","country":null}},
{"type":"Feature","geometry":{"type":"LineString","coordinates":[[-178.982,-17.184],[-178.991,-17.18],[-179.003,-17.181],[-179.011,-17.162],[-179.019,-17.161],[-179.019,-17.169],[-179.012,-17.178],[-179.014,-17.193],[-179.003,-17.196],[-178.989,-17.193],[-178.975,-17.2],[-178.967,-17.211],[-178.966,-17.226],[-178.972,-17.228],[-178.973,-17.24],[-179.004,-17.28],[-179.006,-17.293],[-179.003,-17.305],[-179.006,-17.312],[-178.997,-17.319],[-178.988,-17.301],[-178.985,-17.286],[-178.978,-17.274],[-178.961,-17.253],[-178.956,-17.252],[-178.947,-17.26],[-178.935,-17.247],[-178.937,-17.242],[-178.921,-17.225],[-178.924,-17.213],[-178.93,-17.214],[-178.933,-17.204],[-178.939,-17.2],[-178.944,-17.188],[-178.954,-17.189],[-178.962,-17.193],[-178.968,-17.192],[-178.973,-17.184],[-178.982,-17.184]]},"properties":{"fid":179,"name":"relation/5626275","desc":"place=island\ntype=multipolygon","country":null}},
{"type":"Feature","geometry":{"type":"LineString","coordinates":[[173.41,0.232],[173.407,0.249],[173.4,0.263],[173.386,0.27],[173.379,0.261],[173.405,0.241],[173.41,0.232]]},"properties":{"fid":180,"name":"Oneeke","desc":"name=Oneeke\nplace=island\ntype=multipolygon","country":"Kiribati"}},
{"type":"Feature","geometry":{"type":"LineString","coordinates":[[173.412,0.232],[173.415,0.207],[173.425,0.195],[173.437,0.207],[173.452,0.216],[173.426,0.23],[173.412,0.232]]},"properties":{"fid":181,"name":"Buariki","desc":"name=Buariki\nplace=island\ntype=multipolygon","country":"Kiribati"}},
{"type":"Feature","geometry":{"type":"LineString","coordinates":[[175.582,-1.942],[175.569,-1.945],[175.568,-1.95],[175.581,-1.954],[175.582,-1.942]]},"properties":{"fid":182,"name":"Tabuarorae","desc":"name=Tabuarorae\nplace=island\ntype=multipolygon","country":"Kiribati"}},
{"type":"Feature","geometry":{"type":"LineString","coordinates":[[175.598,-1.942],[175.614,-1.918],[175.618,-1.906],[175.619,-1.894],[175.617,-1.885],[175.606,-1.873],[175.596,-1.869],[175.585,-1.867],[175.573,-1.859],[175.567,-1.858],[175.555,-1.844],[175.555,-1.831],[175.559,-1.811],[175.556,-1.806],[175.536,-1.799],[175.521,-1.79],[175.518,-1.797],[175.527,-1.801],[175.54,-1.81],[175.55,-1.812],[175.554,-1.819],[175.55,-1.835],[175.558,-1.849],[175.572,-1.864],[175.581,-1.869],[175.601,-1.877],[175.607,-1.881],[175.614,-1.89],[175.614,-1.909],[175.611,-1.919],[175.604,-1.929],[175.598,-1.942]]},"properties":{"fid":183,"name":"Onotoa","desc":"name=Onotoa\nname:zh=奧诺托阿环礁\nplace=island\nsource=Bing\ntype=multipolygon\nwikidata=Q576865\nwikipedia=en:Onotoa","country":"Kiribati"}},
{"type":"Feature","geometry":{"type":"LineString","coordinates":[[166.964,-11.656],[166.987,-11.647],[166.998,-11.634],[166.997,-11.623],[166.987,-11.613],[166.979,-11.61],[166.966,-11.614],[166.961,-11.62],[166.955,-11.634],[166.945,-11.641],[166.953,-11.66],[166.964,-11.656]]},"properties":{"fid":185,"name":"Teanu","desc":"name=Teanu\nplace=island\ntype=multipolygon\nwikidata=Q3516730\nwikipedia=en:Teanu (island)","country":"Solomon Islands"}},
{"type":"Feature","geometry":{"type":"LineString","coordinates":[[-174.979,-21.112],[-174.986,-21.115],[-174.982,-21.124],[-174.976,-21.119],[-174.979,-21.112]]},"properties":{"fid":189,"name":"'Euaiki","desc":"name='Euaiki\nplace=island\ntype=multipolygon\nwikidata=Q22668387","country":"Tonga"}},
{"type":"Feature","geometry":{"type":"LineString","coordinates":[[-174.951,-21.334],[-174.963,-21.348],[-174.973,-21.369],[-174.975,-21.382],[-174.975,-21.391],[-174.969,-21.406],[-174.961,-21.411],[-174.95,-21.427],[-174.94,-21.431],[-174.933,-21.438],[-174.91,-21.458],[-174.902,-21.451],[-174.901,-21.434],[-174.905,-21.421],[-174.902,-21.403],[-174.903,-21.392],[-174.907,-21.381],[-174.905,-21.37],[-174.909,-21.341],[-174.909,-21.325],[-174.917,-21.303],[-174.913,-21.293],[-174.914,-21.285],[-174.92,-21.283],[-174.929,-21.291],[-174.938,-21.315],[-174.951,-21.334]]},"properties":{"fid":190,"name":"'Eua","desc":"name='Eua\nplace=island\ntype=multipolygon\nwikidata=Q423528","country":"Tonga"}},
{"type":"Feature","geometry":{"type":"LineString","coordinates":[[-174.391,-19.842],[-174.41,-19.844],[-174.416,-19.854],[-174.415,-19.859],[-174.403,-19.854],[-174.391,-19.842]]},"properties":{"fid":191,"name":"Uoleva","desc":"name=Uoleva\nplace=island\nsource=Bing\ntype=multipolygon\nwikidata=Q3711214\nwikipedia=en:Uoleva","country":"Tonga"}},
{"type":"Feature","geometry":{"type":"LineString","coordinates":[[-174.341,-19.768],[-174.349,-19.773],[-174.345,-19.779],[-174.346,-19.789],[-174.355,-19.813],[-174.368,-19.821],[-174.37,-19.826],[-174.348,-19.833],[-174.342,-19.832],[-174.334,-19.825],[-174.338,-19.821],[-174.341,-19.8],[-174.335,-19.785],[-174.335,-19.77],[-174.341,-19.768]]},"properties":{"fid":192,"name":"Lifuka","desc":"name=Lifuka\nname:en=Lifuka\nname:ru=Лифука\nname:zh=利富卡島\nplace=island\nsource=PGS & Bing\ntype=multipolygon\nwikidata=Q1309255\nwikipedia=en:Lifuka","country":"Tonga"}},
{"type":"Feature","geometry":{"type":"LineString","coordinates":[[-174.031,-18.702],[-174.037,-18.706],[-174.035,-18.718],[-174.025,-18.727],[-174.021,-18.726],[-174.018,-18.706],[-174.023,-18.696],[-174.031,-18.702]]},"properties":{"fid":194,"name":"Kapa","desc":"name=Kapa\nplace=island\ntype=multipolygon\nwikidata=Q20460445","country":"Tonga"}},
{"type":"Feature","geometry":{"type":"LineString","coordinates":[[-174.081,-18.698],[-174.07,-18.699],[-174.07,-18.689],[-174.081,-18.698]]},"properties":{"fid":217,"name":"Nuapapu","desc":"name=Nuapapu\nplace=island\ntype=multipolygon\nwikidata=Q20460759","country":"Tonga"}},
{"type":"Feature","geometry":{"type":"LineString","coordinates":[[-174.126,-18.708],[-174.12,-18.692],[-174.113,-18.681],[-174.101,-18.675],[-174.108,-18.668],[-174.113,-18.673],[-174.124,-18.676],[-174.126,-18.681],[-174.123,-18.693],[-174.127,-18.697],[-174.126,-18.708]]},"properties":{"fid":223,"name":"Hunga","desc":"name=Hunga\nplace=island\ntype=multipolygon\nwikidata=Q20460421","country":"Tonga"}},
{"type":"Feature","geometry":{"type":"LineString","coordinates":[[-175.031,-19.678],[-175.032,-19.684],[-175.027,-19.691],[-175.011,-19.684],[-175.002,-19.674],[-174.999,-19.667],[-175.008,-19.649],[-175.014,-19.646],[-175.024,-19.651],[-175.031,-19.666],[-175.031,-19.678]]},"properties":{"fid":231,"name":"Kao","desc":"name=Kao\nname:de=Kao\nname:sk=Kao\nname:zh=高岛\nplace=island\nsource=PGS and landsat\ntype=multipolygon\nwikidata=Q1520405\nwikipedia=en:Kao (island)","country":"Tonga"}},
{"type":"Feature","geometry":{"type":"LineString","coordinates":[[134.344,7.169],[134.342,7.161],[134.346,7.153],[134.344,7.147],[134.355,7.141],[134.363,7.147],[134.373,7.149],[134.382,7.165],[134.358,7.156],[134.35,7.156],[134.351,7.171],[134.344,7.169]]},"properties":{"fid":234,"name":"Mecherchar","desc":"alt_name=Eil Malk\nele=7\ngnis:created=01/01/2000\ngnis:feature_id=1391572\ngnis:state_id=70\nname=Mecherchar\nplace=island\ntype=multipolygon\nwikidata=Q1303870\nwikipedia=en:Eil Malk","country":"Palau"}},
{"type":"Feature","geometry":{"type":"LineString","coordinates":[[-134.934,-23.082],[-134.936,-23.075],[-134.951,-23.086],[-134.956,-23.095],[-134.97,-23.092],[-134.971,-23.102],[-134.979,-23.102],[-134.977,-23.117],[-134.983,-23.121],[-134.998,-23.118],[-135.003,-23.11],[-135.01,-23.119],[-134.998,-23.125],[-134.994,-23.131],[-134.984,-23.135],[-134.97,-23.134],[-134.963,-23.131],[-134.969,-23.119],[-134.969,-23.114],[-134.944,-23.093],[-134.933,-23.091],[-134.934,-23.082]]},"properties":{"fid":239,"name":"Mangareva","desc":"FIXME=découper les 6 districts/quartiers de Mangareva : Rikitea, Kirimiro, Gatavake, Atituiti, Akaputu et Taku\nadmin_level=10\nboundary=administrative\nname=Mangareva\nname:en=Mangareva\nname:fr=Mangareva\nname:ru=Мангарева\nname:ty=Ma’areva\nplace=island\ntype=boundary\nwikidata=Q616662\nwikipedia=fr:Mangareva","country":"French Polynesia"}},
{"type":"Feature","geometry":{"type":"LineString","coordinates":[[-134.903,-23.181],[-134.919,-23.179],[-134.922,-23.184],[-134.912,-23.196],[-134.903,-23.181]]},"properties":{"fid":240,"name":"Akamaru","desc":"admin_level=12\nboundary=administrative\nname=Akamaru\nname:en=Akamaru\nname:fr=Akamaru\nname:ru=Акамару\nname:ty=Akamaru\nplace=island\ntype=boundary\nwikidata=Q415599\nwikipedia=fr:Akamaru","country":"French Polynesia"}},
{"type":"Feature","geometry":{"type":"LineString","coordinates":[[-151.322,-22.477],[-151.323,-22.455],[-151.341,-22.451],[-151.353,-22.435],[-151.368,-22.431],[-151.377,-22.444],[-151.377,-22.453],[-151.368,-22.469],[-151.354,-22.476],[-151.352,-22.487],[-151.357,-22.499],[-151.347,-22.524],[-151.335,-22.52],[-151.323,-22.497],[-151.322,-22.477]]},"properties":{"fid":242,"name":"Rurutu","desc":"admin_level=8\nboundary=land_area\nland_area=administrative\nname=Rurutu\nname:fr=Rurutu\nname:he=רורוטו\nname:ty=Rurutū\nplace=island\npopulation=2466\nref:INSEE=98744\ntype=boundary\nwikidata=Q1585966\nwikipedia=fr:Rurutu (Polynésie française)","country":"French Polynesia"}},
{"type":"Feature","geometry":{"type":"LineString","coordinates":[[-140.201,-8.946],[-140.185,-8.962],[-140.172,-8.96],[-140.16,-8.949],[-140.151,-8.949],[-140.141,-8.942],[-140.132,-8.943],[-140.124,-8.934],[-140.109,-8.934],[-140.107,-8.928],[-140.108,-8.914],[-140.096,-8.913],[-140.092,-8.936],[-140.084,-8.928],[-140.072,-8.926],[-140.07,-8.92],[-140.061,-8.921],[-140.056,-8.914],[-140.042,-8.912],[-140.043,-8.905],[-140.053,-8.896],[-140.048,-8.882],[-140.037,-8.885],[-140.029,-8.9],[-140.021,-8.896],[-140.014,-8.911],[-140.019,-8.919],[-140.011,-8.924],[-140.01,-8.892],[-140.016,-8.867],[-140.012,-8.857],[-140.012,-8.847],[-140.032,-8.847],[-140.047,-8.836],[-140.046,-8.828],[-140.033,-8.815],[-140.024,-8.815],[-140.011,-8.805],[-140.016,-8.799],[-140.026,-8.803],[-140.032,-8.801],[-140.045,-8.817],[-140.053,-8.82],[-140.054,-8.827],[-140.066,-8.826],[-140.069,-8.805],[-140.077,-8.805],[-140.081,-8.811],[-140.081,-8.826],[-140.087,-8.828],[-140.091,-8.82],[-140.111,-8.808],[-140.126,-8.816],[-140.133,-8.807],[-140.141,-8.802],[-140.162,-8.805],[-140.161,-8.792],[-140.169,-8.782],[-140.176,-8.788],[-140.197,-8.791],[-140.201,-8.782],[-140.218,-8.787],[-140.248,-8.801],[-140.25,-8.816],[-140.247,-8.826],[-140.252,-8.828],[-140.249,-8.845],[-140.238,-8.861],[-140.23,-8.88],[-140.23,-8.894],[-140.226,-8.901],[-140.222,-8.916],[-140.226,-8.92],[-140.221,-8.929],[-140.208,-8.938],[-140.201,-8.946]]},"properties":{"fid":244,"name":"Nuku Hiva","desc":"name=Nuku Hiva\nplace=island\ntype=multipolygon\nwikidata=Q21064\nwikipedia=en:Nuku Hiva","country":"French Polynesia"}},
{"type":"Feature","geometry":{"type":"LineString","coordinates":[[-140.135,-9.381],[-140.127,-9.39],[-140.129,-9.399],[-140.115,-9.416],[-140.104,-9.432],[-140.091,-9.447],[-140.076,-9.461],[-140.064,-9.461],[-140.053,-9.466],[-140.049,-9.454],[-140.037,-9.448],[-140.039,-9.424],[-140.031,-9.416],[-140.032,-9.407],[-140.026,-9.389],[-140.035,-9.379],[-140.024,-9.375],[-140.032,-9.359],[-140.038,-9.362],[-140.043,-9.355],[-140.055,-9.347],[-140.077,-9.338],[-140.082,-9.343],[-140.092,-9.342],[-140.1,-9.348],[-140.103,-9.359],[-140.11,-9.357],[-140.111,-9.368],[-140.12,-9.373],[-140.123,-9.379],[-140.135,-9.381]]},"properties":{"fid":245,"name":"Ua Pou","desc":"name=Ua Pou\nplace=island\ntype=multipolygon\nwikidata=Q614645\nwikipedia=en:Ua Pou","country":"French Polynesia"}},
{"type":"Feature","geometry":{"type":"LineString","coordinates":[[-134.934,-23.082],[-134.936,-23.075],[-134.951,-23.086],[-134.956,-23.095],[-134.97,-23.092],[-134.971,-23.102],[-134.979,-23.102],[-134.977,-23.117],[-134.983,-23.121],[-134.998,-23.118],[-135.003,-23.11],[-135.01,-23.119],[-134.998,-23.125],[-134.994,-23.131],[-134.984,-23.135],[-134.97,-23.134],[-134.963,-23.131],[-134.969,-23.119],[-134.969,-23.114],[-134.944,-23.093],[-134.933,-23.091],[-134.934,-23.082]]},"properties":{"fid":246,"name":"Mangareva","desc":"description=Area 13.970 km2 (5.019 sq mi)\nname=Mangareva\nname:en=Mangareva\nname:fr=Mangareva\nname:ru=Мангарева\nname:ty=Ma’areva\nplace=island\ntype=multipolygon\nwikidata=Q616662\nwikipedia=fr:Mangareva","country":"French Polynesia"}},
{"type":"Feature","geometry":{"type":"MultiLineString","coordinates":[[[-151.022,-16.701],[-151.022,-16.69],[-151.002,-16.687],[-150.998,-16.694],[-150.986,-16.696],[-150.986,-16.712],[-150.979,-16.709],[-150.982,-16.693],[-150.995,-16.683],[-151.015,-16.685],[-151.029,-16.688],[-151.04,-16.703],[-151.039,-16.71],[-151.034,-16.716],[-151.038,-16.727],[-151.046,-16.738],[-151.047,-16.758],[-151.043,-16.772],[-151.037,-16.765],[-151.028,-16.761],[-151.022,-16.77],[-151.01,-16.768],[-151.011,-16.755],[-151.006,-16.747],[-150.993,-16.751],[-150.979,-16.741],[-150.987,-16.722],[-150.987,-16.705],[-150.99,-16.698],[-151.003,-16.697],[-151.022,-16.701]],[[-151.027,-16.78],[-151.023,-16.788],[-151.011,-16.797],[-151.001,-16.807],[-150.989,-16.813],[-150.983,-16.811],[-150.959,-16.788],[-150.958,-16.774],[-150.964,-16.763],[-150.982,-16.755],[-150.992,-16.764],[-151.006,-16.767],[-151.015,-16.771],[-151.02,-16.778],[-151.027,-16.78]]]},"properties":{"fid":247,"name":"Huahine","desc":"admin_level=8\nboundary=administrative\nname=Huahine\nplace=island\nplace:wikidata=Q521020\npostal_code=98731;98732\nref:INSEE=98724\ntype=boundary\nwikidata=Q968977\nwikipedia=fr:Huahine (Polynésie française)","country":"French Polynesia"}},
{"type":"Feature","geometry":{"type":"LineString","coordinates":[[-151.518,-16.662],[-151.512,-16.669],[-151.498,-16.677],[-151.492,-16.658],[-151.484,-16.666],[-151.483,-16.681],[-151.465,-16.683],[-151.451,-16.672],[-151.447,-16.663],[-151.457,-16.649],[-151.485,-16.643],[-151.471,-16.636],[-151.463,-16.636],[-151.46,-16.643],[-151.449,-16.647],[-151.442,-16.636],[-151.459,-16.632],[-151.459,-16.626],[-151.437,-16.631],[-151.434,-16.616],[-151.446,-16.611],[-151.446,-16.601],[-151.458,-16.598],[-151.464,-16.589],[-151.505,-16.581],[-151.514,-16.577],[-151.523,-16.582],[-151.525,-16.588],[-151.533,-16.589],[-151.546,-16.604],[-151.549,-16.619],[-151.545,-16.642],[-151.533,-16.647],[-151.518,-16.662]]},"properties":{"fid":248,"name":"Taha’a","desc":"admin_level=8\nalt_name=Tahaa\nboundary=administrative\nname=Taha’a\nold_name=’Upōrū\nplace=island\npostal_code=98733;98734\nref:INSEE=98745\ntype=boundary\nwikidata=Q926768\nwikipedia=fr:Taha'a","country":"French Polynesia"}},
{"type":"Feature","geometry":{"type":"LineString","coordinates":[[-157.323,-20.174],[-157.322,-20.16],[-157.327,-20.143],[-157.353,-20.133],[-157.356,-20.135],[-157.361,-20.151],[-157.359,-20.172],[-157.354,-20.18],[-157.341,-20.189],[-157.326,-20.18],[-157.323,-20.174]]},"properties":{"fid":251,"name":"Mauke","desc":"name=Mauke\nplace=island\nsource=http://www.linz.govt.nz\ntype=multipolygon\nwikidata=Q511978\nwikipedia=en:Mauke","country":"Cook Islands"}},
{"type":"Feature","geometry":{"type":"LineString","coordinates":[[166.958,-0.514],[166.954,-0.508],[166.945,-0.503],[166.932,-0.504],[166.913,-0.523],[166.91,-0.531],[166.91,-0.539],[166.916,-0.548],[166.925,-0.554],[166.933,-0.554],[166.949,-0.546],[166.952,-0.529],[166.959,-0.52],[166.958,-0.514]]},"properties":{"fid":252,"name":"Naoero","desc":"alt_name=Nauru\nisland=yes\nname=Naoero\nname:da=Nauru\nname:de=Nauru\nname:en=Nauru\nname:fr=Île de Nauru\nname:ga=Nárú\nname:id=Nauru\nname:is=Nárú\nname:ja=ナウル島\nname:na=Naoero\nname:no=Nauru\nname:ru=Науру\nname:sv=Nauru\nold_name=Pleasant Island\nplace=island\ntype=multipolygon\nwikidata=Q30151675","country":"Nauru"}},
{"type":"Feature","geometry":{"type":"LineString","coordinates":[[157.123,-8.152],[157.096,-8.155],[157.094,-8.161],[157.085,-8.163],[157.081,-8.171],[157.094,-8.177],[157.092,-8.193],[157.106,-8.198],[157.105,-8.205],[157.11,-8.21],[157.112,-8.228],[157.12,-8.236],[157.13,-8.239],[157.128,-8.25],[157.142,-8.264],[157.154,-8.264],[157.162,-8.27],[157.173,-8.263],[157.178,-8.271],[157.19,-8.274],[157.201,-8.285],[157.202,-8.276],[157.192,-8.266],[157.193,-8.261],[157.185,-8.248],[157.183,-8.22],[157.189,-8.209],[157.188,-8.202],[157.178,-8.187],[157.176,-8.173],[157.157,-8.157],[157.151,-8.157],[157.136,-8.151],[157.123,-8.152]]},"properties":{"fid":254,"name":"Arundel Island","desc":"name=Arundel Island\nplace=island\ntype=multipolygon\nwikidata=Q690247\nwikipedia=en:Arundel Island","country":"Solomon Islands"}},
{"type":"Feature","geometry":{"type":"MultiLineString","coordinates":[[[156.733,-7.001],[156.738,-7.011],[156.746,-7.014],[156.749,-7.02],[156.758,-7.025],[156.764,-7.038],[156.763,-7.049],[156.772,-7.06],[156.781,-7.059],[156.78,-7.066],[156.789,-7.065],[156.801,-7.076],[156.81,-7.1],[156.815,-7.103],[156.833,-7.123],[156.844,-7.126],[156.847,-7.133],[156.858,-7.143],[156.869,-7.158],[156.867,-7.17],[156.88,-7.173],[156.882,-7.176],[156.893,-7.177],[156.899,-7.181],[156.905,-7.198],[156.914,-7.201],[156.93,-7.218],[156.948,-7.221],[156.955,-7.226],[156.965,-7.226],[156.972,-7.236],[156.982,-7.236],[156.99,-7.241],[157.003,-7.243],[157.011,-7.254],[156.995,-7.272],[156.994,-7.276],[157.005,-7.283],[157.016,-7.278],[157.015,-7.287],[157.016,-7.297],[157.024,-7.297],[157.032,-7.288],[157.031,-7.276],[157.045,-7.27],[157.051,-7.275],[157.07,-7.284],[157.085,-7.293],[157.096,-7.307],[157.1,-7.325],[157.094,-7.335],[157.102,-7.35],[157.113,-7.351],[157.136,-7.338],[157.141,-7.339],[157.151,-7.335],[157.166,-7.341],[157.175,-7.34],[157.187,-7.345],[157.195,-7.339],[157.2,-7.345],[157.214,-7.343],[157.216,-7.348],[157.224,-7.351],[157.229,-7.362],[157.245,-7.356],[157.258,-7.355],[157.258,-7.35],[157.269,-7.348],[157.271,-7.358],[157.265,-7.369],[157.285,-7.374],[157.283,-7.368],[157.272,-7.364],[157.274,-7.354],[157.289,-7.347],[157.298,-7.353],[157.316,-7.34],[157.323,-7.34],[157.323,-7.349],[157.316,-7.355],[157.317,-7.368],[157.313,-7.376],[157.317,-7.381],[157.313,-7.388],[157.322,-7.393],[157.346,-7.404],[157.356,-7.401],[157.362,-7.406],[157.37,-7.4],[157.381,-7.404],[157.387,-7.398],[157.404,-7.403],[157.406,-7.414],[157.4,-7.42],[157.413,-7.423],[157.414,-7.411],[157.422,-7.415],[157.42,-7.425],[157.43,-7.424],[157.432,-7.418],[157.441,-7.417],[157.433,-7.428],[157.442,-7.429],[157.447,-7.425],[157.446,-7.414],[157.46,-7.409],[157.466,-7.411],[157.488,-7.41],[157.492,-7.402],[157.485,-7.396],[157.497,-7.388],[157.501,-7.388],[157.519,-7.37],[157.529,-7.378],[157.554,-7.39],[157.561,-7.385],[157.563,-7.373],[157.557,-7.366],[157.561,-7.353],[157.556,-7.341],[157.557,-7.334],[157.55,-7.326],[157.553,-7.312],[157.538,-7.292],[157.526,-7.288],[157.512,-7.288],[157.507,-7.295],[157.496,-7.302],[157.485,-7.306],[157.47,-7.308],[157.468,-7.313],[157.454,-7.319],[157.448,-7.324],[157.442,-7.321],[157.44,-7.312],[157.426,-7.302],[157.407,-7.298],[157.408,-7.306],[157.421,-7.318],[157.415,-7.322],[157.409,-7.318],[157.393,-7.321],[157.396,-7.313],[157.386,-7.308],[157.386,-7.296],[157.379,-7.281],[157.371,-7.278],[157.366,-7.282],[157.363,-7.292],[157.351,-7.284],[157.35,-7.268],[157.34,-7.274],[157.333,-7.273],[157.312,-7.262],[157.311,-7.252],[157.289,-7.239],[157.287,-7.233],[157.296,-7.222],[157.287,-7.216],[157.277,-7.214],[157.283,-7.203],[157.275,-7.196],[157.266,-7.201],[157.262,-7.197],[157.239,-7.197],[157.231,-7.186],[157.219,-7.18],[157.213,-7.187],[157.207,-7.181],[157.201,-7.18],[157.203,-7.166],[157.194,-7.163],[157.188,-7.173],[157.173,-7.16],[157.178,-7.146],[157.175,-7.141],[157.151,-7.127],[157.14,-7.125],[157.132,-7.113],[157.13,-7.099],[157.135,-7.095],[157.133,-7.083],[157.123,-7.074],[157.121,-7.058],[157.114,-7.05],[157.112,-7.039],[157.115,-7.032],[157.111,-7.018],[157.112,-7.008],[157.107,-7.002],[157.107,-6.99],[157.11,-6.985],[157.105,-6.973],[157.098,-6.968],[157.101,-6.961],[157.094,-6.956],[157.08,-6.952],[157.076,-6.943],[157.069,-6.939],[157.06,-6.93],[157.047,-6.926],[157.045,-6.918],[157.037,-6.912],[157.017,-6.902],[157.009,-6.891],[157.004,-6.89],[156.997,-6.899],[156.991,-6.899],[156.986,-6.892],[156.974,-6.883],[156.978,-6.871],[156.974,-6.865],[156.967,-6.866],[156.947,-6.856],[156.939,-6.85],[156.925,-6.847],[156.912,-6.847],[156.905,-6.841],[156.895,-6.846],[156.884,-6.835],[156.865,-6.827],[156.848,-6.813],[156.843,-6.813],[156.83,-6.792],[156.821,-6.794],[156.817,-6.79],[156.798,-6.786],[156.793,-6.777],[156.783,-6.772],[156.767,-6.773],[156.755,-6.767],[156.754,-6.759],[156.743,-6.764],[156.736,-6.763],[156.725,-6.753],[156.719,-6.749],[156.7,-6.745],[156.687,-6.74],[156.677,-6.734],[156.674,-6.728],[156.677,-6.719],[156.674,-6.714],[156.664,-6.71],[156.652,-6.694],[156.65,-6.681],[156.643,-6.676],[156.639,-6.667],[156.632,-6.661],[156.616,-6.654],[156.604,-6.657],[156.584,-6.644],[156.58,-6.65],[156.562,-6.645],[156.548,-6.647],[156.55,-6.638],[156.534,-6.627],[156.52,-6.609],[156.501,-6.594],[156.492,-6.592],[156.485,-6.596],[156.485,-6.609],[156.476,-6.609],[156.473,-6.604],[156.479,-6.596],[156.47,-6.59],[156.462,-6.589],[156.455,-6.598],[156.438,-6.6],[156.429,-6.613],[156.417,-6.624],[156.393,-6.641],[156.385,-6.654],[156.387,-6.662],[156.4,-6.671],[156.408,-6.684],[156.412,-6.704],[156.408,-6.717],[156.409,-6.734],[156.419,-6.739],[156.429,-6.748],[156.438,-6.753],[156.45,-6.768],[156.458,-6.77],[156.473,-6.781],[156.478,-6.78],[156.483,-6.787],[156.491,-6.787],[156.493,-6.795],[156.504,-6.795],[156.522,-6.817],[156.52,-6.824],[156.523,-6.832],[156.541,-6.843],[156.554,-6.842],[156.561,-6.848],[156.566,-6.858],[156.574,-6.86],[156.591,-6.876],[156.623,-6.882],[156.633,-6.891],[156.657,-6.903],[156.662,-6.913],[156.679,-6.928],[156.677,-6.932],[156.683,-6.946],[156.696,-6.963],[156.733,-7.001]],[[157.107,-7.36],[157.115,-7.369],[157.122,-7.364],[157.115,-7.357],[157.107,-7.36]]]},"properties":{"fid":255,"name":"Choiseul","desc":"name=Choiseul\nname:alt=Lauru\nname:ru=остров Шуазёль\nplace=island\ntype=multipolygon\nwikidata=Q867864","country":"Solomon Islands"}},
{"type":"Feature","geometry":{"type":"LineString","coordinates":[[156.834,-8.075],[156.824,-8.086],[156.82,-8.08],[156.824,-8.072],[156.816,-8.066],[156.821,-8.056],[156.811,-8.051],[156.806,-8.054],[156.81,-8.077],[156.806,-8.076],[156.804,-8.061],[156.799,-8.048],[156.786,-8.046],[156.775,-8.041],[156.77,-8.051],[156.768,-8.075],[156.784,-8.091],[156.786,-8.096],[156.797,-8.092],[156.811,-8.1],[156.816,-8.11],[156.826,-8.106],[156.838,-8.111],[156.844,-8.109],[156.838,-8.092],[156.832,-8.084],[156.834,-8.075]]},"properties":{"fid":256,"name":"Gizo","desc":"alt_name=Ghizo\nname=Gizo\nname:ja=ギゾ\nplace=island\ntype=multipolygon\nwikidata=Q1136228\nwikimedia_commons=Category:Ghizo Island\nwikipedia=en:Ghizo Island","country":"Solomon Islands"}},
{"type":"Feature","geometry":{"type":"LineString","coordinates":[[157.501,-7.961],[157.482,-7.957],[157.461,-7.969],[157.455,-7.981],[157.443,-7.989],[157.428,-7.986],[157.416,-7.991],[157.407,-7.988],[157.4,-7.996],[157.399,-8.004],[157.391,-8.008],[157.385,-8.021],[157.37,-8.026],[157.359,-8.044],[157.354,-8.062],[157.345,-8.07],[157.342,-8.085],[157.331,-8.12],[157.321,-8.125],[157.317,-8.134],[157.307,-8.161],[157.307,-8.169],[157.295,-8.179],[157.29,-8.176],[157.273,-8.189],[157.269,-8.194],[157.256,-8.189],[157.238,-8.189],[157.23,-8.186],[157.218,-8.189],[157.213,-8.195],[157.216,-8.209],[157.211,-8.208],[157.199,-8.221],[157.2,-8.232],[157.196,-8.245],[157.199,-8.252],[157.202,-8.269],[157.209,-8.267],[157.212,-8.275],[157.211,-8.285],[157.213,-8.309],[157.211,-8.316],[157.219,-8.317],[157.219,-8.307],[157.226,-8.308],[157.229,-8.296],[157.239,-8.304],[157.239,-8.31],[157.248,-8.315],[157.246,-8.321],[157.251,-8.331],[157.265,-8.328],[157.29,-8.337],[157.295,-8.331],[157.294,-8.325],[157.307,-8.316],[157.328,-8.306],[157.33,-8.294],[157.343,-8.286],[157.332,-8.275],[157.338,-8.265],[157.35,-8.261],[157.356,-8.262],[157.36,-8.277],[157.357,-8.284],[157.366,-8.286],[157.389,-8.275],[157.413,-8.275],[157.435,-8.263],[157.446,-8.265],[157.448,-8.258],[157.456,-8.255],[157.461,-8.263],[157.477,-8.256],[157.479,-8.244],[157.486,-8.245],[157.489,-8.257],[157.483,-8.258],[157.479,-8.266],[157.487,-8.271],[157.501,-8.269],[157.502,-8.265],[157.514,-8.263],[157.515,-8.252],[157.522,-8.243],[157.526,-8.249],[157.548,-8.256],[157.547,-8.264],[157.555,-8.273],[157.558,-8.283],[157.572,-8.288],[157.567,-8.294],[157.57,-8.307],[157.568,-8.312],[157.573,-8.323],[157.59,-8.345],[157.581,-8.354],[157.596,-8.37],[157.601,-8.364],[157.61,-8.365],[157.625,-8.372],[157.614,-8.396],[157.607,-8.398],[157.603,-8.384],[157.59,-8.386],[157.564,-8.375],[157.563,-8.366],[157.556,-8.363],[157.55,-8.38],[157.555,-8.395],[157.564,-8.409],[157.57,-8.428],[157.581,-8.43],[157.6,-8.44],[157.597,-8.453],[157.608,-8.47],[157.624,-8.48],[157.644,-8.488],[157.651,-8.496],[157.657,-8.497],[157.664,-8.504],[157.681,-8.515],[157.688,-8.516],[157.697,-8.511],[157.705,-8.512],[157.728,-8.506],[157.729,-8.514],[157.736,-8.517],[157.751,-8.529],[157.757,-8.532],[157.761,-8.547],[157.768,-8.551],[157.776,-8.564],[157.786,-8.57],[157.788,-8.579],[157.784,-8.586],[157.808,-8.588],[157.819,-8.597],[157.826,-8.59],[157.819,-8.584],[157.803,-8.579],[157.795,-8.572],[157.798,-8.551],[157.805,-8.562],[157.816,-8.563],[157.824,-8.568],[157.837,-8.564],[157.842,-8.555],[157.85,-8.55],[157.852,-8.564],[157.865,-8.566],[157.865,-8.577],[157.88,-8.58],[157.876,-8.57],[157.879,-8.562],[157.866,-8.543],[157.872,-8.542],[157.871,-8.526],[157.875,-8.525],[157.885,-8.513],[157.891,-8.514],[157.895,-8.503],[157.894,-8.491],[157.903,-8.481],[157.893,-8.465],[157.878,-8.464],[157.878,-8.439],[157.881,-8.431],[157.872,-8.428],[157.874,-8.416],[157.862,-8.392],[157.854,-8.389],[157.848,-8.38],[157.842,-8.377],[157.827,-8.363],[157.83,-8.34],[157.827,-8.325],[157.809,-8.309],[157.804,-8.309],[157.789,-8.297],[157.783,-8.289],[157.771,-8.281],[157.778,-8.275],[157.773,-8.269],[157.771,-8.242],[157.769,-8.235],[157.746,-8.228],[157.736,-8.226],[157.731,-8.217],[157.722,-8.216],[157.716,-8.206],[157.698,-8.206],[157.683,-8.219],[157.676,-8.231],[157.667,-8.229],[157.656,-8.232],[157.646,-8.225],[157.636,-8.225],[157.628,-8.229],[157.634,-8.211],[157.628,-8.198],[157.634,-8.193],[157.631,-8.183],[157.623,-8.187],[157.619,-8.179],[157.61,-8.172],[157.602,-8.163],[157.609,-8.152],[157.617,-8.154],[157.626,-8.15],[157.632,-8.132],[157.627,-8.129],[157.607,-8.135],[157.611,-8.127],[157.607,-8.114],[157.597,-8.11],[157.602,-8.094],[157.603,-8.081],[157.608,-8.069],[157.602,-8.065],[157.612,-8.054],[157.598,-8.045],[157.591,-8.026],[157.586,-8.024],[157.577,-8.006],[157.564,-8.007],[157.563,-8.002],[157.545,-7.988],[157.537,-7.98],[157.527,-7.991],[157.515,-7.984],[157.515,-7.974],[157.509,-7.965],[157.501,-7.961]]},"properties":{"fid":257,"name":"New Georgia","desc":"name=New Georgia\nname:sk=Nová Georgia\nname:zh=新乔治亚岛\nplace=island\ntype=multipolygon\nwikidata=Q1044754","country":"Solomon Islands"}},
{"type":"Feature","geometry":{"type":"LineString","coordinates":[[156.552,-7.946],[156.548,-7.934],[156.54,-7.934],[156.536,-7.94],[156.527,-7.934],[156.52,-7.939],[156.517,-7.946],[156.508,-7.949],[156.515,-7.956],[156.517,-7.964],[156.528,-7.976],[156.534,-7.988],[156.535,-7.997],[156.528,-8.006],[156.535,-8.015],[156.536,-8.047],[156.534,-8.06],[156.534,-8.079],[156.531,-8.091],[156.545,-8.103],[156.549,-8.113],[156.559,-8.119],[156.56,-8.129],[156.566,-8.139],[156.571,-8.16],[156.578,-8.17],[156.575,-8.178],[156.592,-8.176],[156.604,-8.168],[156.612,-8.153],[156.616,-8.139],[156.608,-8.122],[156.604,-8.108],[156.608,-8.099],[156.603,-8.094],[156.601,-8.082],[156.606,-8.078],[156.603,-8.065],[156.599,-8.063],[156.593,-8.043],[156.589,-8.039],[156.586,-8.028],[156.582,-8.023],[156.583,-8.003],[156.577,-7.993],[156.571,-7.97],[156.565,-7.964],[156.561,-7.951],[156.552,-7.946]]},"properties":{"fid":258,"name":"Ranongga","desc":"name=Ranongga\nplace=island\ntype=multipolygon\nwikidata=Q1571543\nwikipedia=en:Ranongga","country":"Solomon Islands"}},
{"type":"Feature","geometry":{"type":"LineString","coordinates":[[158.004,-8.769],[158.01,-8.773],[158.023,-8.77],[158.029,-8.765],[158.027,-8.755],[158.035,-8.755],[158.042,-8.747],[158.041,-8.735],[158.057,-8.733],[158.069,-8.728],[158.07,-8.718],[158.077,-8.701],[158.082,-8.693],[158.092,-8.697],[158.098,-8.69],[158.097,-8.682],[158.103,-8.666],[158.092,-8.655],[158.091,-8.64],[158.102,-8.641],[158.107,-8.637],[158.106,-8.629],[158.089,-8.632],[158.088,-8.638],[158.07,-8.632],[158.068,-8.627],[158.055,-8.635],[158.048,-8.628],[158.053,-8.616],[158.06,-8.612],[158.08,-8.609],[158.085,-8.601],[158.096,-8.605],[158.103,-8.595],[158.111,-8.591],[158.112,-8.585],[158.119,-8.584],[158.124,-8.575],[158.117,-8.555],[158.123,-8.548],[158.115,-8.544],[158.108,-8.535],[158.1,-8.534],[158.094,-8.528],[158.086,-8.525],[158.08,-8.529],[158.075,-8.523],[158.069,-8.527],[158.06,-8.52],[158.051,-8.522],[158.041,-8.532],[158.038,-8.541],[158.032,-8.546],[158.029,-8.559],[158.02,-8.556],[158.022,-8.548],[158.014,-8.545],[158.008,-8.548],[157.996,-8.529],[157.991,-8.527],[157.986,-8.524],[157.982,-8.517],[157.97,-8.514],[157.956,-8.528],[157.944,-8.524],[157.947,-8.538],[157.963,-8.543],[157.967,-8.562],[157.967,-8.571],[157.957,-8.58],[157.952,-8.569],[157.958,-8.56],[157.948,-8.556],[157.939,-8.56],[157.935,-8.567],[157.935,-8.585],[157.923,-8.589],[157.92,-8.57],[157.907,-8.578],[157.901,-8.577],[157.899,-8.568],[157.882,-8.559],[157.884,-8.568],[157.893,-8.58],[157.891,-8.6],[157.881,-8.6],[157.874,-8.606],[157.88,-8.615],[157.879,-8.627],[157.886,-8.635],[157.886,-8.643],[157.877,-8.65],[157.876,-8.663],[157.869,-8.666],[157.874,-8.681],[157.879,-8.691],[157.892,-8.692],[157.89,-8.7],[157.898,-8.708],[157.914,-8.714],[157.912,-8.719],[157.916,-8.732],[157.927,-8.739],[157.938,-8.751],[157.952,-8.76],[157.973,-8.761],[157.975,-8.764],[157.99,-8.759],[157.995,-8.77],[158.004,-8.769]]},"properties":{"fid":259,"name":"Vangunu","desc":"name=Vangunu\nplace=island\ntype=multipolygon\nwikidata=Q1200270\nwikipedia=en:Vangunu","country":"Solomon Islands"}},
{"type":"Feature","geometry":{"type":"LineString","coordinates":[[157.051,-8.19],[157.04,-8.189],[157.019,-8.184],[157.006,-8.193],[157.013,-8.205],[157.025,-8.214],[157.032,-8.225],[157.049,-8.226],[157.042,-8.235],[157.047,-8.241],[157.063,-8.247],[157.076,-8.266],[157.087,-8.278],[157.097,-8.28],[157.097,-8.287],[157.107,-8.311],[157.103,-8.321],[157.111,-8.323],[157.115,-8.333],[157.125,-8.329],[157.136,-8.343],[157.14,-8.336],[157.139,-8.32],[157.116,-8.308],[157.118,-8.296],[157.107,-8.288],[157.102,-8.273],[157.096,-8.262],[157.098,-8.252],[157.105,-8.247],[157.103,-8.236],[157.099,-8.229],[157.101,-8.223],[157.096,-8.209],[157.089,-8.208],[157.071,-8.195],[157.067,-8.187],[157.051,-8.19]]},"properties":{"fid":260,"name":"Vonavona","desc":"name=Vonavona\nplace=island\ntype=multipolygon\nwikidata=Q1493587","country":"Solomon Islands"}},
{"type":"Feature","geometry":{"type":"LineString","coordinates":[[160.21,-11.681],[160.232,-11.683],[160.247,-11.686],[160.256,-11.665],[160.263,-11.661],[160.28,-11.658],[160.3,-11.664],[160.309,-11.671],[160.317,-11.682],[160.32,-11.692],[160.319,-11.703],[160.311,-11.713],[160.299,-11.718],[160.311,-11.731],[160.32,-11.724],[160.333,-11.723],[160.353,-11.72],[160.363,-11.721],[160.376,-11.729],[160.388,-11.733],[160.397,-11.742],[160.405,-11.744],[160.411,-11.752],[160.412,-11.769],[160.427,-11.782],[160.433,-11.799],[160.434,-11.812],[160.442,-11.829],[160.453,-11.835],[160.477,-11.843],[160.485,-11.851],[160.494,-11.85],[160.515,-11.839],[160.53,-11.847],[160.537,-11.865],[160.553,-11.878],[160.562,-11.881],[160.566,-11.875],[160.567,-11.864],[160.578,-11.847],[160.584,-11.828],[160.6,-11.825],[160.614,-11.829],[160.641,-11.844],[160.653,-11.842],[160.657,-11.832],[160.654,-11.824],[160.635,-11.806],[160.621,-11.796],[160.597,-11.788],[160.584,-11.779],[160.563,-11.772],[160.511,-11.725],[160.5,-11.71],[160.491,-11.704],[160.46,-11.695],[160.439,-11.691],[160.422,-11.682],[160.413,-11.675],[160.396,-11.668],[160.388,-11.671],[160.374,-11.672],[160.362,-11.669],[160.318,-11.646],[160.294,-11.625],[160.271,-11.61],[160.255,-11.602],[160.234,-11.584],[160.214,-11.568],[160.195,-11.559],[160.172,-11.557],[160.166,-11.553],[160.154,-11.55],[160.15,-11.546],[160.137,-11.521],[160.118,-11.503],[160.09,-11.488],[160.071,-11.487],[160.047,-11.483],[160.022,-11.471],[160.008,-11.463],[159.994,-11.462],[159.986,-11.464],[159.968,-11.48],[159.961,-11.494],[159.952,-11.507],[159.956,-11.517],[159.963,-11.525],[159.967,-11.537],[159.97,-11.55],[159.967,-11.556],[159.981,-11.567],[159.986,-11.578],[160,-11.589],[160.006,-11.598],[160.018,-11.604],[160.035,-11.619],[160.038,-11.611],[160.047,-11.603],[160.068,-11.604],[160.086,-11.613],[160.091,-11.624],[160.086,-11.637],[160.098,-11.642],[160.11,-11.64],[160.118,-11.644],[160.127,-11.654],[160.133,-11.666],[160.139,-11.661],[160.147,-11.661],[160.154,-11.665],[160.159,-11.672],[160.165,-11.672],[160.182,-11.686],[160.196,-11.683],[160.21,-11.681]]},"properties":{"fid":261,"name":"Rennell","desc":"name=Rennell\nname:en=Rennell Island\nname:ru=остров Реннелл\nplace=island\ntype=multipolygon\nwikidata=Q59580\nwikipedia=en:Rennell Island","country":"Solomon Islands"}},
{"type":"Feature","geometry":{"type":"LineString","coordinates":[[152.55,-3.056],[152.542,-3.062],[152.523,-3.089],[152.526,-3.098],[152.527,-3.109],[152.533,-3.118],[152.54,-3.122],[152.545,-3.133],[152.554,-3.139],[152.561,-3.14],[152.56,-3.151],[152.554,-3.158],[152.554,-3.166],[152.567,-3.163],[152.566,-3.171],[152.585,-3.178],[152.586,-3.193],[152.593,-3.2],[152.605,-3.201],[152.61,-3.212],[152.62,-3.218],[152.625,-3.227],[152.641,-3.223],[152.648,-3.206],[152.649,-3.193],[152.645,-3.186],[152.655,-3.164],[152.653,-3.158],[152.659,-3.155],[152.662,-3.138],[152.66,-3.12],[152.654,-3.118],[152.645,-3.124],[152.642,-3.116],[152.635,-3.115],[152.634,-3.108],[152.64,-3.102],[152.642,-3.087],[152.633,-3.081],[152.64,-3.067],[152.638,-3.041],[152.628,-3.032],[152.621,-3.035],[152.606,-3.035],[152.594,-3.04],[152.586,-3.038],[152.569,-3.044],[152.561,-3.052],[152.55,-3.056]]},"properties":{"fid":262,"name":"Lihir Island","desc":"name=Lihir Island\nname:en=Lihir Island\nname:ru=остров Лихир\nplace=island\ntype=multipolygon\nwikidata=Q1405205\nwikipedia=en:Lihir Island","country":"Papua New Guinea"}},
{"type":"Feature","geometry":{"type":"LineString","coordinates":[[157.353,-8.563],[157.363,-8.565],[157.358,-8.578],[157.369,-8.581],[157.382,-8.572],[157.382,-8.561],[157.378,-8.548],[157.383,-8.541],[157.389,-8.529],[157.396,-8.523],[157.404,-8.508],[157.41,-8.494],[157.407,-8.488],[157.41,-8.475],[157.393,-8.441],[157.393,-8.429],[157.388,-8.42],[157.356,-8.408],[157.336,-8.403],[157.335,-8.409],[157.323,-8.415],[157.312,-8.429],[157.307,-8.432],[157.305,-8.444],[157.292,-8.45],[157.292,-8.458],[157.287,-8.469],[157.281,-8.474],[157.271,-8.474],[157.272,-8.492],[157.269,-8.498],[157.257,-8.5],[157.243,-8.506],[157.22,-8.534],[157.21,-8.553],[157.192,-8.567],[157.195,-8.577],[157.209,-8.593],[157.22,-8.596],[157.222,-8.603],[157.229,-8.604],[157.247,-8.624],[157.262,-8.629],[157.264,-8.636],[157.281,-8.639],[157.283,-8.648],[157.29,-8.645],[157.3,-8.655],[157.3,-8.679],[157.312,-8.695],[157.318,-8.697],[157.337,-8.712],[157.359,-8.715],[157.368,-8.723],[157.376,-8.723],[157.384,-8.73],[157.396,-8.73],[157.407,-8.72],[157.387,-8.71],[157.377,-8.708],[157.369,-8.7],[157.358,-8.695],[157.35,-8.695],[157.342,-8.687],[157.343,-8.675],[157.336,-8.657],[157.336,-8.644],[157.329,-8.627],[157.339,-8.612],[157.337,-8.592],[157.334,-8.58],[157.336,-8.573],[157.344,-8.566],[157.353,-8.563]]},"properties":{"fid":263,"name":"Rendova Island","desc":"name=Rendova Island\nname:en=Rendova Island\nname:zh=伦多瓦岛\nplace=island\ntype=multipolygon\nwikidata=Q952882\nwikipedia=en:Rendova Island","country":"Solomon Islands"}},
{"type":"Feature","geometry":{"type":"LineString","coordinates":[[148.069,-5.437],[148.076,-5.44],[148.083,-5.448],[148.095,-5.44],[148.106,-5.436],[148.112,-5.429],[148.115,-5.416],[148.11,-5.394],[148.104,-5.384],[148.072,-5.37],[148.067,-5.371],[148.056,-5.388],[148.05,-5.403],[148.053,-5.415],[148.051,-5.424],[148.069,-5.437]]},"properties":{"fid":264,"name":"Sakar Island","desc":"name=Sakar Island\nname:en=Sakar Island\nname:ru=остров Саккар\nplace=island\ntype=multipolygon\nwikidata=Q254143\nwikipedia=en:Sakar Island","country":"Papua New Guinea"}},
{"type":"Feature","geometry":{"type":"LineString","coordinates":[[156.565,-7.751],[156.582,-7.751],[156.575,-7.76],[156.578,-7.764],[156.575,-7.774],[156.594,-7.781],[156.6,-7.782],[156.607,-7.796],[156.607,-7.804],[156.601,-7.826],[156.606,-7.841],[156.593,-7.853],[156.592,-7.862],[156.595,-7.872],[156.608,-7.876],[156.628,-7.873],[156.639,-7.877],[156.641,-7.883],[156.652,-7.887],[156.656,-7.894],[156.653,-7.903],[156.643,-7.919],[156.646,-7.939],[156.659,-7.941],[156.678,-7.93],[156.689,-7.936],[156.698,-7.958],[156.704,-7.96],[156.715,-7.93],[156.71,-7.924],[156.71,-7.917],[156.699,-7.905],[156.698,-7.898],[156.708,-7.887],[156.716,-7.858],[156.719,-7.834],[156.734,-7.818],[156.755,-7.805],[156.766,-7.796],[156.773,-7.786],[156.78,-7.771],[156.786,-7.767],[156.79,-7.756],[156.786,-7.748],[156.791,-7.738],[156.791,-7.732],[156.783,-7.726],[156.782,-7.718],[156.775,-7.718],[156.77,-7.705],[156.76,-7.702],[156.733,-7.706],[156.733,-7.698],[156.712,-7.702],[156.705,-7.693],[156.694,-7.69],[156.692,-7.681],[156.674,-7.676],[156.674,-7.662],[156.68,-7.656],[156.669,-7.646],[156.672,-7.634],[156.656,-7.638],[156.652,-7.63],[156.657,-7.62],[156.645,-7.62],[156.631,-7.613],[156.63,-7.596],[156.623,-7.593],[156.614,-7.583],[156.606,-7.585],[156.603,-7.567],[156.592,-7.564],[156.58,-7.57],[156.575,-7.569],[156.568,-7.575],[156.561,-7.574],[156.547,-7.585],[156.527,-7.592],[156.524,-7.599],[156.511,-7.612],[156.502,-7.628],[156.5,-7.651],[156.505,-7.658],[156.506,-7.672],[156.504,-7.69],[156.508,-7.699],[156.516,-7.708],[156.531,-7.697],[156.536,-7.7],[156.537,-7.714],[156.532,-7.718],[156.533,-7.73],[156.552,-7.743],[156.556,-7.75],[156.565,-7.751]]},"properties":{"fid":265,"name":"Vella Lavella","desc":"name=Vella Lavella\nplace=island\ntype=multipolygon\nwikidata=Q1139193\nwikipedia=en:Vella Lavella","country":"Solomon Islands"}},
{"type":"Feature","geometry":{"type":"LineString","coordinates":[[152.085,-4.101],[152.071,-4.089],[152.058,-4.096],[152.056,-4.103],[152.056,-4.12],[152.066,-4.128],[152.081,-4.13],[152.091,-4.108],[152.085,-4.101]]},"properties":{"fid":266,"name":"Watom Island","desc":"gns:dsg=ISL\ngns:uni=-3049497\nname=Watom Island\nname:en=Watom Island\nplace=island\nsource=GNS\ntype=multipolygon\nwikidata=Q1796807\nwikipedia=en:Watom Island","country":"Papua New Guinea"}},
{"type":"Feature","geometry":{"type":"MultiLineString","coordinates":[[[134.532,7.353],[134.543,7.35],[134.558,7.352],[134.564,7.36],[134.565,7.37],[134.576,7.369],[134.577,7.359],[134.583,7.359],[134.594,7.366],[134.593,7.376],[134.585,7.393],[134.592,7.407],[134.59,7.43],[134.6,7.443],[134.607,7.443],[134.609,7.45],[134.607,7.463],[134.622,7.482],[134.637,7.492],[134.635,7.5],[134.624,7.514],[134.621,7.513],[134.615,7.534],[134.625,7.538],[134.637,7.551],[134.635,7.566],[134.637,7.572],[134.633,7.579],[134.64,7.585],[134.638,7.597],[134.644,7.607],[134.643,7.624],[134.647,7.629],[134.645,7.653],[134.642,7.66],[134.642,7.683],[134.637,7.688],[134.645,7.695],[134.645,7.701],[134.638,7.713],[134.63,7.717],[134.63,7.725],[134.621,7.732],[134.611,7.725],[134.608,7.715],[134.615,7.711],[134.616,7.704],[134.624,7.69],[134.633,7.682],[134.629,7.678],[134.631,7.662],[134.636,7.658],[134.627,7.637],[134.617,7.626],[134.61,7.615],[134.6,7.612],[134.583,7.62],[134.564,7.609],[134.559,7.599],[134.552,7.596],[134.539,7.6],[134.535,7.594],[134.54,7.574],[134.539,7.562],[134.53,7.555],[134.521,7.558],[134.515,7.535],[134.5,7.537],[134.502,7.526],[134.497,7.514],[134.5,7.509],[134.524,7.5],[134.526,7.495],[134.515,7.489],[134.513,7.481],[134.504,7.482],[134.509,7.495],[134.502,7.502],[134.497,7.495],[134.481,7.493],[134.48,7.489],[134.487,7.481],[134.477,7.46],[134.469,7.451],[134.466,7.443],[134.478,7.443],[134.482,7.44],[134.478,7.43],[134.49,7.422],[134.504,7.416],[134.507,7.411],[134.503,7.403],[134.511,7.381],[134.506,7.373],[134.508,7.361],[134.515,7.355],[134.52,7.357]],[[134.52,7.357],[134.529,7.359],[134.532,7.353]]]},"properties":{"fid":267,"name":"Babeldaob","desc":"ele=7\ngnis:created=01/01/2000\ngnis:feature_id=1391342\ngnis:state_id=70\nname=Babeldaob\nname:zh-Hans=巴伯尔图阿普岛\nname:zh-Hant=巴伯爾圖阿普島\nplace=island\ntype=multipolygon\nwikidata=Q746861","country":"Palau"}},
{"type":"Feature","geometry":{"type":"LineString","coordinates":[[134.478,7.352],[134.48,7.346],[134.464,7.343],[134.475,7.331],[134.483,7.34],[134.508,7.33],[134.5,7.324],[134.496,7.317],[134.502,7.313],[134.512,7.322],[134.513,7.328],[134.505,7.343],[134.507,7.353],[134.478,7.352]]},"properties":{"fid":268,"name":"Koror","desc":"ele=50\ngnis:county_id=150\ngnis:created=01/01/2000\ngnis:feature_id=1391551\ngnis:state_id=70\nname=Koror\nname:ar=كورور\nname:es=Isla Koror\nplace=island\ntype=multipolygon\nwikidata=Q1784668\nwikipedia=es:Isla de Koror","country":"Palau"}},
{"type":"Feature","geometry":null,"properties":{"fid":269,"name":"Malakal","desc":"ele=7\ngnis:created=01/01/2000\ngnis:feature_id=1391567\ngnis:state_id=70\nname=Malakal\nplace=island\ntype=multipolygon\nwikidata=Q547662","country":"Palau"}},
{"type":"Feature","geometry":{"type":"LineString","coordinates":[[134.439,7.358],[134.444,7.357],[134.451,7.346],[134.46,7.355],[134.45,7.36],[134.439,7.358]]},"properties":{"fid":270,"name":"Ngerekebesang","desc":"ele=7\ngnis:created=01/01/2000\ngnis:feature_id=1391724\ngnis:state_id=70\nname=Ngerekebesang\nplace=island\ntype=multipolygon\nwikidata=Q625386","country":"Palau"}},
{"type":"Feature","geometry":{"type":"LineString","coordinates":[[146.969,-2.214],[146.99,-2.208],[147.006,-2.197],[147.017,-2.193],[147.026,-2.194],[147.036,-2.201],[147.051,-2.205],[147.066,-2.205],[147.075,-2.199],[147.077,-2.19],[147.091,-2.189],[147.091,-2.18],[147.109,-2.175],[147.114,-2.177],[147.131,-2.179],[147.134,-2.184],[147.144,-2.188],[147.151,-2.195],[147.167,-2.197],[147.174,-2.196],[147.184,-2.202],[147.192,-2.204],[147.2,-2.199],[147.217,-2.184],[147.219,-2.178],[147.232,-2.169],[147.243,-2.164],[147.242,-2.159],[147.257,-2.15],[147.263,-2.131],[147.279,-2.115],[147.273,-2.11],[147.262,-2.109],[147.26,-2.1],[147.272,-2.077],[147.278,-2.081],[147.279,-2.088],[147.266,-2.097],[147.278,-2.1],[147.285,-2.095],[147.285,-2.09],[147.294,-2.08],[147.3,-2.081],[147.295,-2.062],[147.302,-2.059],[147.322,-2.062],[147.325,-2.073],[147.316,-2.077],[147.322,-2.084],[147.334,-2.076],[147.351,-2.073],[147.35,-2.067],[147.357,-2.061],[147.36,-2.066],[147.374,-2.077],[147.38,-2.078],[147.389,-2.084],[147.416,-2.077],[147.423,-2.079],[147.428,-2.073],[147.429,-2.058],[147.42,-2.051],[147.421,-2.041],[147.431,-2.033],[147.439,-2.034],[147.435,-2.022],[147.426,-2.006],[147.415,-1.999],[147.368,-1.973],[147.364,-1.98],[147.375,-1.982],[147.386,-1.99],[147.405,-2.011],[147.408,-2.025],[147.404,-2.033],[147.414,-2.035],[147.414,-2.048],[147.411,-2.064],[147.399,-2.063],[147.409,-2.052],[147.392,-2.043],[147.382,-2.051],[147.371,-2.052],[147.368,-2.044],[147.37,-2.037],[147.349,-2.039],[147.328,-2.03],[147.323,-2.039],[147.314,-2.047],[147.306,-2.039],[147.302,-2.04],[147.286,-2.033],[147.282,-2.028],[147.272,-2.029],[147.271,-2.022],[147.264,-2.018],[147.256,-2.017],[147.246,-2.012],[147.236,-2.015],[147.227,-2.008],[147.219,-2.009],[147.205,-2.007],[147.187,-1.991],[147.167,-1.991],[147.162,-1.985],[147.153,-1.983],[147.138,-1.995],[147.147,-2.003],[147.144,-2.008],[147.128,-1.998],[147.132,-1.989],[147.125,-1.986],[147.121,-1.994],[147.11,-1.983],[147.109,-1.974],[147.1,-1.979],[147.097,-1.973],[147.09,-1.975],[147.081,-1.973],[147.062,-1.982],[147.047,-1.982],[147.044,-1.972],[147.031,-1.972],[147.027,-1.968],[147.011,-1.976],[146.999,-1.97],[146.991,-1.971],[146.985,-1.968],[146.978,-1.973],[146.967,-1.972],[146.946,-1.965],[146.94,-1.969],[146.923,-1.971],[146.906,-1.968],[146.884,-1.966],[146.874,-1.961],[146.854,-1.959],[146.846,-1.952],[146.839,-1.952],[146.828,-1.961],[146.815,-1.963],[146.808,-1.968],[146.801,-1.967],[146.784,-1.974],[146.775,-1.984],[146.768,-1.984],[146.752,-1.998],[146.746,-1.991],[146.739,-1.994],[146.71,-1.993],[146.704,-2.001],[146.696,-2],[146.687,-1.993],[146.679,-1.994],[146.665,-1.982],[146.649,-1.979],[146.639,-1.97],[146.631,-1.977],[146.622,-1.981],[146.618,-1.996],[146.608,-2.004],[146.608,-2.018],[146.604,-2.025],[146.592,-2.015],[146.581,-2.011],[146.573,-2],[146.577,-1.993],[146.57,-1.986],[146.565,-1.994],[146.564,-2.008],[146.567,-2.018],[146.562,-2.02],[146.565,-2.047],[146.572,-2.053],[146.579,-2.065],[146.586,-2.069],[146.591,-2.078],[146.602,-2.089],[146.603,-2.102],[146.61,-2.109],[146.611,-2.115],[146.597,-2.13],[146.589,-2.126],[146.563,-2.123],[146.562,-2.129],[146.547,-2.132],[146.539,-2.122],[146.531,-2.117],[146.527,-2.137],[146.516,-2.14],[146.514,-2.148],[146.508,-2.15],[146.507,-2.158],[146.518,-2.161],[146.513,-2.171],[146.513,-2.186],[146.508,-2.191],[146.505,-2.204],[146.519,-2.215],[146.529,-2.227],[146.535,-2.229],[146.538,-2.237],[146.546,-2.241],[146.552,-2.254],[146.558,-2.253],[146.564,-2.242],[146.571,-2.249],[146.576,-2.24],[146.571,-2.227],[146.574,-2.215],[146.579,-2.213],[146.585,-2.195],[146.593,-2.191],[146.599,-2.182],[146.606,-2.182],[146.612,-2.189],[146.619,-2.183],[146.635,-2.185],[146.639,-2.198],[146.648,-2.208],[146.656,-2.203],[146.669,-2.203],[146.681,-2.193],[146.702,-2.197],[146.713,-2.191],[146.717,-2.175],[146.709,-2.164],[146.7,-2.163],[146.69,-2.155],[146.677,-2.149],[146.681,-2.142],[146.669,-2.132],[146.679,-2.124],[146.683,-2.133],[146.693,-2.144],[146.698,-2.141],[146.697,-2.132],[146.701,-2.125],[146.708,-2.132],[146.711,-2.141],[146.716,-2.141],[146.728,-2.131],[146.736,-2.128],[146.742,-2.14],[146.738,-2.142],[146.74,-2.154],[146.749,-2.156],[146.754,-2.163],[146.772,-2.165],[146.783,-2.18],[146.795,-2.18],[146.811,-2.176],[146.825,-2.189],[146.835,-2.192],[146.842,-2.186],[146.857,-2.184],[146.863,-2.193],[146.871,-2.191],[146.88,-2.2],[146.902,-2.199],[146.909,-2.205],[146.918,-2.202],[146.933,-2.203],[146.942,-2.207],[146.953,-2.206],[146.957,-2.212],[146.969,-2.214]]},"properties":{"fid":271,"name":"Manus","desc":"fixme=see note\nname=Manus\nnote=very rough, please refine\nplace=island\nsource=landsat;bing\ntype=multipolygon\nwikidata=Q602106\nwikipedia=en:Manus Island","country":"Papua New Guinea"}},
{"type":"Feature","geometry":{"type":"LineString","coordinates":[[134.485,7.303],[134.496,7.303],[134.496,7.312],[134.48,7.315],[134.485,7.303]]},"properties":{"fid":274,"name":"Ulebsechel","desc":"name=Ulebsechel\nplace=island\ntype=multipolygon\nwikidata=Q81448416","country":"Palau"}},
{"type":"Feature","geometry":{"type":"LineString","coordinates":[[167.477,-14.361],[167.487,-14.361],[167.505,-14.369],[167.512,-14.368],[167.523,-14.371],[167.544,-14.372],[167.561,-14.366],[167.565,-14.359],[167.574,-14.355],[167.583,-14.335],[167.587,-14.312],[167.599,-14.302],[167.602,-14.292],[167.599,-14.284],[167.609,-14.269],[167.603,-14.253],[167.595,-14.245],[167.603,-14.237],[167.593,-14.225],[167.588,-14.215],[167.583,-14.216],[167.574,-14.21],[167.568,-14.211],[167.553,-14.204],[167.542,-14.204],[167.533,-14.198],[167.525,-14.196],[167.513,-14.202],[167.503,-14.203],[167.5,-14.209],[167.484,-14.213],[167.466,-14.212],[167.448,-14.222],[167.448,-14.227],[167.435,-14.226],[167.426,-14.244],[167.427,-14.25],[167.421,-14.26],[167.425,-14.264],[167.424,-14.272],[167.428,-14.279],[167.423,-14.29],[167.434,-14.312],[167.423,-14.341],[167.415,-14.351],[167.417,-14.355],[167.431,-14.357],[167.434,-14.365],[167.449,-14.366],[167.465,-14.364],[167.477,-14.361]]},"properties":{"fid":276,"name":"Gaua","desc":"name=Gaua\nname:de=Gaua\nname:en=Gaua\nname:es=Gaua\nname:fr=Gaua\nplace=island\npopulation=2491\npopulation:date=2009\npopulation:source=National Population and Housing Census\ntype=multipolygon\nunocha:pcode=VUT0101010\nwikidata=Q583383\nwikipedia=fr:Gaua","country":"Vanuatu"}},
{"type":"Feature","geometry":{"type":"LineString","coordinates":[[145.78,18.17],[145.771,18.169],[145.759,18.16],[145.755,18.147],[145.761,18.142],[145.759,18.105],[145.756,18.099],[145.737,18.085],[145.729,18.086],[145.717,18.076],[145.708,18.048],[145.71,18.045],[145.729,18.05],[145.739,18.058],[145.745,18.067],[145.745,18.072],[145.765,18.101],[145.775,18.107],[145.798,18.109],[145.809,18.132],[145.81,18.144],[145.807,18.157],[145.795,18.166],[145.78,18.17]]},"properties":{"fid":281,"name":"Pagan Island","desc":"Schalansky_ref=118\ngnis:feature_id=1390546\nname=Pagan Island\nname:mk=Паган\nname:ru=Паган\nname:uk=Паґан острів\nplace=island\ntype=multipolygon\nwikidata=Q1126761\nwikipedia=en:Pagan (island)","country":"Northern Mariana Islands"}},
{"type":"Feature","geometry":{"type":"LineString","coordinates":[[145.411,19.679],[145.418,19.688],[145.416,19.701],[145.408,19.706],[145.399,19.706],[145.392,19.7],[145.39,19.683],[145.405,19.676],[145.411,19.679]]},"properties":{"fid":282,"name":"Asuncion Island","desc":"gnis:feature_id=1390325\nname=Asuncion Island\nname:mk=Асунсион\nname:ru=Асунсьон\nplace=island\ntype=multipolygon\nwikidata=Q752427\nwikipedia=en:Asuncion Island","country":"Northern Mariana Islands"}},
{"type":"Feature","geometry":{"type":"LineString","coordinates":[[144.902,20.544],[144.902,20.549],[144.893,20.554],[144.887,20.55],[144.887,20.539],[144.895,20.536],[144.902,20.544]]},"properties":{"fid":283,"name":"Farallon de Pajaros","desc":"gnis:feature_id=1390394\nname=Farallon de Pajaros\nname:mk=Фараљон де Пахарос\nplace=island\ntype=multipolygon\nwikidata=Q1384924\nwikipedia=es:Farallon de Pajaros","country":"Northern Mariana Islands"}},
{"type":"Feature","geometry":{"type":"LineString","coordinates":[[154.276,-11.366],[154.277,-11.355],[154.271,-11.339],[154.254,-11.321],[154.244,-11.318],[154.225,-11.307],[154.224,-11.303],[154.214,-11.303],[154.211,-11.295],[154.2,-11.291],[154.194,-11.3],[154.144,-11.302],[154.144,-11.315],[154.137,-11.312],[154.139,-11.304],[154.133,-11.298],[154.122,-11.306],[154.121,-11.298],[154.111,-11.295],[154.107,-11.3],[154.088,-11.306],[154.08,-11.299],[154.057,-11.297],[154.06,-11.308],[154.073,-11.312],[154.083,-11.318],[154.077,-11.324],[154.08,-11.329],[154.088,-11.334],[154.101,-11.332],[154.122,-11.35],[154.101,-11.354],[154.093,-11.358],[154.085,-11.353],[154.073,-11.362],[154.069,-11.355],[154.063,-11.36],[154.055,-11.358],[154.042,-11.365],[154.023,-11.354],[154.012,-11.34],[154.004,-11.346],[154.011,-11.355],[154.007,-11.362],[153.995,-11.361],[153.991,-11.363],[153.979,-11.362],[153.972,-11.37],[153.973,-11.378],[153.983,-11.385],[153.989,-11.382],[154.001,-11.393],[154.012,-11.396],[154.01,-11.402],[154.014,-11.408],[154.033,-11.417],[154.037,-11.415],[154.05,-11.421],[154.065,-11.422],[154.082,-11.42],[154.086,-11.424],[154.096,-11.423],[154.112,-11.413],[154.113,-11.404],[154.108,-11.399],[154.108,-11.391],[154.114,-11.388],[154.128,-11.411],[154.132,-11.412],[154.147,-11.407],[154.153,-11.391],[154.161,-11.399],[154.176,-11.404],[154.183,-11.397],[154.198,-11.393],[154.204,-11.402],[154.225,-11.405],[154.251,-11.419],[154.265,-11.408],[154.276,-11.404],[154.284,-11.394],[154.285,-11.378],[154.276,-11.366]]},"properties":{"fid":284,"name":"Yela Island","desc":"alt_name=Rossel\nname=Yela Island\nname:en=Rossel Island\nplace=island\ntype=multipolygon\nwikidata=Q2002440\nwikipedia=de:Rossel (Insel)","country":"Papua New Guinea"}},
{"type":"Feature","geometry":{"type":"LineString","coordinates":[[-157.917,-21.956],[-157.902,-21.955],[-157.884,-21.957],[-157.876,-21.952],[-157.875,-21.936],[-157.891,-21.918],[-157.908,-21.893],[-157.913,-21.891],[-157.941,-21.897],[-157.951,-21.905],[-157.959,-21.925],[-157.961,-21.937],[-157.955,-21.947],[-157.933,-21.959],[-157.917,-21.956]]},"properties":{"fid":285,"name":"Mangaia","desc":"area=51.8 km2\ncountry=CK\nname=Mangaia\nname:de=Mangaia\nname:en=Mangaia\nplace=island\npopulation=744\nsource=OSM\ntype=multipolygon\nwikidata=Q1359323\nwikipedia=en:Mangaia","country":"Cook Islands"}},
{"type":"Feature","geometry":{"type":"MultiLineString","coordinates":[[[166.949,9.271],[166.928,9.283],[166.919,9.281],[166.91,9.283],[166.893,9.289],[166.884,9.309],[166.896,9.315],[166.913,9.315],[166.929,9.304],[166.934,9.309],[166.982,9.316],[166.992,9.319],[167.02,9.321],[167.042,9.33],[167.059,9.331],[167.066,9.336],[167.082,9.338],[167.095,9.342],[167.116,9.341],[167.128,9.336],[167.159,9.328],[167.169,9.323],[167.181,9.322],[167.186,9.317],[167.211,9.312],[167.233,9.302],[167.239,9.297],[167.249,9.295],[167.269,9.297],[167.283,9.296],[167.298,9.285],[167.308,9.285],[167.319,9.282],[167.336,9.286],[167.332,9.295],[167.314,9.289],[167.305,9.291],[167.286,9.302],[167.266,9.304],[167.257,9.304],[167.236,9.308],[167.212,9.321],[167.201,9.324],[167.194,9.323],[167.188,9.33],[167.158,9.337],[167.14,9.344],[167.107,9.351],[167.07,9.345],[167.056,9.339],[167.034,9.334],[167.027,9.33],[167.005,9.327],[166.99,9.327],[166.955,9.322],[166.932,9.322],[166.919,9.323],[166.897,9.322],[166.857,9.329],[166.835,9.337],[166.819,9.336],[166.815,9.333],[166.82,9.324],[166.835,9.317],[166.846,9.316],[166.874,9.306],[166.888,9.285],[166.909,9.277],[166.926,9.277],[166.944,9.268],[166.949,9.271]],[[166.834,9.322],[166.82,9.326],[166.828,9.331],[166.834,9.322]],[[167.52,9.059],[167.504,9.072],[167.498,9.067],[167.523,9.049],[167.529,9.054],[167.52,9.059]],[[167.417,9.115],[167.412,9.111],[167.43,9.101],[167.445,9.096],[167.474,9.082],[167.469,9.091],[167.458,9.098],[167.433,9.105],[167.417,9.115]],[[167.328,9.105],[167.339,9.101],[167.346,9.104],[167.359,9.114],[167.356,9.117],[167.342,9.107],[167.329,9.111],[167.328,9.105]],[[167.501,9.074],[167.491,9.083],[167.484,9.078],[167.496,9.07],[167.501,9.074]],[[167.581,8.969],[167.582,8.983],[167.579,8.993],[167.572,8.992],[167.576,8.97],[167.581,8.969]],[[167.577,8.965],[167.575,8.953],[167.569,8.927],[167.575,8.924],[167.579,8.959],[167.577,8.965]],[[167.576,8.92],[167.569,8.924],[167.568,8.904],[167.569,8.901],[167.569,8.872],[167.57,8.858],[167.578,8.843],[167.596,8.82],[167.6,8.825],[167.594,8.832],[167.574,8.864],[167.576,8.869],[167.577,8.895],[167.575,8.912],[167.576,8.92]],[[167.533,9.05],[167.537,9.043],[167.548,9.038],[167.556,9.03],[167.566,9.011],[167.569,9.016],[167.562,9.032],[167.553,9.038],[167.544,9.047],[167.533,9.05]],[[167.697,8.742],[167.665,8.767],[167.651,8.781],[167.635,8.793],[167.615,8.803],[167.605,8.818],[167.6,8.814],[167.61,8.798],[167.629,8.791],[167.642,8.783],[167.661,8.763],[167.678,8.749],[167.694,8.739],[167.697,8.742]],[[167.076,9.166],[167.068,9.161],[167.096,9.154],[167.124,9.155],[167.119,9.159],[167.1,9.158],[167.08,9.163],[167.076,9.166]],[[167.141,9.155],[167.167,9.145],[167.174,9.14],[167.194,9.135],[167.197,9.142],[167.181,9.144],[167.159,9.153],[167.141,9.155]],[[166.969,9.256],[166.962,9.254],[166.969,9.242],[166.985,9.233],[166.984,9.243],[166.974,9.247],[166.969,9.256]],[[166.946,9.266],[166.957,9.258],[166.961,9.264],[166.955,9.273],[166.946,9.266]],[[166.988,9.234],[166.988,9.228],[167.019,9.209],[167.034,9.188],[167.044,9.183],[167.059,9.166],[167.068,9.17],[167.059,9.178],[167.044,9.187],[167.027,9.208],[166.996,9.231],[166.988,9.234]],[[167.249,9.112],[167.243,9.108],[167.251,9.101],[167.262,9.099],[167.279,9.093],[167.296,9.095],[167.306,9.103],[167.321,9.105],[167.319,9.11],[167.308,9.108],[167.296,9.101],[167.282,9.098],[167.255,9.106],[167.249,9.112]],[[167.212,9.139],[167.21,9.13],[167.218,9.122],[167.239,9.11],[167.245,9.118],[167.225,9.125],[167.212,9.139]],[[167.409,9.338],[167.412,9.348],[167.386,9.345],[167.371,9.327],[167.36,9.318],[167.358,9.313],[167.347,9.303],[167.336,9.297],[167.342,9.29],[167.357,9.3],[167.365,9.312],[167.383,9.331],[167.394,9.338],[167.409,9.338]],[[167.446,9.359],[167.442,9.365],[167.426,9.35],[167.43,9.343],[167.446,9.359]],[[167.733,8.74],[167.729,8.73],[167.719,8.727],[167.715,8.733],[167.703,8.733],[167.715,8.719],[167.722,8.715],[167.737,8.717],[167.745,8.724],[167.744,8.732],[167.74,8.746],[167.744,8.773],[167.742,8.786],[167.737,8.797],[167.737,8.811],[167.739,8.831],[167.743,8.842],[167.754,8.861],[167.771,8.878],[167.774,8.89],[167.785,8.898],[167.769,8.92],[167.765,8.93],[167.754,8.952],[167.749,8.958],[167.733,8.99],[167.731,9.009],[167.724,9.013],[167.723,8.995],[167.727,8.981],[167.74,8.957],[167.75,8.942],[167.764,8.913],[167.769,8.902],[167.769,8.889],[167.766,8.878],[167.751,8.867],[167.742,8.854],[167.732,8.819],[167.73,8.797],[167.736,8.773],[167.733,8.74]],[[167.714,8.727],[167.727,8.722],[167.736,8.73],[167.74,8.722],[167.734,8.718],[167.718,8.718],[167.714,8.727]],[[167.722,9.016],[167.713,9.022],[167.712,9.014],[167.722,9.016]],[[167.728,9.026],[167.736,9.031],[167.748,9.048],[167.749,9.063],[167.747,9.076],[167.725,9.115],[167.714,9.125],[167.704,9.14],[167.695,9.147],[167.671,9.158],[167.658,9.165],[167.635,9.186],[167.627,9.197],[167.618,9.206],[167.602,9.217],[167.588,9.223],[167.578,9.231],[167.57,9.24],[167.56,9.258],[167.556,9.271],[167.546,9.283],[167.542,9.292],[167.527,9.308],[167.516,9.329],[167.514,9.341],[167.505,9.354],[167.5,9.369],[167.486,9.402],[167.471,9.406],[167.464,9.406],[167.457,9.389],[167.446,9.373],[167.45,9.364],[167.458,9.376],[167.468,9.387],[167.485,9.382],[167.494,9.358],[167.494,9.354],[167.507,9.336],[167.507,9.33],[167.519,9.303],[167.532,9.288],[167.536,9.286],[167.545,9.272],[167.553,9.252],[167.564,9.235],[167.575,9.222],[167.587,9.214],[167.6,9.209],[167.618,9.194],[167.644,9.165],[167.667,9.15],[167.688,9.141],[167.692,9.135],[167.702,9.13],[167.72,9.108],[167.734,9.082],[167.741,9.066],[167.739,9.045],[167.728,9.026]],[[167.465,9.401],[167.468,9.403],[167.482,9.4],[167.481,9.392],[167.471,9.395],[167.465,9.401]]]},"properties":{"fid":286,"name":"Kwajalein Atoll","desc":"ele=6\ngnis:county_id=150\ngnis:created=01/01/2000\ngnis:feature_id=1396907\ngnis:state_id=68\nname=Kwajalein Atoll\nname:hu=Kwajalein Atoll\nname:mh=Kuwajleen\nnatural=reef\nplace=island\npopulation=14500\nreef=coral\nsubsea=coral_reef\ntype=multipolygon\nwikidata=Q309172\nwikipedia=en:Kwajalein Atoll","country":"Marshall Islands"}},
{"type":"Feature","geometry":{"type":"LineString","coordinates":[[152.681,-9.139],[152.694,-9.146],[152.696,-9.154],[152.694,-9.163],[152.697,-9.168],[152.704,-9.164],[152.711,-9.175],[152.699,-9.186],[152.683,-9.187],[152.671,-9.194],[152.67,-9.201],[152.676,-9.214],[152.702,-9.22],[152.705,-9.223],[152.72,-9.227],[152.726,-9.249],[152.734,-9.258],[152.745,-9.257],[152.748,-9.241],[152.748,-9.229],[152.727,-9.212],[152.727,-9.206],[152.738,-9.197],[152.739,-9.184],[152.744,-9.179],[152.75,-9.2],[152.757,-9.21],[152.758,-9.223],[152.774,-9.226],[152.777,-9.222],[152.78,-9.209],[152.784,-9.212],[152.785,-9.232],[152.793,-9.231],[152.803,-9.234],[152.808,-9.254],[152.824,-9.254],[152.832,-9.262],[152.849,-9.252],[152.874,-9.253],[152.898,-9.248],[152.91,-9.236],[152.927,-9.226],[152.937,-9.225],[152.948,-9.229],[152.955,-9.237],[152.954,-9.245],[152.96,-9.248],[152.961,-9.256],[152.972,-9.251],[152.975,-9.243],[152.974,-9.235],[152.965,-9.223],[152.95,-9.212],[152.942,-9.21],[152.94,-9.201],[152.931,-9.199],[152.919,-9.201],[152.915,-9.192],[152.929,-9.19],[152.932,-9.181],[152.944,-9.176],[152.951,-9.178],[152.953,-9.185],[152.967,-9.196],[152.98,-9.199],[152.994,-9.187],[152.993,-9.181],[152.986,-9.179],[152.987,-9.171],[152.992,-9.162],[153.009,-9.15],[153,-9.143],[152.98,-9.135],[152.974,-9.127],[152.968,-9.131],[152.957,-9.124],[152.95,-9.127],[152.946,-9.121],[152.949,-9.112],[152.951,-9.094],[152.948,-9.083],[152.941,-9.085],[152.931,-9.08],[152.918,-9.069],[152.909,-9.073],[152.894,-9.085],[152.886,-9.085],[152.881,-9.075],[152.873,-9.072],[152.86,-9.075],[152.847,-9.07],[152.836,-9.072],[152.832,-9.053],[152.835,-9.043],[152.833,-9.032],[152.825,-9.027],[152.813,-9.024],[152.807,-9.019],[152.808,-9.011],[152.794,-9.005],[152.78,-9.004],[152.757,-9.013],[152.745,-9.024],[152.732,-9.024],[152.726,-9.014],[152.709,-9.013],[152.696,-9.008],[152.682,-9.008],[152.672,-8.999],[152.655,-8.998],[152.645,-8.991],[152.62,-8.986],[152.617,-8.984],[152.583,-8.987],[152.575,-8.991],[152.556,-8.99],[152.552,-8.995],[152.544,-8.996],[152.532,-8.991],[152.513,-8.994],[152.508,-8.997],[152.501,-9.009],[152.482,-9.032],[152.466,-9.04],[152.477,-9.045],[152.509,-9.038],[152.526,-9.045],[152.534,-9.043],[152.543,-9.047],[152.56,-9.057],[152.572,-9.073],[152.579,-9.076],[152.593,-9.07],[152.599,-9.072],[152.606,-9.086],[152.613,-9.091],[152.62,-9.092],[152.635,-9.109],[152.65,-9.115],[152.66,-9.111],[152.661,-9.105],[152.675,-9.098],[152.684,-9.088],[152.701,-9.088],[152.704,-9.094],[152.701,-9.101],[152.682,-9.104],[152.672,-9.116],[152.667,-9.127],[152.668,-9.141],[152.681,-9.139]]},"properties":{"fid":287,"name":"Woodlark Island","desc":"alt_name=Muyua Island\nalt_name:ru=Муйуа\ngns:dsg=ISL\ngns:uni=-3039887\nname=Woodlark Island\nname:cs=Woodlark\nname:ru=Вудларк\nplace=island\nsource=GNS\ntype=multipolygon\nwikidata=Q1304737","country":"Papua New Guinea"}},
{"type":"Feature","geometry":{"type":"LineString","coordinates":[[153.487,-11.455],[153.474,-11.452],[153.472,-11.446],[153.46,-11.441],[153.448,-11.438],[153.442,-11.44],[153.421,-11.428],[153.412,-11.427],[153.398,-11.416],[153.383,-11.414],[153.376,-11.41],[153.361,-11.408],[153.342,-11.398],[153.332,-11.388],[153.322,-11.384],[153.317,-11.376],[153.296,-11.375],[153.293,-11.368],[153.286,-11.363],[153.276,-11.368],[153.263,-11.366],[153.253,-11.36],[153.239,-11.345],[153.23,-11.344],[153.214,-11.327],[153.204,-11.323],[153.194,-11.325],[153.192,-11.332],[153.183,-11.343],[153.176,-11.344],[153.172,-11.351],[153.173,-11.368],[153.178,-11.378],[153.186,-11.382],[153.186,-11.392],[153.19,-11.396],[153.202,-11.399],[153.211,-11.397],[153.216,-11.402],[153.205,-11.414],[153.215,-11.427],[153.219,-11.436],[153.228,-11.431],[153.246,-11.429],[153.257,-11.437],[153.253,-11.445],[153.259,-11.456],[153.265,-11.462],[153.272,-11.462],[153.297,-11.471],[153.3,-11.478],[153.275,-11.495],[153.268,-11.495],[153.268,-11.504],[153.276,-11.505],[153.289,-11.5],[153.306,-11.487],[153.318,-11.491],[153.324,-11.497],[153.337,-11.499],[153.343,-11.49],[153.361,-11.494],[153.36,-11.503],[153.35,-11.513],[153.348,-11.521],[153.348,-11.536],[153.357,-11.543],[153.353,-11.553],[153.359,-11.559],[153.369,-11.555],[153.395,-11.562],[153.406,-11.561],[153.414,-11.567],[153.422,-11.568],[153.423,-11.557],[153.41,-11.551],[153.412,-11.543],[153.436,-11.555],[153.436,-11.565],[153.447,-11.556],[153.449,-11.55],[153.458,-11.553],[153.457,-11.559],[153.463,-11.562],[153.471,-11.575],[153.449,-11.587],[153.464,-11.592],[153.484,-11.594],[153.483,-11.589],[153.49,-11.585],[153.505,-11.593],[153.514,-11.596],[153.515,-11.604],[153.527,-11.616],[153.538,-11.616],[153.554,-11.608],[153.559,-11.618],[153.556,-11.623],[153.557,-11.633],[153.546,-11.636],[153.527,-11.635],[153.531,-11.645],[153.548,-11.648],[153.557,-11.648],[153.584,-11.619],[153.592,-11.618],[153.602,-11.625],[153.61,-11.621],[153.624,-11.621],[153.632,-11.618],[153.638,-11.62],[153.641,-11.628],[153.652,-11.629],[153.656,-11.637],[153.67,-11.64],[153.676,-11.636],[153.672,-11.628],[153.674,-11.622],[153.691,-11.624],[153.702,-11.63],[153.711,-11.618],[153.721,-11.622],[153.728,-11.618],[153.737,-11.621],[153.748,-11.616],[153.764,-11.626],[153.768,-11.624],[153.776,-11.613],[153.775,-11.602],[153.768,-11.596],[153.746,-11.572],[153.746,-11.562],[153.728,-11.558],[153.709,-11.543],[153.695,-11.515],[153.686,-11.511],[153.678,-11.514],[153.66,-11.503],[153.647,-11.496],[153.636,-11.499],[153.625,-11.498],[153.617,-11.491],[153.609,-11.492],[153.599,-11.488],[153.585,-11.485],[153.562,-11.477],[153.54,-11.479],[153.526,-11.47],[153.517,-11.469],[153.503,-11.463],[153.494,-11.464],[153.487,-11.455]]},"properties":{"fid":288,"name":"Tagula Island","desc":"alt_name=Vanatinai Island;Sudest Island\ngns:dsg=ISL\ngns:uni=-3046105\nis_in:state=Milne Bay Province\nname=Tagula Island\nname:ru=остров Тагула\nplace=island\nsource=GNS\ntype=multipolygon\nwikipedia=en:Tagula Island","country":"Papua New Guinea"}},
{"type":"Feature","geometry":{"type":"LineString","coordinates":[[150.869,-10.535],[150.858,-10.551],[150.851,-10.555],[150.842,-10.555],[150.833,-10.549],[150.821,-10.549],[150.815,-10.538],[150.806,-10.534],[150.793,-10.541],[150.793,-10.554],[150.805,-10.571],[150.812,-10.573],[150.813,-10.583],[150.825,-10.589],[150.828,-10.596],[150.843,-10.608],[150.855,-10.611],[150.864,-10.616],[150.864,-10.628],[150.873,-10.636],[150.866,-10.646],[150.856,-10.645],[150.846,-10.637],[150.837,-10.641],[150.835,-10.632],[150.819,-10.629],[150.805,-10.629],[150.791,-10.623],[150.786,-10.615],[150.772,-10.605],[150.764,-10.604],[150.765,-10.617],[150.786,-10.624],[150.789,-10.64],[150.794,-10.645],[150.803,-10.64],[150.813,-10.639],[150.829,-10.643],[150.837,-10.647],[150.842,-10.654],[150.849,-10.649],[150.862,-10.655],[150.866,-10.65],[150.875,-10.655],[150.882,-10.652],[150.891,-10.658],[150.897,-10.654],[150.898,-10.647],[150.892,-10.632],[150.884,-10.624],[150.894,-10.604],[150.886,-10.596],[150.888,-10.577],[150.896,-10.572],[150.901,-10.561],[150.894,-10.55],[150.881,-10.539],[150.869,-10.535]]},"properties":{"fid":289,"name":"Sideia Island","desc":"gns:dsg=ISL\ngns:uni=-3044950\nname=Sideia Island\nplace=island\nsource=GNS\ntype=multipolygon\nwikidata=Q2197927","country":"Papua New Guinea"}},
{"type":"Feature","geometry":{"type":"LineString","coordinates":[[-175.032,-19.772],[-175.028,-19.758],[-175.033,-19.741],[-175.042,-19.727],[-175.049,-19.714],[-175.067,-19.712],[-175.083,-19.708],[-175.094,-19.715],[-175.101,-19.728],[-175.108,-19.755],[-175.105,-19.76],[-175.093,-19.769],[-175.087,-19.777],[-175.074,-19.788],[-175.064,-19.789],[-175.041,-19.785],[-175.032,-19.772]]},"properties":{"fid":291,"name":"Tofua","desc":"name=Tofua\nplace=island\ntype=multipolygon\nwikidata=Q1414448\nwikipedia=en:Tofua","country":"Tonga"}},
{"type":"Feature","geometry":{"type":"LineString","coordinates":[[173.543,0.178],[173.564,0.17],[173.58,0.171],[173.567,0.186],[173.543,0.189],[173.537,0.182],[173.543,0.178]]},"properties":{"fid":293,"name":"Tekaeang","desc":"name=Tekaeang\nplace=island\ntype=multipolygon","country":"Kiribati"}},
{"type":"Feature","geometry":{"type":"LineString","coordinates":[[167.193,-9.891],[167.188,-9.876],[167.19,-9.872],[167.173,-9.857],[167.163,-9.855],[167.161,-9.863],[167.167,-9.87],[167.166,-9.878],[167.177,-9.894],[167.191,-9.897],[167.193,-9.891]]},"properties":{"fid":296,"name":"Taumako","desc":"name=Taumako\nplace=island\ntype=multipolygon\nwikidata=Q4452750\nwikipedia=en:Taumako","country":"Solomon Islands"}},
{"type":"Feature","geometry":{"type":"LineString","coordinates":[[-179.942,-15.73],[-179.923,-15.742],[-179.917,-15.751],[-179.907,-15.758],[-179.887,-15.755],[-179.894,-15.747],[-179.909,-15.737],[-179.931,-15.725],[-179.936,-15.726],[-179.952,-15.719],[-179.98,-15.714],[-179.973,-15.726],[-179.956,-15.729],[-179.946,-15.727],[-179.942,-15.73]]},"properties":{"fid":298,"name":"Cikobia","desc":"name=Cikobia\nname:en=Thikombia Island\nname:fj=Cikobia\nname:no=Thikombiaøya\nplace=island\ntype=multipolygon\nwikidata=Q24571084","country":null}},
{"type":"Feature","geometry":{"type":"LineString","coordinates":[[159.833,-11.308],[159.823,-11.3],[159.809,-11.295],[159.792,-11.285],[159.773,-11.282],[159.759,-11.274],[159.753,-11.273],[159.758,-11.287],[159.766,-11.295],[159.788,-11.307],[159.799,-11.311],[159.817,-11.314],[159.834,-11.313],[159.833,-11.308]]},"properties":{"fid":299,"name":"Bellona Island","desc":"name=Bellona Island\nname:en=Bellona Island\nname:ru=Беллона\nplace=island\ntype=multipolygon\nwikidata=Q816036\nwikipedia=en:Bellona Island","country":"Solomon Islands"}},
{"type":"Feature","geometry":{"type":"LineString","coordinates":[[153.233,-11.316],[153.246,-11.315],[153.256,-11.309],[153.261,-11.3],[153.254,-11.291],[153.246,-11.293],[153.249,-11.305],[153.245,-11.31],[153.238,-11.308],[153.233,-11.316]]},"properties":{"fid":300,"name":"Nimoa Island","desc":"gns:dsg=ISL\ngns:uni=-3040706\nname=Nimoa Island\nplace=island\nsource=GNS\ntype=multipolygon\nwikidata=Q25059204\nwikipedia=en:Nimoa Island","country":"Papua New Guinea"}},
{"type":"Feature","geometry":{"type":"LineString","coordinates":[[-169.503,-14.249],[-169.497,-14.265],[-169.493,-14.271],[-169.483,-14.268],[-169.473,-14.257],[-169.463,-14.249],[-169.449,-14.249],[-169.438,-14.255],[-169.424,-14.257],[-169.419,-14.219],[-169.428,-14.211],[-169.439,-14.214],[-169.454,-14.212],[-169.468,-14.216],[-169.489,-14.215],[-169.511,-14.22],[-169.518,-14.22],[-169.513,-14.238],[-169.503,-14.249]]},"properties":{"fid":301,"name":"Taʻū","desc":"name=Taʻū\nname:be=Востраў Таў\nname:en=Tau Island\nname:sm=Taʻū\nplace=island\ntype=multipolygon\nwikidata=Q21847427\nwikipedia=en:Tau, American Samoa","country":"American Samoa"}},
{"type":"Feature","geometry":{"type":"LineString","coordinates":[[-171.028,-11.007],[-171.036,-11.003],[-171.075,-10.997],[-171.095,-10.998],[-171.111,-11.004],[-171.126,-11.016],[-171.137,-11.03],[-171.141,-11.046],[-171.141,-11.074],[-171.134,-11.091],[-171.121,-11.101],[-171.098,-11.108],[-171.074,-11.11],[-171.049,-11.109],[-171.032,-11.105],[-171.02,-11.095],[-171.011,-11.078],[-171.012,-11.059],[-171.014,-11.024],[-171.019,-11.012],[-171.028,-11.007]]},"properties":{"fid":302,"name":"Swains Island","desc":"admin_level=6\nalt_name=Olohega\nboundary=administrative\nele=15\ngnis:county_id=040\ngnis:created=02/06/1981\ngnis:feature_id=1388633\ngnis:state_id=60\nis_in:archipelago=Tokelau\nname=Swains Island\nname:en=Swains Island\nname:sm=Olosega\nname:tkl=Olohega\nnote=In a Territory (like American Samoa), administrative divisions are \"Municipalities\" as Districts and Unorganized Atolls (admin_level=6), Counties (admin_level=7) and Village (admin_level=8)\nold_name=Quiros Island\nplace=island\ntype=boundary\nwikidata=Q1128488\nwikipedia=en:Swains Island","country":"American Samoa"}},
{"type":"Feature","geometry":{"type":"LineString","coordinates":[[167.418,-22.571],[167.425,-22.589],[167.419,-22.606],[167.428,-22.626],[167.428,-22.633],[167.419,-22.636],[167.422,-22.648],[167.43,-22.649],[167.441,-22.662],[167.448,-22.662],[167.482,-22.675],[167.493,-22.675],[167.5,-22.67],[167.51,-22.658],[167.52,-22.656],[167.524,-22.649],[167.521,-22.638],[167.515,-22.634],[167.517,-22.618],[167.52,-22.608],[167.532,-22.6],[167.533,-22.608],[167.528,-22.62],[167.544,-22.63],[167.547,-22.636],[167.555,-22.632],[167.558,-22.616],[167.547,-22.596],[167.53,-22.584],[167.528,-22.576],[167.517,-22.577],[167.511,-22.569],[167.509,-22.557],[167.495,-22.559],[167.466,-22.542],[167.459,-22.542],[167.445,-22.535],[167.439,-22.544],[167.42,-22.552],[167.417,-22.556],[167.418,-22.571]]},"properties":{"fid":312,"name":"Île des Pins","desc":"alt_name=Kounié\nname=Île des Pins\nname:de=Pinieninsel\nname:en=Isle of Pines\nname:es=Isla de Los Pinos\nname:fr=Île des Pins\nname:it=Isola dei Pini\nplace=island\ntype=multipolygon\nwikidata=Q9718\nwikipedia=fr:Île des Pins","country":"New Caledonia"}},
{"type":"Feature","geometry":{"type":"LineString","coordinates":[[143.418,-8.974],[143.409,-8.982],[143.39,-8.993],[143.376,-9.016],[143.377,-9.021],[143.392,-9.028],[143.401,-9.037],[143.405,-9.036],[143.41,-9.024],[143.419,-9.019],[143.433,-9.028],[143.441,-9.019],[143.447,-9.001],[143.451,-8.981],[143.448,-8.973],[143.437,-8.967],[143.429,-8.973],[143.418,-8.974]]},"properties":{"fid":317,"name":"Parama Island","desc":"name=Parama Island\nplace=island\ntype=multipolygon\nwikidata=Q2051661","country":"Papua New Guinea"}},
{"type":"Feature","geometry":{"type":"LineString","coordinates":[[147.211,-5.396],[147.204,-5.388],[147.2,-5.363],[147.206,-5.356],[147.217,-5.354],[147.212,-5.345],[147.205,-5.344],[147.205,-5.328],[147.194,-5.322],[147.196,-5.313],[147.187,-5.313],[147.178,-5.297],[147.175,-5.285],[147.181,-5.277],[147.181,-5.267],[147.175,-5.257],[147.164,-5.259],[147.149,-5.245],[147.133,-5.242],[147.128,-5.233],[147.106,-5.208],[147.093,-5.204],[147.066,-5.221],[147.052,-5.234],[147.041,-5.237],[147.033,-5.244],[147.025,-5.246],[147.005,-5.244],[146.996,-5.252],[146.988,-5.279],[146.995,-5.284],[147,-5.295],[146.993,-5.312],[147.003,-5.317],[147.004,-5.338],[146.995,-5.349],[146.998,-5.358],[147.01,-5.364],[147.021,-5.363],[147.032,-5.363],[147.032,-5.374],[147.054,-5.383],[147.067,-5.394],[147.09,-5.409],[147.11,-5.436],[147.12,-5.441],[147.133,-5.442],[147.14,-5.438],[147.147,-5.427],[147.165,-5.414],[147.171,-5.415],[147.181,-5.411],[147.196,-5.414],[147.212,-5.408],[147.217,-5.404],[147.211,-5.396]]},"properties":{"fid":318,"name":"Long Island","desc":"name=Long Island\nplace=island\ntype=multipolygon\nwikidata=Q1266916","country":"Papua New Guinea"}},
{"type":"Feature","geometry":{"type":"LineString","coordinates":[[150.803,-2.948],[150.796,-2.951],[150.777,-2.952],[150.767,-2.961],[150.76,-2.973],[150.745,-2.982],[150.751,-2.992],[150.781,-2.978],[150.79,-2.972],[150.8,-2.979],[150.809,-2.968],[150.817,-2.97],[150.822,-2.965],[150.811,-2.961],[150.82,-2.953],[150.828,-2.961],[150.845,-2.967],[150.855,-2.96],[150.859,-2.969],[150.876,-2.969],[150.881,-2.963],[150.896,-2.963],[150.9,-2.972],[150.908,-2.975],[150.923,-2.972],[150.929,-2.976],[150.953,-2.966],[150.967,-2.968],[150.967,-2.978],[150.982,-2.978],[150.993,-2.976],[150.996,-2.967],[150.994,-2.958],[150.977,-2.959],[150.958,-2.957],[150.957,-2.943],[150.95,-2.941],[150.938,-2.926],[150.927,-2.922],[150.916,-2.922],[150.902,-2.917],[150.894,-2.908],[150.88,-2.905],[150.87,-2.914],[150.866,-2.907],[150.858,-2.91],[150.844,-2.925],[150.841,-2.931],[150.817,-2.936],[150.803,-2.948]]},"properties":{"fid":319,"name":"Dyaul Island","desc":"name=Dyaul Island\nplace=island\ntype=multipolygon\nwikidata=Q1268601","country":"Papua New Guinea"}},
{"type":"Feature","geometry":{"type":"LineString","coordinates":[[154.603,-5.392],[154.602,-5.404],[154.599,-5.413],[154.609,-5.435],[154.614,-5.438],[154.614,-5.447],[154.618,-5.46],[154.629,-5.448],[154.635,-5.444],[154.636,-5.42],[154.65,-5.408],[154.657,-5.414],[154.653,-5.419],[154.647,-5.435],[154.655,-5.444],[154.668,-5.436],[154.681,-5.421],[154.685,-5.407],[154.681,-5.388],[154.692,-5.372],[154.687,-5.36],[154.686,-5.345],[154.694,-5.316],[154.692,-5.304],[154.697,-5.29],[154.698,-5.275],[154.706,-5.259],[154.709,-5.249],[154.711,-5.23],[154.709,-5.221],[154.713,-5.199],[154.712,-5.181],[154.698,-5.165],[154.675,-5.157],[154.672,-5.152],[154.67,-5.132],[154.671,-5.115],[154.679,-5.088],[154.678,-5.084],[154.666,-5.069],[154.656,-5.05],[154.652,-5.035],[154.652,-5.026],[154.648,-5.015],[154.626,-5.002],[154.617,-5.002],[154.605,-5.006],[154.6,-5.01],[154.584,-5.031],[154.567,-5.049],[154.555,-5.058],[154.544,-5.07],[154.53,-5.091],[154.51,-5.123],[154.508,-5.131],[154.525,-5.129],[154.542,-5.108],[154.553,-5.099],[154.562,-5.1],[154.57,-5.109],[154.567,-5.115],[154.573,-5.123],[154.557,-5.135],[154.56,-5.146],[154.571,-5.15],[154.565,-5.159],[154.566,-5.17],[154.561,-5.176],[154.566,-5.182],[154.568,-5.198],[154.572,-5.206],[154.563,-5.218],[154.552,-5.218],[154.553,-5.239],[154.557,-5.249],[154.556,-5.272],[154.56,-5.288],[154.566,-5.296],[154.565,-5.302],[154.572,-5.316],[154.573,-5.326],[154.578,-5.33],[154.576,-5.339],[154.579,-5.357],[154.587,-5.367],[154.592,-5.381],[154.603,-5.392]]},"properties":{"fid":320,"name":"Buka","desc":"gns:dsg=ISL\ngns:uni=-3026726\nis_in:country=Papua New Guinea\nis_in:country_code=PG\nis_in:state=Bougainville Autonomous Region\nname=Buka\nname:ru=Бука\nplace=island\nsource=GNS\ntype=multipolygon\nwikidata=Q860540","country":"Papua New Guinea"}},
{"type":"Feature","geometry":{"type":"LineString","coordinates":[[148.088,-5.648],[148.084,-5.635],[148.074,-5.626],[148.071,-5.615],[148.047,-5.582],[148.032,-5.575],[148.028,-5.567],[148.012,-5.559],[148.011,-5.555],[147.981,-5.543],[147.968,-5.533],[147.959,-5.535],[147.935,-5.533],[147.924,-5.526],[147.911,-5.53],[147.892,-5.524],[147.879,-5.512],[147.876,-5.501],[147.868,-5.495],[147.859,-5.484],[147.855,-5.482],[147.849,-5.471],[147.842,-5.465],[147.833,-5.466],[147.826,-5.462],[147.813,-5.46],[147.792,-5.465],[147.786,-5.458],[147.771,-5.463],[147.773,-5.469],[147.755,-5.491],[147.749,-5.502],[147.753,-5.507],[147.749,-5.524],[147.755,-5.543],[147.757,-5.561],[147.754,-5.57],[147.759,-5.577],[147.756,-5.585],[147.76,-5.611],[147.773,-5.617],[147.777,-5.632],[147.781,-5.632],[147.786,-5.642],[147.793,-5.647],[147.793,-5.655],[147.8,-5.663],[147.799,-5.67],[147.813,-5.669],[147.827,-5.681],[147.841,-5.688],[147.85,-5.69],[147.859,-5.696],[147.86,-5.707],[147.867,-5.711],[147.86,-5.724],[147.861,-5.741],[147.867,-5.746],[147.89,-5.751],[147.902,-5.769],[147.914,-5.767],[147.928,-5.776],[147.933,-5.769],[147.947,-5.777],[147.958,-5.781],[147.963,-5.789],[147.971,-5.788],[147.979,-5.801],[147.985,-5.802],[147.986,-5.812],[147.998,-5.831],[148.012,-5.829],[148.018,-5.823],[148.017,-5.81],[148.023,-5.811],[148.033,-5.819],[148.038,-5.805],[148.037,-5.797],[148.039,-5.786],[148.057,-5.765],[148.068,-5.717],[148.068,-5.708],[148.079,-5.671],[148.081,-5.661],[148.088,-5.648]]},"properties":{"fid":321,"name":"Umboi Island","desc":"gns:dsg=ISL\ngns:uni=-3047984\nis_in:country=Papua New Guinea\nis_in:country_code=PG\nis_in:state=Morobe Province\nname=Umboi Island\nname:de=Umboi\nname:en=Umboi Island\nold_name:de=Ruk Insel\nplace=island\nsource=GNS\ntype=multipolygon","country":"Papua New Guinea"}},
{"type":"Feature","geometry":{"type":"LineString","coordinates":[[150.609,-2.691],[150.607,-2.684],[150.599,-2.679],[150.585,-2.684],[150.577,-2.683],[150.565,-2.671],[150.551,-2.671],[150.538,-2.664],[150.528,-2.666],[150.523,-2.675],[150.532,-2.681],[150.55,-2.686],[150.561,-2.693],[150.566,-2.704],[150.577,-2.718],[150.581,-2.727],[150.587,-2.73],[150.59,-2.71],[150.609,-2.691]]},"properties":{"fid":322,"name":"Selapiu Island","desc":"gns:dsg=ISL\ngns:uni=-3044665\nis_in:country=Papua New Guinea\nis_in:country_code=PG\nis_in:state=New Ireland Province\nname=Selapiu Island\nplace=island\nsource=GNS\ntype=multipolygon\nwikidata=Q7447494\nwikipedia=en:Selapiu Island","country":"Papua New Guinea"}},
{"type":"Feature","geometry":{"type":"LineString","coordinates":[[150.629,-2.709],[150.629,-2.721],[150.64,-2.726],[150.657,-2.741],[150.664,-2.739],[150.674,-2.744],[150.68,-2.751],[150.688,-2.755],[150.714,-2.751],[150.715,-2.745],[150.705,-2.74],[150.687,-2.734],[150.683,-2.723],[150.678,-2.718],[150.666,-2.716],[150.649,-2.707],[150.632,-2.706],[150.629,-2.709]]},"properties":{"fid":323,"name":"Baudisson Island","desc":"is_in:country=Papua New Guinea\nis_in:state=New Ireland Province\nname=Baudisson Island\nplace=island\nsource=GNS\ntype=multipolygon\nwikidata=Q4873437\nwikipedia=en:Baudisson Island","country":"Papua New Guinea"}},
{"type":"Feature","geometry":{"type":"LineString","coordinates":[[150.027,-1.67],[150.016,-1.674],[150.002,-1.676],[149.987,-1.67],[149.98,-1.665],[149.981,-1.652],[149.978,-1.638],[149.954,-1.625],[149.954,-1.633],[149.958,-1.644],[149.953,-1.66],[149.946,-1.663],[149.935,-1.658],[149.927,-1.652],[149.912,-1.646],[149.908,-1.654],[149.916,-1.662],[149.919,-1.67],[149.911,-1.679],[149.941,-1.689],[149.935,-1.677],[149.94,-1.669],[149.945,-1.673],[149.959,-1.672],[149.958,-1.678],[149.972,-1.684],[149.991,-1.687],[150.006,-1.688],[150.016,-1.685],[150.027,-1.67]]},"properties":{"fid":324,"name":"Emirau Island","desc":"is_in:country=Papua New Guinea\nis_in:state=New Ireland Province\nname=Emirau Island\nplace=island\ntype=multipolygon\nwikidata=Q1337856","country":"Papua New Guinea"}},
{"type":"Feature","geometry":{"type":"LineString","coordinates":[[149.543,-1.319],[149.543,-1.342],[149.547,-1.358],[149.532,-1.366],[149.52,-1.387],[149.525,-1.392],[149.521,-1.401],[149.506,-1.419],[149.507,-1.428],[149.516,-1.442],[149.532,-1.447],[149.54,-1.447],[149.551,-1.453],[149.552,-1.462],[149.568,-1.473],[149.581,-1.49],[149.591,-1.494],[149.614,-1.507],[149.625,-1.52],[149.63,-1.522],[149.643,-1.517],[149.653,-1.518],[149.656,-1.505],[149.655,-1.499],[149.665,-1.498],[149.669,-1.514],[149.68,-1.525],[149.68,-1.53],[149.691,-1.542],[149.695,-1.539],[149.695,-1.529],[149.706,-1.521],[149.709,-1.527],[149.719,-1.534],[149.73,-1.534],[149.732,-1.528],[149.75,-1.521],[149.745,-1.512],[149.73,-1.497],[149.717,-1.492],[149.721,-1.48],[149.709,-1.467],[149.711,-1.459],[149.704,-1.445],[149.697,-1.44],[149.695,-1.432],[149.697,-1.421],[149.689,-1.4],[149.679,-1.386],[149.669,-1.382],[149.636,-1.354],[149.614,-1.349],[149.61,-1.34],[149.581,-1.321],[149.567,-1.32],[149.548,-1.315],[149.543,-1.319]]},"properties":{"fid":325,"name":"Mussau Island","desc":"alt_name:de=St. Matthias-Insel;Prinz-William-Henry-Insel\ngns:dsg=ISL\ngns:uni=-3039868\nis_in:state=New Ireland Province\nname=Mussau Island\nname:ru=Муссау\nplace=island\nsource=GNS\ntype=multipolygon\nwikidata=Q1589522\nwikipedia=en:Mussau Island","country":"Papua New Guinea"}},
{"type":"Feature","geometry":{"type":"LineString","coordinates":[[145.974,-4.745],[145.979,-4.741],[145.994,-4.743],[146.042,-4.72],[146.053,-4.706],[146.055,-4.696],[146.05,-4.69],[146.053,-4.679],[146.06,-4.678],[146.057,-4.665],[146.064,-4.66],[146.067,-4.645],[146.061,-4.638],[146.06,-4.627],[146.066,-4.609],[146.061,-4.597],[146.062,-4.582],[146.046,-4.566],[146.042,-4.552],[146.025,-4.543],[146.021,-4.537],[146.005,-4.531],[145.998,-4.522],[145.984,-4.522],[145.975,-4.528],[145.967,-4.529],[145.954,-4.538],[145.95,-4.547],[145.938,-4.554],[145.928,-4.563],[145.92,-4.567],[145.916,-4.576],[145.91,-4.578],[145.906,-4.59],[145.901,-4.589],[145.893,-4.608],[145.894,-4.613],[145.889,-4.634],[145.885,-4.638],[145.881,-4.65],[145.883,-4.701],[145.888,-4.71],[145.888,-4.728],[145.903,-4.733],[145.908,-4.741],[145.926,-4.754],[145.945,-4.754],[145.967,-4.751],[145.974,-4.745]]},"properties":{"fid":327,"name":"Karkar","desc":"alt_name=Dampier Island\nname=Karkar\nname:en=Karkar Island\nplace=island\ntype=multipolygon\nwikidata=Q720720","country":"Papua New Guinea"}},
{"type":"Feature","geometry":{"type":"LineString","coordinates":[[-157.722,-19.865],[-157.723,-19.878],[-157.719,-19.888],[-157.713,-19.896],[-157.706,-19.896],[-157.686,-19.887],[-157.682,-19.883],[-157.68,-19.855],[-157.684,-19.847],[-157.71,-19.839],[-157.719,-19.844],[-157.722,-19.865]]},"properties":{"fid":328,"name":"Mitiaro","desc":"name=Mitiaro\nplace=island\ntype=multipolygon\nwikidata=Q596542\nwikipedia=en:Mitiaro","country":"Cook Islands"}},
{"type":"Feature","geometry":{"type":"LineString","coordinates":[[-157.917,-21.956],[-157.902,-21.955],[-157.884,-21.957],[-157.876,-21.952],[-157.875,-21.936],[-157.891,-21.918],[-157.908,-21.893],[-157.913,-21.891],[-157.941,-21.897],[-157.951,-21.905],[-157.959,-21.925],[-157.961,-21.937],[-157.955,-21.947],[-157.933,-21.959],[-157.917,-21.956]]},"properties":{"fid":332,"name":"Mangaia island","desc":"name=Mangaia island\nplace=island\ntype=multipolygon\nwikipedia=en:Mangaia","country":"Cook Islands"}},
{"type":"Feature","geometry":{"type":"LineString","coordinates":[[177.425,-17.732],[177.426,-17.732]]},"properties":{"fid":333,"name":"Naisoso Island","desc":"name=Naisoso Island\nplace=islet\ntype=multipolygon","country":"Fiji"}},
{"type":"Feature","geometry":{"type":"LineString","coordinates":[[158.269,-8.761],[158.267,-8.767],[158.276,-8.779],[158.288,-8.782],[158.298,-8.774],[158.296,-8.757],[158.285,-8.755],[158.269,-8.761]]},"properties":{"fid":334,"name":"Mbulo Island","desc":"name=Mbulo Island\nplace=island\ntype=multipolygon\nwikidata=Q6799807\nwikipedia=en:Mbulo Island","country":"Solomon Islands"}},
{"type":"Feature","geometry":{"type":"LineString","coordinates":[[160.09,-8.95],[160.07,-8.948],[160.065,-8.958],[160.079,-8.972],[160.068,-8.991],[160.065,-8.999],[160.054,-9.01],[160.056,-9.019],[160.067,-9.032],[160.076,-9.026],[160.075,-9.004],[160.077,-8.999],[160.088,-8.993],[160.095,-8.979],[160.102,-8.984],[160.096,-8.991],[160.109,-9.003],[160.114,-8.99],[160.114,-8.974],[160.108,-8.967],[160.099,-8.964],[160.09,-8.95]]},"properties":{"fid":335,"name":"Mbokonumbeta","desc":"name=Mbokonumbeta\nplace=island\ntype=multipolygon\nwikidata=Q49657846","country":"Solomon Islands"}},
{"type":"Feature","geometry":{"type":"LineString","coordinates":[[168.151,-16.758],[168.155,-16.765],[168.155,-16.777],[168.161,-16.783],[168.173,-16.788],[168.179,-16.805],[168.203,-16.81],[168.22,-16.811],[168.239,-16.823],[168.26,-16.822],[168.262,-16.813],[168.27,-16.805],[168.279,-16.803],[168.302,-16.788],[168.311,-16.785],[168.329,-16.786],[168.347,-16.783],[168.36,-16.785],[168.368,-16.796],[168.386,-16.797],[168.395,-16.812],[168.407,-16.812],[168.426,-16.82],[168.45,-16.835],[168.463,-16.838],[168.468,-16.834],[168.478,-16.834],[168.481,-16.825],[168.473,-16.816],[168.474,-16.8],[168.476,-16.796],[168.471,-16.779],[168.462,-16.77],[168.448,-16.762],[168.435,-16.762],[168.418,-16.777],[168.411,-16.779],[168.4,-16.776],[168.38,-16.774],[168.369,-16.767],[168.355,-16.753],[168.357,-16.741],[168.353,-16.735],[168.342,-16.738],[168.334,-16.732],[168.334,-16.725],[168.327,-16.714],[168.318,-16.689],[168.306,-16.68],[168.299,-16.681],[168.288,-16.677],[168.254,-16.689],[168.243,-16.679],[168.235,-16.664],[168.234,-16.651],[168.237,-16.644],[168.234,-16.639],[168.223,-16.633],[168.224,-16.619],[168.222,-16.612],[168.207,-16.602],[168.211,-16.591],[168.2,-16.581],[168.192,-16.567],[168.181,-16.565],[168.176,-16.573],[168.171,-16.571],[168.153,-16.573],[168.16,-16.587],[168.167,-16.597],[168.159,-16.601],[168.161,-16.613],[168.15,-16.626],[168.134,-16.64],[168.131,-16.651],[168.128,-16.683],[168.12,-16.686],[168.13,-16.712],[168.137,-16.719],[168.146,-16.724],[168.151,-16.735],[168.151,-16.758]]},"properties":{"fid":336,"name":"Epi","desc":"name=Epi\nname:en=Epi Island\nname:fr=Ile Épi\nplace=island\npopulation=5207\npopulation:date=2009\npopulation:source=National Population and Housing Census\ntype=multipolygon\nwikidata=Q287248\nwikipedia=en:Epi (island)","country":"Vanuatu"}},
{"type":"Feature","geometry":{"type":"LineString","coordinates":[[155.887,-7.096],[155.884,-7.102],[155.874,-7.109],[155.878,-7.124],[155.888,-7.118],[155.891,-7.1],[155.887,-7.096]]},"properties":{"fid":337,"name":"Pirumeri Island","desc":"name=Pirumeri Island\nplace=island\ntype=multipolygon\nwikidata=Q49669661","country":"Solomon Islands"}},
{"type":"Feature","geometry":{"type":"LineString","coordinates":[[160.107,-9.049],[160.095,-9.041],[160.085,-9.044],[160.072,-9.042],[160.062,-9.045],[160.07,-9.054],[160.087,-9.058],[160.084,-9.065],[160.092,-9.076],[160.097,-9.091],[160.105,-9.098],[160.13,-9.099],[160.135,-9.086],[160.145,-9.082],[160.153,-9.089],[160.163,-9.092],[160.166,-9.086],[160.178,-9.093],[160.186,-9.09],[160.193,-9.094],[160.195,-9.108],[160.211,-9.111],[160.224,-9.098],[160.226,-9.107],[160.224,-9.115],[160.234,-9.121],[160.241,-9.117],[160.247,-9.134],[160.239,-9.138],[160.236,-9.147],[160.242,-9.149],[160.262,-9.135],[160.265,-9.128],[160.272,-9.13],[160.286,-9.122],[160.282,-9.115],[160.284,-9.109],[160.292,-9.107],[160.302,-9.094],[160.308,-9.081],[160.305,-9.076],[160.305,-9.072],[160.3,-9.067],[160.291,-9.051],[160.278,-9.041],[160.269,-9.038],[160.265,-9.031],[160.257,-9.027],[160.249,-9.02],[160.241,-9.008],[160.231,-9.01],[160.224,-9.016],[160.224,-9.034],[160.211,-9.029],[160.215,-9.024],[160.2,-9.008],[160.182,-9.003],[160.164,-9.019],[160.152,-9.015],[160.145,-8.995],[160.138,-8.99],[160.126,-8.999],[160.137,-9.009],[160.14,-9.019],[160.137,-9.027],[160.128,-9.027],[160.122,-9.023],[160.121,-9.036],[160.111,-9.039],[160.107,-9.049]]},"properties":{"fid":338,"name":"Nggela Sule","desc":"alt_name=Florida Island\nname=Nggela Sule\nplace=island\ntype=multipolygon\nwikidata=Q3339306","country":"Solomon Islands"}},
{"type":"Feature","geometry":{"type":"LineString","coordinates":[[154.165,-4.456],[154.174,-4.46],[154.189,-4.464],[154.195,-4.472],[154.209,-4.475],[154.217,-4.483],[154.233,-4.532],[154.229,-4.552],[154.234,-4.568],[154.226,-4.568],[154.218,-4.558],[154.212,-4.563],[154.197,-4.543],[154.191,-4.53],[154.186,-4.527],[154.181,-4.518],[154.17,-4.51],[154.165,-4.519],[154.181,-4.528],[154.19,-4.541],[154.194,-4.555],[154.203,-4.569],[154.21,-4.574],[154.225,-4.573],[154.235,-4.575],[154.238,-4.567],[154.236,-4.561],[154.237,-4.548],[154.248,-4.533],[154.236,-4.515],[154.232,-4.505],[154.229,-4.491],[154.229,-4.47],[154.197,-4.459],[154.181,-4.449],[154.17,-4.451],[154.165,-4.456]]},"properties":{"fid":339,"name":"Green Islands","desc":"gns:dsg=ISLS\ngns:uni=-3030277\nis_in:country=Papua New Guinea\nis_in:country_code=PG\nis_in:state=North Solomons Province\nname=Green Islands\nname:de=Grüne Inseln\nnote=Check my location!\nplace=island\nsource=GNS\ntype=multipolygon\nwikidata=Q1544622\nwikipedia=en:Green Islands (Papua New Guinea)","country":"Papua New Guinea"}},
{"type":"Feature","geometry":{"type":"LineString","coordinates":[[155.892,-6.987],[155.89,-6.984],[155.875,-6.992],[155.885,-6.995],[155.892,-6.987]]},"properties":{"fid":340,"name":"Balalae Island","desc":"alt_name=Ballale\nname=Balalae Island\nplace=island\ntype=multipolygon\nwikidata=Q4849900","country":"Solomon Islands"}},
{"type":"Feature","geometry":{"type":"LineString","coordinates":[[155.852,-7.108],[155.856,-7.112],[155.872,-7.103],[155.881,-7.101],[155.882,-7.087],[155.876,-7.083],[155.864,-7.088],[155.855,-7.101],[155.852,-7.108]]},"properties":{"fid":341,"name":"Poporang Island","desc":"name=Poporang Island\nplace=island\ntype=multipolygon\nwikidata=Q49670140","country":"Solomon Islands"}},
{"type":"Feature","geometry":{"type":"LineString","coordinates":[[166.65,-20.478],[166.657,-20.475],[166.667,-20.466],[166.667,-20.46],[166.657,-20.451],[166.641,-20.442],[166.625,-20.428],[166.608,-20.395],[166.602,-20.391],[166.589,-20.392],[166.582,-20.4],[166.563,-20.401],[166.551,-20.404],[166.552,-20.418],[166.57,-20.41],[166.563,-20.421],[166.582,-20.43],[166.592,-20.442],[166.595,-20.452],[166.594,-20.479],[166.591,-20.488],[166.578,-20.506],[166.572,-20.52],[166.562,-20.552],[166.56,-20.567],[166.561,-20.575],[166.558,-20.609],[166.547,-20.632],[166.533,-20.653],[166.515,-20.672],[166.498,-20.686],[166.478,-20.699],[166.483,-20.704],[166.504,-20.707],[166.528,-20.697],[166.538,-20.7],[166.552,-20.691],[166.568,-20.688],[166.577,-20.671],[166.581,-20.66],[166.589,-20.652],[166.593,-20.643],[166.596,-20.63],[166.609,-20.616],[166.615,-20.596],[166.589,-20.604],[166.58,-20.604],[166.573,-20.597],[166.569,-20.588],[166.569,-20.579],[166.576,-20.57],[166.571,-20.549],[166.575,-20.542],[166.581,-20.539],[166.581,-20.53],[166.576,-20.521],[166.584,-20.507],[166.595,-20.494],[166.603,-20.488],[166.608,-20.472],[166.619,-20.472],[166.63,-20.467],[166.644,-20.467],[166.65,-20.478]]},"properties":{"fid":342,"name":"Ouvéa","desc":"name=Ouvéa\nname:be=Увеа\nname:fr=Ouvéa\nplace=island\ntype=multipolygon\nwikidata=Q18655796","country":"New Caledonia"}},
{"type":"Feature","geometry":{"type":"LineString","coordinates":[[169.781,-20.244],[169.789,-20.235],[169.807,-20.241],[169.815,-20.236],[169.818,-20.242],[169.827,-20.243],[169.83,-20.25],[169.836,-20.251],[169.845,-20.243],[169.853,-20.252],[169.865,-20.245],[169.878,-20.242],[169.877,-20.238],[169.888,-20.228],[169.891,-20.219],[169.899,-20.211],[169.902,-20.192],[169.901,-20.184],[169.888,-20.162],[169.878,-20.16],[169.859,-20.151],[169.839,-20.136],[169.828,-20.138],[169.822,-20.135],[169.798,-20.135],[169.786,-20.137],[169.776,-20.144],[169.771,-20.138],[169.757,-20.145],[169.745,-20.158],[169.742,-20.185],[169.747,-20.192],[169.749,-20.201],[169.754,-20.205],[169.757,-20.214],[169.765,-20.217],[169.764,-20.224],[169.771,-20.234],[169.78,-20.233],[169.781,-20.244]]},"properties":{"fid":345,"name":"Aneityum","desc":"alt_name=Anatom\nname=Aneityum\nplace=island\ntype=multipolygon\nwikidata=Q528884","country":"Vanuatu"}},
{"type":"Feature","geometry":{"type":"LineString","coordinates":[[155.86,-7.085],[155.865,-7.079],[155.856,-7.073],[155.861,-7.066],[155.859,-7.057],[155.865,-7.045],[155.863,-7.039],[155.834,-7.023],[155.827,-7.024],[155.812,-7.019],[155.8,-7.016],[155.779,-6.993],[155.766,-6.994],[155.766,-6.987],[155.757,-6.987],[155.744,-6.964],[155.727,-6.958],[155.715,-6.962],[155.719,-6.969],[155.732,-6.984],[155.706,-6.983],[155.7,-6.991],[155.709,-7.003],[155.705,-7.013],[155.708,-7.027],[155.682,-7.013],[155.679,-7.017],[155.686,-7.029],[155.685,-7.041],[155.677,-7.06],[155.667,-7.062],[155.662,-7.067],[155.663,-7.08],[155.673,-7.086],[155.679,-7.082],[155.698,-7.083],[155.712,-7.102],[155.726,-7.104],[155.747,-7.1],[155.757,-7.104],[155.768,-7.113],[155.772,-7.105],[155.795,-7.104],[155.8,-7.091],[155.809,-7.092],[155.823,-7.09],[155.827,-7.097],[155.836,-7.099],[155.842,-7.094],[155.855,-7.09],[155.86,-7.085]]},"properties":{"fid":346,"name":"Shortland Island (Alu)","desc":"alt_name=Alu\nname=Shortland Island (Alu)\nname:en=Shortland Island\nplace=island\ntype=multipolygon\nwikidata=Q447272","country":"Solomon Islands"}},
{"type":"Feature","geometry":{"type":"LineString","coordinates":[[167.179,-15.741],[167.193,-15.749],[167.211,-15.754],[167.218,-15.754],[167.237,-15.744],[167.244,-15.736],[167.249,-15.719],[167.246,-15.712],[167.237,-15.703],[167.231,-15.692],[167.238,-15.678],[167.249,-15.67],[167.252,-15.659],[167.25,-15.642],[167.242,-15.637],[167.225,-15.635],[167.206,-15.634],[167.178,-15.626],[167.154,-15.626],[167.144,-15.628],[167.123,-15.627],[167.114,-15.629],[167.096,-15.637],[167.089,-15.645],[167.086,-15.663],[167.086,-15.678],[167.09,-15.686],[167.11,-15.706],[167.126,-15.713],[167.132,-15.714],[167.164,-15.731],[167.179,-15.741]]},"properties":{"fid":347,"name":"Malo","desc":"name=Malo\nname:en=Malo Island\nplace=island\npopulation=4279\npopulation:date=2009\npopulation:source=National Population and Housing Census\ntype=multipolygon\nunocha:pcode=VUT0102017\nwikidata=Q1752191","country":"Vanuatu"}},
{"type":"Feature","geometry":{"type":"LineString","coordinates":[[157.597,-7.43],[157.58,-7.433],[157.57,-7.443],[157.577,-7.451],[157.602,-7.454],[157.619,-7.45],[157.621,-7.438],[157.627,-7.431],[157.644,-7.432],[157.647,-7.424],[157.644,-7.417],[157.635,-7.414],[157.631,-7.404],[157.62,-7.396],[157.6,-7.392],[157.598,-7.389],[157.573,-7.405],[157.565,-7.402],[157.556,-7.393],[157.537,-7.386],[157.518,-7.373],[157.512,-7.384],[157.506,-7.385],[157.508,-7.395],[157.495,-7.408],[157.501,-7.414],[157.536,-7.415],[157.545,-7.418],[157.549,-7.429],[157.558,-7.425],[157.578,-7.429],[157.594,-7.423],[157.597,-7.43]]},"properties":{"fid":348,"name":"Rob Roy Island","desc":"name=Rob Roy Island\nplace=island\ntype=multipolygon\nwikidata=Q1337200\nwikipedia=en:Rob Roy Island","country":"Solomon Islands"}},
{"type":"Feature","geometry":{"type":"MultiLineString","coordinates":[[[158.119,-8.739],[158.126,-8.744],[158.13,-8.738],[158.121,-8.732],[158.119,-8.739]],[[158.133,-8.744],[158.124,-8.756],[158.132,-8.757],[158.133,-8.744]]]},"properties":{"fid":350,"name":"Kingguru","desc":"name=Kingguru\nplace=island\ntype=multipolygon\nwikidata=Q6412756","country":"Solomon Islands"}},
{"type":"Feature","geometry":{"type":"LineString","coordinates":[[-149.766,-17.503],[-149.755,-17.498],[-149.753,-17.493],[-149.762,-17.487],[-149.767,-17.479],[-149.774,-17.474],[-149.794,-17.48],[-149.808,-17.481],[-149.816,-17.484],[-149.823,-17.5],[-149.826,-17.487],[-149.845,-17.485],[-149.851,-17.492],[-149.854,-17.501],[-149.849,-17.515],[-149.854,-17.517],[-149.863,-17.497],[-149.871,-17.492],[-149.878,-17.494],[-149.885,-17.491],[-149.908,-17.491],[-149.914,-17.493],[-149.915,-17.512],[-149.912,-17.522],[-149.903,-17.537],[-149.874,-17.556],[-149.871,-17.564],[-149.86,-17.577],[-149.854,-17.576],[-149.85,-17.586],[-149.823,-17.593],[-149.808,-17.592],[-149.808,-17.587],[-149.799,-17.582],[-149.797,-17.575],[-149.789,-17.557],[-149.79,-17.551],[-149.775,-17.543],[-149.773,-17.532],[-149.777,-17.524],[-149.769,-17.513],[-149.766,-17.503]]},"properties":{"fid":351,"name":"Mo’orea","desc":"name=Mo’orea\nname:af=Moorea\nname:ar=موريا\nname:arz=موريا\nname:be=Мурэа\nname:ca=Moorea\nname:ceb=Moorea\nname:cs=Moorea\nname:cy=Moorea\nname:da=Moorea\nname:de=Moorea\nname:eo=Moorea\nname:es=Moorea\nname:et=Moorea\nname:fa=موئورئا\nname:fi=Moorea\nname:fr=Moorea\nname:frr=Moorea\nname:gl=Moorea\nname:hu=Moorea\nname:id=Moorea\nname:it=Moorea\nname:ja=モーレア島\nname:lt=Moorėja\nname:mk=Моореја\nname:ms=Moorea\nname:nl=Moorea\nname:no=Moorea\nname:pl=Moorea\nname:pt=Moorea\nname:ru=Муреа\nname:sv=Moorea\nname:th=โมโอเรอา\nname:ty=Mo’orea\nname:ur=مووریا\nname:vi=Moorea\nname:zh=莫雷阿岛\nofficial_name=Moorea\nold_name=’aimeho\nplace=island\ntype=multipolygon\nwikidata=Q673400\nwikipedia=fr:Moorea","country":"French Polynesia"}},
{"type":"Feature","geometry":{"type":"LineString","coordinates":[[-151.022,-16.701],[-151.022,-16.69],[-151.002,-16.687],[-150.998,-16.694],[-150.986,-16.696],[-150.986,-16.712],[-150.979,-16.709],[-150.982,-16.693],[-150.995,-16.683],[-151.015,-16.685],[-151.029,-16.688],[-151.04,-16.703],[-151.039,-16.71],[-151.034,-16.716],[-151.038,-16.727],[-151.046,-16.738],[-151.047,-16.758],[-151.043,-16.772],[-151.037,-16.765],[-151.028,-16.761],[-151.022,-16.77],[-151.01,-16.768],[-151.011,-16.755],[-151.006,-16.747],[-150.993,-16.751],[-150.979,-16.741],[-150.987,-16.722],[-150.987,-16.705],[-150.99,-16.698],[-151.003,-16.697],[-151.022,-16.701]]},"properties":{"fid":352,"name":"Huahine Nui","desc":"name=Huahine Nui\nplace=island\ntype=multipolygon","country":"French Polynesia"}},
{"type":"Feature","geometry":{"type":"LineString","coordinates":[[-151.027,-16.78],[-151.023,-16.788],[-151.011,-16.797],[-151.001,-16.807],[-150.989,-16.813],[-150.983,-16.811],[-150.959,-16.788],[-150.958,-16.774],[-150.964,-16.763],[-150.982,-16.755],[-150.992,-16.764],[-151.006,-16.767],[-151.015,-16.771],[-151.02,-16.778],[-151.027,-16.78]]},"properties":{"fid":353,"name":"Huahine Iti","desc":"name=Huahine Iti\nplace=island\ntype=multipolygon\nwikidata=Q31929715","country":"French Polynesia"}},
{"type":"Feature","geometry":{"type":"LineString","coordinates":[[-150.652,-17.664],[-150.638,-17.665],[-150.63,-17.674],[-150.622,-17.679],[-150.61,-17.671],[-150.61,-17.657],[-150.629,-17.633],[-150.633,-17.633],[-150.643,-17.646],[-150.645,-17.655],[-150.652,-17.664]]},"properties":{"fid":354,"name":"Mai'ao","desc":"admin_level=9\nalt_name=Maiao\nboundary=administrative\nname=Mai'ao\nold_name=Tapua’e Manu\nplace=island\nsource=SAU\ntype=boundary","country":"French Polynesia"}},
{"type":"Feature","geometry":{"type":"LineString","coordinates":[[-152.274,-16.426],[-152.285,-16.424],[-152.289,-16.427],[-152.295,-16.448],[-152.295,-16.458],[-152.283,-16.46],[-152.28,-16.451],[-152.285,-16.444],[-152.284,-16.428],[-152.274,-16.426]]},"properties":{"fid":355,"name":"Motu Auira","desc":"name=Motu Auira\nplace=island\ntype=multipolygon","country":"French Polynesia"}},
{"type":"Feature","geometry":{"type":"LineString","coordinates":[[167.698,-13.83],[167.687,-13.833],[167.676,-13.845],[167.684,-13.86],[167.699,-13.862],[167.707,-13.86],[167.713,-13.848],[167.707,-13.837],[167.698,-13.83]]},"properties":{"fid":357,"name":"Mota","desc":"name=Mota\nplace=island\ntype=multipolygon\nunocha:pcode=VUT0101066\nwikidata=Q1251470","country":"Vanuatu"}},
{"type":"Feature","geometry":{"type":"LineString","coordinates":[[166.793,-11.622],[166.799,-11.632],[166.804,-11.631],[166.811,-11.641],[166.819,-11.648],[166.814,-11.655],[166.816,-11.665],[166.829,-11.684],[166.838,-11.688],[166.843,-11.697],[166.853,-11.699],[166.861,-11.71],[166.877,-11.706],[166.887,-11.69],[166.898,-11.693],[166.889,-11.701],[166.881,-11.712],[166.883,-11.719],[166.893,-11.722],[166.911,-11.719],[166.915,-11.715],[166.941,-11.709],[166.944,-11.696],[166.951,-11.696],[166.962,-11.711],[166.977,-11.708],[166.991,-11.7],[166.98,-11.679],[166.973,-11.671],[166.958,-11.676],[166.949,-11.664],[166.938,-11.669],[166.932,-11.674],[166.918,-11.663],[166.923,-11.659],[166.928,-11.647],[166.927,-11.631],[166.934,-11.627],[166.939,-11.618],[166.932,-11.611],[166.917,-11.607],[166.904,-11.601],[166.892,-11.591],[166.88,-11.593],[166.859,-11.592],[166.846,-11.597],[166.821,-11.591],[166.818,-11.601],[166.799,-11.611],[166.793,-11.622]]},"properties":{"fid":358,"name":"Banie","desc":"name=Banie\nplace=island\ntype=multipolygon\nwikidata=Q2882512\nwikipedia=en:Banie (island)","country":"Solomon Islands"}},
{"type":"Feature","geometry":{"type":"LineString","coordinates":[[-138.675,-10.419],[-138.684,-10.421],[-138.689,-10.426],[-138.685,-10.442],[-138.672,-10.455],[-138.669,-10.463],[-138.674,-10.468],[-138.677,-10.484],[-138.676,-10.492],[-138.68,-10.5],[-138.69,-10.51],[-138.689,-10.525],[-138.679,-10.533],[-138.663,-10.543],[-138.658,-10.553],[-138.63,-10.532],[-138.622,-10.522],[-138.62,-10.515],[-138.611,-10.496],[-138.61,-10.489],[-138.619,-10.485],[-138.613,-10.479],[-138.613,-10.46],[-138.628,-10.445],[-138.65,-10.426],[-138.659,-10.421],[-138.673,-10.422],[-138.675,-10.419]]},"properties":{"fid":359,"name":"Fatu Hiva","desc":"name=Fatu Hiva\nplace=island\ntype=multipolygon\nwikidata=Q632061\nwikipedia=en:Fatu-Hiva","country":"French Polynesia"}},
{"type":"Feature","geometry":{"type":"LineString","coordinates":[[-139.1,-9.897],[-139.104,-9.91],[-139.118,-9.931],[-139.11,-9.935],[-139.113,-9.941],[-139.12,-9.943],[-139.117,-9.953],[-139.122,-9.956],[-139.118,-9.964],[-139.132,-9.978],[-139.131,-10],[-139.125,-10.002],[-139.125,-10.011],[-139.12,-10.02],[-139.11,-10.016],[-139.111,-10.009],[-139.102,-9.982],[-139.098,-9.985],[-139.091,-9.971],[-139.077,-9.964],[-139.078,-9.957],[-139.071,-9.952],[-139.055,-9.949],[-139.047,-9.955],[-139.039,-9.948],[-139.034,-9.933],[-139.04,-9.922],[-139.053,-9.907],[-139.058,-9.903],[-139.064,-9.906],[-139.069,-9.901],[-139.07,-9.888],[-139.084,-9.896],[-139.09,-9.893],[-139.1,-9.897]]},"properties":{"fid":360,"name":"Tahuata","desc":"name=Tahuata\nplace=island\ntype=multipolygon\nwikidata=Q572723\nwikipedia=en:Tahuata","country":"French Polynesia"}},
{"type":"Feature","geometry":{"type":"LineString","coordinates":[[-138.828,-9.953],[-138.839,-9.957],[-138.842,-9.976],[-138.841,-9.986],[-138.836,-9.99],[-138.834,-9.999],[-138.815,-10.016],[-138.807,-10.012],[-138.814,-9.994],[-138.821,-9.988],[-138.826,-9.971],[-138.823,-9.962],[-138.828,-9.953]]},"properties":{"fid":361,"name":"Moho Tani","desc":"alt_name=Motane\nname=Moho Tani\nplace=island\ntype=multipolygon\nwikidata=Q944594\nwikipedia=en:Mohotani","country":"French Polynesia"}},
{"type":"Feature","geometry":{"type":"LineString","coordinates":[[-139.128,-9.753],[-139.136,-9.754],[-139.139,-9.768],[-139.148,-9.757],[-139.164,-9.775],[-139.157,-9.784],[-139.154,-9.797],[-139.14,-9.814],[-139.136,-9.826],[-139.121,-9.831],[-139.113,-9.842],[-139.097,-9.849],[-139.07,-9.851],[-139.055,-9.86],[-139.043,-9.859],[-139.036,-9.849],[-139.05,-9.846],[-139.06,-9.839],[-139.061,-9.831],[-139.052,-9.815],[-139.045,-9.813],[-139.039,-9.806],[-139.03,-9.803],[-139.026,-9.808],[-139.008,-9.812],[-139.003,-9.81],[-138.992,-9.813],[-138.971,-9.803],[-138.964,-9.807],[-138.95,-9.804],[-138.925,-9.808],[-138.922,-9.804],[-138.912,-9.808],[-138.894,-9.8],[-138.883,-9.799],[-138.88,-9.793],[-138.873,-9.794],[-138.864,-9.785],[-138.844,-9.774],[-138.829,-9.767],[-138.823,-9.771],[-138.809,-9.765],[-138.806,-9.755],[-138.799,-9.746],[-138.809,-9.741],[-138.811,-9.75],[-138.822,-9.758],[-138.839,-9.768],[-138.847,-9.763],[-138.865,-9.759],[-138.878,-9.765],[-138.886,-9.758],[-138.881,-9.753],[-138.895,-9.737],[-138.905,-9.74],[-138.918,-9.735],[-138.922,-9.739],[-138.931,-9.734],[-138.954,-9.741],[-138.962,-9.739],[-138.971,-9.706],[-138.981,-9.704],[-138.985,-9.698],[-138.994,-9.704],[-139.006,-9.698],[-139.014,-9.71],[-139.027,-9.712],[-139.038,-9.706],[-139.071,-9.729],[-139.074,-9.735],[-139.082,-9.734],[-139.087,-9.74],[-139.102,-9.746],[-139.105,-9.744],[-139.128,-9.749],[-139.128,-9.753]]},"properties":{"fid":362,"name":"Hiva Oa","desc":"name=Hiva Oa\nplace=island\ntype=multipolygon\nwikidata=Q937908\nwikipedia=en:Hiva Oa","country":"French Polynesia"}},
{"type":"Feature","geometry":{"type":"LineString","coordinates":[[-139.491,-8.929],[-139.493,-8.92],[-139.486,-8.914],[-139.491,-8.908],[-139.5,-8.89],[-139.508,-8.882],[-139.513,-8.887],[-139.526,-8.873],[-139.532,-8.87],[-139.542,-8.873],[-139.551,-8.865],[-139.567,-8.871],[-139.569,-8.876],[-139.587,-8.869],[-139.586,-8.877],[-139.606,-8.896],[-139.612,-8.91],[-139.614,-8.923],[-139.602,-8.938],[-139.594,-8.941],[-139.591,-8.95],[-139.58,-8.954],[-139.572,-8.947],[-139.571,-8.941],[-139.552,-8.94],[-139.543,-8.933],[-139.525,-8.932],[-139.511,-8.928],[-139.501,-8.94],[-139.49,-8.939],[-139.491,-8.929]]},"properties":{"fid":363,"name":"Ua Huka","desc":"name=Ua Huka\nplace=island\ntype=multipolygon\nwikidata=Q202299\nwikipedia=en:Ua Huka","country":"French Polynesia"}},
{"type":"Feature","geometry":{"type":"LineString","coordinates":[[-140.598,-7.929],[-140.589,-7.932],[-140.574,-7.927],[-140.55,-7.906],[-140.562,-7.9],[-140.567,-7.908],[-140.572,-7.91],[-140.584,-7.923],[-140.598,-7.929]]},"properties":{"fid":364,"name":"Hatutaa","desc":"alt_name=Hatutu\nname=Hatutaa\nplace=island\ntype=multipolygon\nwikidata=Q1420365\nwikipedia=en:Hatutu","country":"French Polynesia"}},
{"type":"Feature","geometry":{"type":"LineString","coordinates":[[-140.701,-8.042],[-140.694,-8.042],[-140.696,-8.027],[-140.687,-8.005],[-140.681,-7.997],[-140.664,-7.989],[-140.657,-7.988],[-140.643,-7.976],[-140.642,-7.966],[-140.649,-7.955],[-140.666,-7.968],[-140.68,-7.967],[-140.689,-7.973],[-140.697,-7.971],[-140.709,-7.98],[-140.711,-7.987],[-140.717,-7.994],[-140.722,-8.026],[-140.718,-8.04],[-140.707,-8.047],[-140.701,-8.042]]},"properties":{"fid":365,"name":"Eiao","desc":"name=Eiao\nplace=island\ntype=multipolygon\nwikidata=Q1301066\nwikipedia=en:Eiao","country":"French Polynesia"}},
{"type":"Feature","geometry":{"type":"LineString","coordinates":[[156.562,-7.828],[156.564,-7.821],[156.558,-7.816],[156.558,-7.805],[156.544,-7.8],[156.54,-7.792],[156.53,-7.797],[156.518,-7.816],[156.51,-7.823],[156.523,-7.842],[156.542,-7.846],[156.552,-7.844],[156.561,-7.836],[156.562,-7.828]]},"properties":{"fid":366,"name":"Mbava","desc":"name=Mbava\nplace=island\ntype=multipolygon\nwikidata=Q1748948\nwikipedia=en:Mbava","country":"Solomon Islands"}},
{"type":"Feature","geometry":{"type":"LineString","coordinates":[[159.195,-9.091],[159.202,-9.081],[159.224,-9.066],[159.218,-9.053],[159.226,-9.04],[159.217,-9.039],[159.209,-9.051],[159.202,-9.054],[159.189,-9.072],[159.187,-9.063],[159.178,-9.077],[159.173,-9.089],[159.165,-9.101],[159.163,-9.119],[159.153,-9.128],[159.157,-9.133],[159.17,-9.133],[159.176,-9.137],[159.187,-9.134],[159.203,-9.133],[159.211,-9.125],[159.225,-9.101],[159.231,-9.095],[159.227,-9.079],[159.22,-9.076],[159.208,-9.085],[159.195,-9.091]]},"properties":{"fid":367,"name":"Mbanika","desc":"name=Mbanika\nplace=island\ntype=multipolygon\nwikidata=Q2850107","country":"Solomon Islands"}},
{"type":"Feature","geometry":{"type":"LineString","coordinates":[[163.584,-19.58],[163.585,-19.591],[163.594,-19.604],[163.613,-19.597],[163.61,-19.589],[163.598,-19.573],[163.596,-19.567],[163.59,-19.563],[163.583,-19.55],[163.575,-19.55],[163.57,-19.555],[163.584,-19.58]]},"properties":{"fid":369,"name":"Île Pott","desc":"loc_name=Phwoc\nname=Île Pott\nplace=island\ntype=multipolygon\nwikidata=Q3593183\nwikipedia=fr:Île Pott","country":"New Caledonia"}},
{"type":"Feature","geometry":{"type":"LineString","coordinates":[[159.201,-9.028],[159.192,-9.03],[159.178,-9.037],[159.163,-9.04],[159.156,-9.035],[159.158,-9.05],[159.145,-9.034],[159.14,-9.038],[159.134,-9.034],[159.134,-9.015],[159.137,-9.003],[159.131,-8.997],[159.12,-9.013],[159.114,-9.013],[159.106,-8.997],[159.095,-8.999],[159.078,-8.997],[159.083,-9.005],[159.107,-9.021],[159.112,-9.03],[159.11,-9.039],[159.102,-9.034],[159.094,-9.023],[159.085,-9.023],[159.085,-9.033],[159.089,-9.05],[159.084,-9.049],[159.08,-9.033],[159.075,-9.031],[159.063,-9.038],[159.058,-9.048],[159.058,-9.057],[159.05,-9.055],[159.046,-9.063],[159.034,-9.058],[159.029,-9.077],[159.036,-9.078],[159.048,-9.09],[159.047,-9.097],[159.056,-9.11],[159.069,-9.096],[159.083,-9.106],[159.082,-9.115],[159.085,-9.124],[159.094,-9.122],[159.102,-9.11],[159.124,-9.108],[159.138,-9.112],[159.147,-9.108],[159.166,-9.082],[159.177,-9.063],[159.184,-9.046],[159.201,-9.028]]},"properties":{"fid":370,"name":"Pavuvu","desc":"name=Pavuvu\nplace=island\ntype=multipolygon\nwikidata=Q1084928","country":"Solomon Islands"}},
{"type":"Feature","geometry":{"type":"LineString","coordinates":[[163.669,-19.681],[163.653,-19.656],[163.645,-19.647],[163.632,-19.625],[163.622,-19.621],[163.623,-19.631],[163.639,-19.648],[163.641,-19.662],[163.646,-19.671],[163.638,-19.678],[163.629,-19.689],[163.635,-19.71],[163.645,-19.712],[163.64,-19.721],[163.642,-19.728],[163.653,-19.737],[163.652,-19.752],[163.66,-19.758],[163.664,-19.766],[163.673,-19.771],[163.672,-19.78],[163.678,-19.781],[163.679,-19.771],[163.69,-19.767],[163.704,-19.77],[163.705,-19.756],[163.7,-19.745],[163.689,-19.739],[163.68,-19.728],[163.673,-19.724],[163.676,-19.716],[163.673,-19.685],[163.669,-19.681]]},"properties":{"fid":371,"name":"Île Art","desc":"name=Île Art\nname:yly=Aar\nplace=island\ntype=multipolygon\nwikidata=Q3593002\nwikipedia=fr:Île Art","country":"New Caledonia"}},
{"type":"Feature","geometry":{"type":"LineString","coordinates":[[174.471,-0.796],[174.468,-0.804],[174.457,-0.8],[174.45,-0.802],[174.464,-0.814],[174.475,-0.807],[174.477,-0.798],[174.476,-0.783],[174.47,-0.758],[174.466,-0.745],[174.455,-0.724],[174.453,-0.709],[174.456,-0.69],[174.452,-0.661],[174.45,-0.654],[174.442,-0.644],[174.417,-0.629],[174.41,-0.622],[174.396,-0.606],[174.364,-0.581],[174.354,-0.576],[174.351,-0.582],[174.358,-0.588],[174.371,-0.592],[174.385,-0.606],[174.391,-0.606],[174.398,-0.612],[174.41,-0.63],[174.423,-0.64],[174.436,-0.642],[174.436,-0.65],[174.445,-0.655],[174.446,-0.67],[174.451,-0.684],[174.452,-0.691],[174.449,-0.718],[174.453,-0.738],[174.466,-0.758],[174.473,-0.783],[174.471,-0.796]]},"properties":{"fid":372,"name":"relation/10153986","desc":"place=island\ntype=multipolygon\nwikipedia=en:Nonouti","country":"Kiribati"}},
{"type":"Feature","geometry":{"type":"LineString","coordinates":[[160.41,-9.139],[160.406,-9.137],[160.406,-9.126],[160.392,-9.125],[160.388,-9.116],[160.369,-9.114],[160.355,-9.119],[160.348,-9.109],[160.344,-9.09],[160.338,-9.086],[160.329,-9.072],[160.325,-9.058],[160.31,-9.061],[160.306,-9.076],[160.309,-9.08],[160.307,-9.089],[160.299,-9.104],[160.286,-9.113],[160.291,-9.125],[160.283,-9.139],[160.272,-9.143],[160.267,-9.151],[160.26,-9.152],[160.259,-9.163],[160.248,-9.168],[160.23,-9.165],[160.232,-9.155],[160.222,-9.153],[160.22,-9.163],[160.21,-9.162],[160.21,-9.176],[160.224,-9.172],[160.218,-9.187],[160.227,-9.193],[160.243,-9.194],[160.248,-9.183],[160.257,-9.182],[160.273,-9.189],[160.276,-9.18],[160.289,-9.173],[160.277,-9.163],[160.282,-9.157],[160.292,-9.154],[160.298,-9.161],[160.307,-9.16],[160.33,-9.183],[160.339,-9.185],[160.345,-9.182],[160.355,-9.186],[160.361,-9.174],[160.373,-9.178],[160.387,-9.165],[160.386,-9.158],[160.396,-9.147],[160.404,-9.148],[160.41,-9.139]]},"properties":{"fid":374,"name":"Nggela Pile","desc":"name=Nggela Pile\nplace=island\ntype=multipolygon\nwikidata=Q3339307","country":"Solomon Islands"}},
{"type":"Feature","geometry":{"type":"LineString","coordinates":[[-146.379,-14.56],[-146.391,-14.564],[-146.396,-14.56],[-146.396,-14.552],[-146.388,-14.535],[-146.392,-14.533],[-146.401,-14.551],[-146.401,-14.564],[-146.393,-14.568],[-146.379,-14.56]]},"properties":{"fid":375,"name":"relation/10156562","desc":"place=island\ntype=multipolygon","country":"French Polynesia"}},
{"type":"Feature","geometry":{"type":"LineString","coordinates":[[172.82,3.09],[172.845,3.097],[172.86,3.099],[172.884,3.095],[172.881,3.103],[172.871,3.104],[172.828,3.099],[172.82,3.096],[172.816,3.09],[172.8,3.083],[172.787,3.07],[172.766,3.065],[172.754,3.067],[172.764,3.041],[172.766,3.054],[172.775,3.062],[172.793,3.07],[172.802,3.08],[172.82,3.09]]},"properties":{"fid":376,"name":"relation/10157138","desc":"place=island\ntype=multipolygon","country":"Kiribati"}},
{"type":"Feature","geometry":{"type":"LineString","coordinates":[[159.684,-8.534],[159.684,-8.529],[159.7,-8.523],[159.704,-8.516],[159.694,-8.509],[159.68,-8.51],[159.688,-8.5],[159.68,-8.495],[159.675,-8.499],[159.666,-8.498],[159.66,-8.491],[159.653,-8.494],[159.654,-8.477],[159.647,-8.479],[159.636,-8.474],[159.631,-8.468],[159.632,-8.457],[159.64,-8.446],[159.642,-8.438],[159.637,-8.429],[159.638,-8.424],[159.639,-8.399],[159.641,-8.393],[159.592,-8.375],[159.568,-8.386],[159.555,-8.383],[159.555,-8.389],[159.543,-8.4],[159.525,-8.412],[159.523,-8.424],[159.518,-8.434],[159.523,-8.442],[159.52,-8.453],[159.526,-8.457],[159.528,-8.47],[159.536,-8.482],[159.548,-8.487],[159.563,-8.498],[159.578,-8.502],[159.583,-8.494],[159.594,-8.498],[159.603,-8.505],[159.605,-8.522],[159.618,-8.536],[159.627,-8.543],[159.636,-8.546],[159.651,-8.545],[159.652,-8.549],[159.664,-8.553],[159.673,-8.553],[159.685,-8.548],[159.684,-8.534]]},"properties":{"fid":377,"name":"San Jorge Island","desc":"FIXME=rough outline only\nname=San Jorge Island\nplace=island\ntype=multipolygon\nwikidata=Q777937","country":"Solomon Islands"}},
{"type":"Feature","geometry":{"type":"LineString","coordinates":[[157.82,-7.456],[157.819,-7.456],[157.811,-7.424],[157.795,-7.414],[157.787,-7.394],[157.756,-7.39],[157.752,-7.397],[157.739,-7.4],[157.734,-7.411],[157.717,-7.415],[157.722,-7.43],[157.715,-7.432],[157.715,-7.441],[157.729,-7.46],[157.74,-7.47],[157.758,-7.477],[157.785,-7.477],[157.792,-7.479],[157.817,-7.478],[157.825,-7.469],[157.82,-7.456]]},"properties":{"fid":378,"name":"Vaghena","desc":"name=Vaghena\nplace=island\ntype=multipolygon","country":"Solomon Islands"}},
{"type":"Feature","geometry":{"type":"LineString","coordinates":[[174.727,-1.179],[174.73,-1.186],[174.756,-1.213],[174.772,-1.222],[174.788,-1.246],[174.793,-1.243],[174.774,-1.219],[174.767,-1.214],[174.758,-1.2],[174.75,-1.199],[174.741,-1.182],[174.732,-1.171],[174.727,-1.158],[174.713,-1.146],[174.701,-1.141],[174.696,-1.143],[174.689,-1.138],[174.685,-1.127],[174.667,-1.105],[174.66,-1.117],[174.659,-1.127],[174.666,-1.135],[174.679,-1.139],[174.698,-1.153],[174.708,-1.157],[174.723,-1.169],[174.727,-1.179]]},"properties":{"fid":379,"name":"Tabiteuea","desc":"name=Tabiteuea\nname:zh=塔比特韦亚环礁\nplace=island\ntype=multipolygon","country":"Kiribati"}},
{"type":"Feature","geometry":{"type":"LineString","coordinates":[[157.464,-8.286],[157.467,-8.295],[157.465,-8.309],[157.466,-8.317],[157.477,-8.323],[157.493,-8.314],[157.494,-8.326],[157.506,-8.326],[157.51,-8.319],[157.508,-8.311],[157.513,-8.298],[157.507,-8.298],[157.503,-8.307],[157.488,-8.293],[157.464,-8.286]]},"properties":{"fid":380,"name":"Ndora","desc":"name=Ndora\nplace=island\ntype=multipolygon\nwikidata=Q49662037","country":"Solomon Islands"}},
{"type":"Feature","geometry":{"type":"LineString","coordinates":[[-144.785,-16.161],[-144.786,-16.155],[-144.794,-16.143],[-144.82,-16.119],[-144.845,-16.105],[-144.806,-16.135],[-144.785,-16.161]]},"properties":{"fid":381,"name":"relation/10182245","desc":"place=island\ntype=multipolygon","country":"French Polynesia"}},
{"type":"Feature","geometry":{"type":"LineString","coordinates":[[-145.442,-15.497],[-145.441,-15.488],[-145.482,-15.483],[-145.526,-15.473],[-145.518,-15.478],[-145.504,-15.48],[-145.482,-15.486],[-145.446,-15.49],[-145.442,-15.497]]},"properties":{"fid":382,"name":"relation/10186365","desc":"place=island\ntype=multipolygon","country":"French Polynesia"}},
{"type":"Feature","geometry":{"type":"MultiLineString","coordinates":[[[-143.638,-16.603],[-143.635,-16.61],[-143.624,-16.613],[-143.596,-16.626],[-143.595,-16.623],[-143.638,-16.603]],[[-143.73,-16.555],[-143.752,-16.55],[-143.75,-16.555],[-143.733,-16.558],[-143.73,-16.555]]]},"properties":{"fid":383,"name":"relation/10186619","desc":"place=island\ntype=multipolygon","country":"French Polynesia"}},
{"type":"Feature","geometry":{"type":"LineString","coordinates":[[167.544,-13.903],[167.549,-13.892],[167.557,-13.892],[167.565,-13.884],[167.577,-13.883],[167.582,-13.879],[167.568,-13.865],[167.561,-13.874],[167.553,-13.876],[167.546,-13.871],[167.539,-13.855],[167.539,-13.838],[167.543,-13.827],[167.553,-13.821],[167.546,-13.816],[167.547,-13.804],[167.539,-13.798],[167.527,-13.773],[167.527,-13.765],[167.521,-13.76],[167.52,-13.748],[167.501,-13.728],[167.493,-13.724],[167.486,-13.725],[167.477,-13.715],[167.468,-13.717],[167.454,-13.716],[167.45,-13.723],[167.438,-13.723],[167.42,-13.738],[167.411,-13.744],[167.393,-13.764],[167.388,-13.78],[167.385,-13.798],[167.387,-13.808],[167.384,-13.819],[167.386,-13.826],[167.379,-13.833],[167.384,-13.851],[167.396,-13.866],[167.399,-13.866],[167.407,-13.88],[167.428,-13.9],[167.44,-13.905],[167.448,-13.915],[167.449,-13.927],[167.445,-13.938],[167.444,-13.949],[167.448,-13.963],[167.458,-13.968],[167.464,-13.968],[167.478,-13.961],[167.491,-13.949],[167.49,-13.939],[167.48,-13.932],[167.473,-13.918],[167.479,-13.909],[167.489,-13.912],[167.506,-13.909],[167.519,-13.902],[167.542,-13.901],[167.544,-13.903]]},"properties":{"fid":387,"name":"Vanua Lava","desc":"name=Vanua Lava\nplace=island\nsource=Bing; MapBox\ntype=multipolygon\nunocha:pcode=VUT0101028\nwikidata=Q1509208","country":"Vanuatu"}},
{"type":"Feature","geometry":{"type":"LineString","coordinates":[[-144.356,-27.577],[-144.365,-27.576],[-144.374,-27.58],[-144.38,-27.592],[-144.381,-27.612],[-144.377,-27.619],[-144.369,-27.615],[-144.367,-27.632],[-144.359,-27.636],[-144.342,-27.634],[-144.329,-27.641],[-144.326,-27.649],[-144.309,-27.637],[-144.311,-27.63],[-144.32,-27.629],[-144.315,-27.619],[-144.321,-27.614],[-144.331,-27.619],[-144.342,-27.616],[-144.351,-27.607],[-144.346,-27.6],[-144.334,-27.611],[-144.319,-27.604],[-144.31,-27.598],[-144.309,-27.587],[-144.319,-27.58],[-144.329,-27.578],[-144.329,-27.572],[-144.342,-27.568],[-144.342,-27.577],[-144.356,-27.577]]},"properties":{"fid":388,"name":"Rapa","desc":"Schalansky_ref=72\nalt_name=Rapa-Iti\nalt_name:en=Rapa-Iti\nalt_name:fr=Rapa-Iti\nalt_name:ru=Рапа-Ити\nalt_name:ty=Rapa-Iti\nis_in:archipelago=Îles Australes\nis_in:country=French Polynesia\nname=Rapa\nname:en=Rapa\nname:fr=Rapa\nname:nl=Australeilanden\nname:ru=Рапа\nname:ty=Rapa\nplace=island\ntype=multipolygon\nwikidata=Q31931259\nwikipedia=fr:Rapa (île)","country":"French Polynesia"}},
{"type":"Feature","geometry":{"type":"LineString","coordinates":[[-147.648,-23.852],[-147.66,-23.854],[-147.675,-23.861],[-147.68,-23.868],[-147.696,-23.87],[-147.69,-23.877],[-147.669,-23.888],[-147.647,-23.871],[-147.631,-23.863],[-147.621,-23.861],[-147.621,-23.855],[-147.648,-23.852]]},"properties":{"fid":389,"name":"Raivavae","desc":"name=Raivavae\nname:en=Raivavae\nname:fr=Raivavae\nname:ru=Раиваваэ\nold_name=Vivatu;Oraibaba;Santa Rosa\nold_name:es=Santa Rosa\nold_name:fr=Vivatu;Oraibaba;Santa Rosa\nold_name:ty=Oraibaba\nplace=island\ntype=multipolygon\nwikidata=Q1309731\nwikipedia=en:Raivavae","country":"French Polynesia"}},
{"type":"Feature","geometry":{"type":"LineString","coordinates":[[-149.475,-23.343],[-149.514,-23.354],[-149.531,-23.369],[-149.528,-23.378],[-149.512,-23.398],[-149.505,-23.403],[-149.48,-23.395],[-149.456,-23.393],[-149.449,-23.391],[-149.439,-23.381],[-149.436,-23.368],[-149.439,-23.357],[-149.447,-23.349],[-149.463,-23.343],[-149.475,-23.343]]},"properties":{"fid":390,"name":"Tubuai","desc":"name=Tubuai\nplace=island\ntype=multipolygon\nwikidata=Q514626\nwikipedia=en:Tubuai","country":"French Polynesia"}},
{"type":"Feature","geometry":{"type":"LineString","coordinates":[[-152.792,-22.656],[-152.791,-22.64],[-152.795,-22.637],[-152.815,-22.637],[-152.822,-22.646],[-152.822,-22.655],[-152.808,-22.664],[-152.8,-22.663],[-152.792,-22.656]]},"properties":{"fid":391,"name":"Rimatara","desc":"name=Rimatara\nplace=island\ntype=multipolygon\nwikidata=Q1539984","country":"French Polynesia"}},
{"type":"Feature","geometry":{"type":"LineString","coordinates":[[-147.416,-15.155],[-147.427,-15.146],[-147.443,-15.127],[-147.469,-15.109],[-147.486,-15.103],[-147.525,-15.07],[-147.537,-15.054],[-147.568,-15.026],[-147.569,-15.03],[-147.54,-15.054],[-147.53,-15.071],[-147.506,-15.091],[-147.483,-15.109],[-147.47,-15.113],[-147.447,-15.127],[-147.439,-15.135],[-147.421,-15.158],[-147.415,-15.158],[-147.405,-15.173],[-147.396,-15.18],[-147.352,-15.206],[-147.351,-15.202],[-147.37,-15.192],[-147.394,-15.178],[-147.416,-15.155]]},"properties":{"fid":392,"name":"relation/10378147","desc":"place=island\ntype=multipolygon","country":"French Polynesia"}},
{"type":"Feature","geometry":{"type":"LineString","coordinates":[[-148.646,-14.869],[-148.634,-14.876],[-148.629,-14.886],[-148.637,-14.892],[-148.646,-14.892],[-148.647,-14.902],[-148.63,-14.899],[-148.625,-14.895],[-148.627,-14.879],[-148.632,-14.873],[-148.648,-14.867],[-148.666,-14.863],[-148.674,-14.86],[-148.685,-14.86],[-148.701,-14.856],[-148.711,-14.864],[-148.703,-14.868],[-148.694,-14.862],[-148.685,-14.868],[-148.677,-14.863],[-148.668,-14.866],[-148.646,-14.869]]},"properties":{"fid":393,"name":"relation/10378148","desc":"place=island\ntype=multipolygon","country":"French Polynesia"}},
{"type":"Feature","geometry":{"type":"MultiLineString","coordinates":[[[144.886,-7.777],[144.897,-7.766],[144.875,-7.756],[144.872,-7.749],[144.872,-7.74],[144.863,-7.729],[144.853,-7.731],[144.842,-7.74],[144.847,-7.746],[144.848,-7.75],[144.854,-7.758],[144.855,-7.758],[144.857,-7.759],[144.858,-7.761],[144.86,-7.766],[144.86,-7.769],[144.876,-7.778],[144.886,-7.777]],[[144.86,-7.768],[144.86,-7.765],[144.858,-7.761],[144.856,-7.759],[144.853,-7.758],[144.85,-7.754],[144.84,-7.74],[144.834,-7.743],[144.846,-7.754],[144.86,-7.768]]]},"properties":{"fid":398,"name":"Kaimare Island","desc":"gns:dsg=ISL\ngns:uni=-3032804\nis_in:country=Papua New Guinea\nis_in:state=Gulf Province\nname=Kaimare Island\nnote=Sometimes misspelled as \"Kaimari\"\nplace=island\ntype=multipolygon","country":"Papua New Guinea"}},
{"type":"Feature","geometry":{"type":"LineString","coordinates":[[157.315,-8.351],[157.32,-8.361],[157.337,-8.365],[157.341,-8.36],[157.337,-8.353],[157.327,-8.344],[157.322,-8.35],[157.315,-8.351]]},"properties":{"fid":400,"name":"Roviana","desc":"name=Roviana\nplace=island\ntype=multipolygon\nwikidata=Q49675732","country":"Solomon Islands"}},
{"type":"Feature","geometry":{"type":"LineString","coordinates":[[158.193,-8.821],[158.206,-8.804],[158.215,-8.805],[158.219,-8.811],[158.23,-8.81],[158.24,-8.796],[158.237,-8.789],[158.213,-8.776],[158.218,-8.76],[158.215,-8.744],[158.202,-8.732],[158.199,-8.707],[158.205,-8.698],[158.201,-8.691],[158.189,-8.725],[158.168,-8.733],[158.168,-8.737],[158.147,-8.746],[158.133,-8.761],[158.135,-8.77],[158.129,-8.792],[158.141,-8.811],[158.147,-8.815],[158.154,-8.827],[158.162,-8.832],[158.17,-8.83],[158.185,-8.832],[158.191,-8.829],[158.193,-8.821]]},"properties":{"fid":402,"name":"Nggatokae","desc":"name=Nggatokae\nplace=island\ntype=multipolygon\nwikidata=Q931014\nwikipedia=en:Nggatokae Island","country":"Solomon Islands"}},
{"type":"Feature","geometry":{"type":"LineString","coordinates":[[161.99,-9.821],[161.995,-9.812],[161.988,-9.797],[161.988,-9.783],[161.985,-9.776],[161.991,-9.757],[161.986,-9.754],[161.988,-9.739],[162.001,-9.738],[162.006,-9.716],[161.988,-9.724],[161.982,-9.719],[161.97,-9.714],[161.959,-9.718],[161.952,-9.733],[161.946,-9.752],[161.948,-9.77],[161.946,-9.775],[161.953,-9.789],[161.952,-9.8],[161.961,-9.81],[161.959,-9.821],[161.963,-9.836],[161.97,-9.85],[161.979,-9.866],[161.982,-9.866],[161.997,-9.85],[161.995,-9.836],[161.99,-9.821]]},"properties":{"fid":403,"name":"Ulawa","desc":"name=Ulawa\nname:zh=乌拉瓦岛\nplace=island\ntype=multipolygon\nwikidata=Q1641861\nwikipedia=en:Ulawa Island","country":"Solomon Islands"}},
{"type":"Feature","geometry":{"type":"LineString","coordinates":[[163.972,-20.014],[163.963,-20.029],[163.963,-20.041],[163.957,-20.043],[163.952,-20.069],[163.966,-20.078],[163.974,-20.068],[163.982,-20.064],[163.993,-20.062],[163.979,-20.079],[163.987,-20.083],[163.999,-20.063],[163.996,-20.053],[163.989,-20.043],[163.981,-20.037],[163.979,-20.023],[163.974,-20.01],[163.965,-20.001],[163.953,-20.008],[163.957,-20.017],[163.964,-20.011],[163.972,-20.014]]},"properties":{"fid":404,"name":"Île Baaba","desc":"name=Île Baaba\nplace=island\ntype=multipolygon\nwikidata=Q22683485","country":"New Caledonia"}},
{"type":"Feature","geometry":{"type":"LineString","coordinates":[[158.252,-7.438],[158.255,-7.427],[158.262,-7.425],[158.267,-7.41],[158.253,-7.404],[158.235,-7.401],[158.225,-7.405],[158.228,-7.415],[158.226,-7.422],[158.216,-7.426],[158.194,-7.41],[158.19,-7.415],[158.203,-7.428],[158.201,-7.436],[158.212,-7.448],[158.222,-7.451],[158.231,-7.469],[158.242,-7.475],[158.248,-7.47],[158.248,-7.446],[158.264,-7.448],[158.27,-7.442],[158.279,-7.44],[158.282,-7.43],[158.281,-7.417],[158.275,-7.414],[158.268,-7.424],[158.256,-7.432],[158.252,-7.438]]},"properties":{"fid":405,"name":"Ghaghe","desc":"name=Ghaghe\nplace=island\ntype=multipolygon\nwikidata=Q49638993","country":"Solomon Islands"}},
{"type":"Feature","geometry":{"type":"LineString","coordinates":[[162.902,5.296],[162.905,5.287],[162.913,5.275],[162.927,5.271],[162.949,5.271],[162.958,5.273],[162.964,5.282],[162.976,5.277],[162.974,5.27],[162.988,5.261],[163.001,5.259],[163.009,5.263],[163.021,5.274],[163.03,5.293],[163.035,5.314],[163.03,5.322],[163.022,5.318],[163.016,5.323],[163.015,5.338],[163.023,5.348],[163.022,5.364],[163.016,5.369],[162.99,5.369],[162.968,5.361],[162.961,5.355],[162.959,5.345],[162.947,5.332],[162.943,5.323],[162.923,5.311],[162.909,5.307],[162.902,5.296]]},"properties":{"fid":406,"name":"Kosrae","desc":"ele=369\ngnis:county_id=005\ngnis:created=07/02/1984\ngnis:feature_id=1392039\ngnis:state_id=64\nname=Kosrae\nplace=island\ntype=multipolygon\nwikidata=Q459848\nwikipedia=de:Kosrae","country":"Micronesia"}},
{"type":"Feature","geometry":{"type":"LineString","coordinates":[[158.287,6.933],[158.298,6.932],[158.299,6.94],[158.305,6.951],[158.3,6.961],[158.294,6.952],[158.287,6.933]]},"properties":{"fid":407,"name":"Dehpehk","desc":"ele=55\ngnis:county_id=040\ngnis:created=07/02/1984\ngnis:feature_id=1395062\ngnis:state_id=64\nname=Dehpehk\nplace=island\ntype=multipolygon","country":"Micronesia"}},
{"type":"Feature","geometry":{"type":"LineString","coordinates":[[177.232,-17.096],[177.227,-17.101],[177.227,-17.109],[177.219,-17.116],[177.192,-17.154],[177.195,-17.16],[177.203,-17.156],[177.208,-17.162],[177.216,-17.147],[177.214,-17.141],[177.219,-17.131],[177.227,-17.13],[177.23,-17.14],[177.239,-17.138],[177.242,-17.13],[177.255,-17.125],[177.263,-17.115],[177.268,-17.117],[177.284,-17.103],[177.285,-17.097],[177.295,-17.079],[177.293,-17.066],[177.286,-17.072],[177.282,-17.084],[177.274,-17.086],[177.269,-17.101],[177.262,-17.102],[177.258,-17.094],[177.249,-17.093],[177.246,-17.083],[177.254,-17.08],[177.248,-17.068],[177.23,-17.087],[177.232,-17.096]]},"properties":{"fid":408,"name":"Naviti Island","desc":"name=Naviti Island\nplace=island\ntype=multipolygon\nwikidata=Q2078389","country":"Fiji"}},
{"type":"Feature","geometry":{"type":"LineString","coordinates":[[-178.155,-14.246],[-178.164,-14.248],[-178.171,-14.243],[-178.179,-14.242],[-178.182,-14.254],[-178.172,-14.276],[-178.168,-14.288],[-178.16,-14.292],[-178.158,-14.301],[-178.138,-14.311],[-178.13,-14.309],[-178.108,-14.311],[-178.096,-14.308],[-178.085,-14.312],[-178.066,-14.313],[-178.063,-14.306],[-178.073,-14.299],[-178.088,-14.297],[-178.101,-14.288],[-178.116,-14.275],[-178.131,-14.259],[-178.153,-14.254],[-178.155,-14.246]]},"properties":{"fid":411,"name":"Île Futuna","desc":"name=Île Futuna\nname:de=Futuna\nname:en=Futuna\nname:fr=Futuna\nname:hr=Futuna\nold_name=Hoorn Islands\nplace=island\ntype=multipolygon\nwikidata=Q664321\nwikipedia=en:Futuna (Wallis and Futuna)","country":"Wallis and Futuna"}},
{"type":"Feature","geometry":{"type":"LineString","coordinates":[[168.214,-17.581],[168.2,-17.591],[168.192,-17.603],[168.208,-17.611],[168.221,-17.614],[168.225,-17.605],[168.213,-17.586],[168.214,-17.581]]},"properties":{"fid":414,"name":"Lelepa","desc":"alt_name=Lélépa\nalt_name:fr=Lélépa\nname=Lelepa\nname:de=Lelepa\nname:en=Lelepa Island\nname:fr=Lelepa\nplace=island\npopulation=387\npopulation:date=2009\npopulation:source=National Population and Housing Census\ntype=multipolygon\nwikidata=Q1816654","country":"Vanuatu"}},
{"type":"Feature","geometry":{"type":"LineString","coordinates":[[168.245,-17.52],[168.237,-17.523],[168.228,-17.531],[168.227,-17.537],[168.231,-17.549],[168.214,-17.564],[168.222,-17.569],[168.235,-17.557],[168.237,-17.551],[168.247,-17.548],[168.262,-17.547],[168.274,-17.537],[168.293,-17.528],[168.301,-17.529],[168.306,-17.525],[168.294,-17.508],[168.287,-17.505],[168.278,-17.506],[168.267,-17.515],[168.256,-17.521],[168.245,-17.52]]},"properties":{"fid":415,"name":"Moso","desc":"name=Moso\nname:en=Moso\nplace=island\npopulation=237\npopulation:date=2009\npopulation:source=National Population and Housing Census\ntype=multipolygon\nwikidata=Q1115177","country":"Vanuatu"}},
{"type":"Feature","geometry":{"type":"LineString","coordinates":[[-170.55,-14.28],[-170.56,-14.281],[-170.562,-14.285],[-170.551,-14.289],[-170.55,-14.28]]},"properties":{"fid":416,"name":"Aunuʻu Island","desc":"name=Aunuʻu Island\nplace=island\ntype=multipolygon\nwikidata=Q773919\nwikipedia=de:Aunuʻu","country":"American Samoa"}},
{"type":"Feature","geometry":null,"properties":{"fid":418,"name":"Ngermalk","desc":"ele=7\ngnis:created=01/01/2000\ngnis:feature_id=1391760\ngnis:state_id=70\nname=Ngermalk\nplace=island\ntype=multipolygon","country":"Palau"}},
{"type":"Feature","geometry":{"type":"LineString","coordinates":[[-174.023,-18.671],[-174.026,-18.677],[-174.023,-18.685],[-174.017,-18.683],[-174.023,-18.671]]},"properties":{"fid":420,"name":"'Utungake","desc":"name='Utungake\nplace=island\ntype=multipolygon\nwikidata=Q20460949","country":"Tonga"}},
{"type":"Feature","geometry":{"type":"LineString","coordinates":[[-142.135,-15.732],[-142.142,-15.734],[-142.133,-15.746],[-142.124,-15.736],[-142.135,-15.732]]},"properties":{"fid":425,"name":"relation/11678329","desc":"place=island\ntype=multipolygon","country":null}},
{"type":"Feature","geometry":{"type":"LineString","coordinates":[[155.715,-6.281],[155.697,-6.262],[155.686,-6.258],[155.675,-6.258],[155.667,-6.25],[155.661,-6.234],[155.66,-6.224],[155.642,-6.221],[155.633,-6.216],[155.637,-6.209],[155.633,-6.203],[155.63,-6.18],[155.637,-6.176],[155.628,-6.167],[155.623,-6.176],[155.611,-6.186],[155.627,-6.204],[155.622,-6.21],[155.623,-6.22],[155.609,-6.215],[155.591,-6.217],[155.583,-6.222],[155.561,-6.215],[155.551,-6.21],[155.545,-6.199],[155.547,-6.19],[155.544,-6.183],[155.545,-6.171],[155.532,-6.166],[155.526,-6.169],[155.526,-6.176],[155.518,-6.178],[155.502,-6.175],[155.479,-6.165],[155.454,-6.146],[155.442,-6.122],[155.42,-6.096],[155.423,-6.085],[155.419,-6.073],[155.413,-6.066],[155.41,-6.054],[155.405,-6.048],[155.406,-6.034],[155.402,-6.017],[155.401,-6],[155.405,-5.989],[155.39,-5.986],[155.376,-5.973],[155.369,-5.971],[155.363,-5.963],[155.359,-5.95],[155.349,-5.943],[155.339,-5.943],[155.323,-5.949],[155.311,-5.948],[155.302,-5.93],[155.302,-5.918],[155.292,-5.907],[155.283,-5.908],[155.273,-5.888],[155.265,-5.887],[155.25,-5.877],[155.241,-5.868],[155.231,-5.869],[155.226,-5.856],[155.207,-5.867],[155.198,-5.861],[155.183,-5.835],[155.191,-5.824],[155.183,-5.817],[155.176,-5.8],[155.168,-5.795],[155.174,-5.784],[155.168,-5.765],[155.174,-5.745],[155.166,-5.728],[155.158,-5.727],[155.149,-5.719],[155.135,-5.709],[155.121,-5.687],[155.121,-5.679],[155.115,-5.674],[155.112,-5.66],[155.1,-5.646],[155.1,-5.639],[155.088,-5.636],[155.082,-5.62],[155.085,-5.613],[155.074,-5.584],[155.061,-5.583],[155.051,-5.574],[155.06,-5.558],[155.057,-5.549],[155.043,-5.534],[155.033,-5.533],[155.019,-5.558],[155.008,-5.553],[155.013,-5.546],[155.009,-5.536],[154.999,-5.536],[154.989,-5.533],[154.983,-5.537],[154.976,-5.534],[154.959,-5.537],[154.94,-5.537],[154.93,-5.531],[154.913,-5.53],[154.916,-5.537],[154.909,-5.54],[154.903,-5.531],[154.89,-5.529],[154.886,-5.539],[154.888,-5.545],[154.879,-5.547],[154.878,-5.53],[154.848,-5.519],[154.846,-5.509],[154.836,-5.496],[154.828,-5.499],[154.82,-5.507],[154.815,-5.507],[154.81,-5.499],[154.812,-5.492],[154.798,-5.482],[154.777,-5.474],[154.772,-5.47],[154.771,-5.457],[154.755,-5.446],[154.742,-5.427],[154.732,-5.424],[154.713,-5.408],[154.705,-5.41],[154.691,-5.423],[154.682,-5.427],[154.671,-5.439],[154.68,-5.455],[154.701,-5.457],[154.71,-5.473],[154.731,-5.497],[154.746,-5.496],[154.758,-5.53],[154.755,-5.538],[154.759,-5.545],[154.761,-5.567],[154.754,-5.575],[154.751,-5.584],[154.743,-5.583],[154.743,-5.569],[154.736,-5.561],[154.729,-5.563],[154.723,-5.558],[154.72,-5.569],[154.726,-5.573],[154.736,-5.593],[154.737,-5.604],[154.732,-5.622],[154.722,-5.64],[154.714,-5.646],[154.712,-5.669],[154.717,-5.679],[154.719,-5.697],[154.717,-5.709],[154.712,-5.72],[154.699,-5.731],[154.695,-5.745],[154.696,-5.758],[154.701,-5.77],[154.721,-5.791],[154.726,-5.8],[154.727,-5.813],[154.734,-5.819],[154.744,-5.836],[154.747,-5.851],[154.748,-5.867],[154.734,-5.879],[154.731,-5.89],[154.734,-5.915],[154.746,-5.943],[154.756,-5.954],[154.781,-5.973],[154.8,-5.982],[154.805,-5.988],[154.816,-6.007],[154.816,-6.022],[154.827,-6.027],[154.847,-6.031],[154.85,-6.036],[154.864,-6.042],[154.868,-6.053],[154.882,-6.058],[154.892,-6.064],[154.903,-6.068],[154.926,-6.08],[154.944,-6.096],[154.955,-6.11],[154.962,-6.126],[154.963,-6.133],[154.959,-6.143],[154.96,-6.157],[154.964,-6.166],[154.962,-6.175],[154.964,-6.189],[154.97,-6.196],[154.991,-6.205],[155.003,-6.212],[155.026,-6.223],[155.045,-6.249],[155.074,-6.254],[155.103,-6.267],[155.115,-6.269],[155.13,-6.268],[155.141,-6.269],[155.168,-6.277],[155.183,-6.286],[155.199,-6.299],[155.21,-6.313],[155.218,-6.329],[155.222,-6.341],[155.221,-6.351],[155.216,-6.37],[155.206,-6.386],[155.195,-6.396],[155.211,-6.411],[155.22,-6.415],[155.23,-6.429],[155.229,-6.445],[155.223,-6.461],[155.213,-6.497],[155.206,-6.517],[155.197,-6.529],[155.186,-6.527],[155.177,-6.516],[155.164,-6.51],[155.157,-6.519],[155.159,-6.527],[155.175,-6.546],[155.195,-6.567],[155.222,-6.596],[155.247,-6.633],[155.256,-6.642],[155.276,-6.658],[155.291,-6.667],[155.301,-6.675],[155.317,-6.694],[155.33,-6.718],[155.343,-6.731],[155.362,-6.738],[155.391,-6.755],[155.425,-6.778],[155.461,-6.805],[155.47,-6.809],[155.496,-6.824],[155.522,-6.839],[155.544,-6.842],[155.581,-6.853],[155.604,-6.862],[155.624,-6.861],[155.633,-6.864],[155.64,-6.862],[155.65,-6.852],[155.656,-6.851],[155.67,-6.857],[155.687,-6.866],[155.703,-6.88],[155.711,-6.878],[155.719,-6.858],[155.731,-6.842],[155.748,-6.827],[155.757,-6.814],[155.766,-6.81],[155.779,-6.797],[155.795,-6.792],[155.808,-6.771],[155.824,-6.761],[155.845,-6.755],[155.854,-6.755],[155.866,-6.774],[155.864,-6.784],[155.875,-6.782],[155.887,-6.768],[155.888,-6.763],[155.897,-6.759],[155.905,-6.747],[155.91,-6.734],[155.913,-6.717],[155.921,-6.722],[155.924,-6.735],[155.92,-6.743],[155.921,-6.754],[155.916,-6.764],[155.902,-6.777],[155.907,-6.797],[155.914,-6.801],[155.921,-6.797],[155.918,-6.789],[155.937,-6.777],[155.952,-6.756],[155.951,-6.738],[155.955,-6.725],[155.967,-6.714],[155.965,-6.687],[155.952,-6.67],[155.939,-6.646],[155.931,-6.621],[155.922,-6.6],[155.92,-6.59],[155.926,-6.573],[155.926,-6.522],[155.917,-6.502],[155.883,-6.484],[155.879,-6.478],[155.871,-6.475],[155.864,-6.468],[155.858,-6.452],[155.86,-6.443],[155.853,-6.432],[155.847,-6.43],[155.834,-6.41],[155.834,-6.402],[155.826,-6.395],[155.818,-6.38],[155.816,-6.367],[155.819,-6.363],[155.812,-6.357],[155.797,-6.355],[155.79,-6.35],[155.766,-6.342],[155.751,-6.332],[155.745,-6.323],[155.731,-6.308],[155.715,-6.281]]},"properties":{"fid":426,"name":"Bougainville","desc":"gns:dsg=ISL\ngns:uni=-3026478\nname=Bougainville\nname:de=Bougainville\nname:en=Bougainville\nname:es=Bougainville\nname:fi=Bougainville\nname:fr=Bougainville\nname:ru=Бугенвиль\nname:tr=Begonvil\nplace=island\nsource=GNS\ntype=multipolygon\nwikidata=Q201766\nwikipedia=en:Bougainville Island","country":"Papua New Guinea"}},
{"type":"Feature","geometry":{"type":"LineString","coordinates":[[158.318,6.874],[158.323,6.861],[158.338,6.872],[158.331,6.883],[158.332,6.89],[158.324,6.912],[158.326,6.92],[158.318,6.925],[158.32,6.934],[158.309,6.931],[158.307,6.921],[158.283,6.926],[158.277,6.948],[158.279,6.959],[158.267,6.962],[158.265,6.971],[158.249,6.967],[158.247,6.957],[158.24,6.958],[158.231,6.969],[158.223,6.969],[158.217,6.963],[158.207,6.975],[158.218,6.984],[158.208,6.99],[158.2,6.986],[158.2,6.981],[158.206,6.971],[158.204,6.959],[158.196,6.958],[158.198,6.97],[158.194,6.978],[158.177,6.983],[158.174,6.971],[158.184,6.96],[158.177,6.941],[158.164,6.943],[158.156,6.956],[158.145,6.956],[158.139,6.947],[158.121,6.935],[158.113,6.932],[158.113,6.914],[158.118,6.902],[158.116,6.892],[158.133,6.888],[158.143,6.892],[158.151,6.891],[158.15,6.884],[158.151,6.869],[158.155,6.863],[158.151,6.857],[158.156,6.846],[158.149,6.834],[158.157,6.821],[158.165,6.814],[158.165,6.805],[158.191,6.796],[158.203,6.804],[158.209,6.787],[158.231,6.786],[158.233,6.797],[158.243,6.788],[158.259,6.792],[158.256,6.805],[158.264,6.803],[158.269,6.791],[158.274,6.799],[158.283,6.789],[158.294,6.784],[158.305,6.793],[158.298,6.804],[158.313,6.815],[158.318,6.833],[158.316,6.841],[158.308,6.849],[158.299,6.851],[158.293,6.857],[158.301,6.87],[158.318,6.874]]},"properties":{"fid":427,"name":"Pohnpei","desc":"alt_name=Pohnpaid\ngnis:feature_id=1395869\nname=Pohnpei\nname:es=Ponapé\nold_name=Ponape;Ascension\nplace=island\ntype=multipolygon\nwikidata=Q319836\nwikipedia=en:Pohnpei","country":"Micronesia"}},
{"type":"Feature","geometry":{"type":"MultiLineString","coordinates":[[[180,-16.482],[179.975,-16.515],[179.977,-16.522],[179.972,-16.535],[179.98,-16.54],[179.989,-16.532],[180,-16.528],[180,-16.527],[180,-16.505],[180,-16.483],[180,-16.482]],[[-180,-16.528],[-179.992,-16.534],[-179.98,-16.539],[-179.975,-16.535],[-179.961,-16.534],[-179.957,-16.527],[-179.95,-16.53],[-179.936,-16.522],[-179.936,-16.505],[-179.946,-16.486],[-179.953,-16.48],[-179.934,-16.466],[-179.925,-16.469],[-179.922,-16.457],[-179.926,-16.448],[-179.914,-16.446],[-179.912,-16.442],[-179.93,-16.439],[-179.939,-16.449],[-179.948,-16.446],[-179.964,-16.454],[-179.969,-16.466],[-179.985,-16.465],[-180,-16.482],[-180,-16.483],[-180,-16.505],[-180,-16.527],[-180,-16.528]]]},"properties":{"fid":429,"name":"Rabi","desc":"name=Rabi\nplace=island\ntype=multipolygon\nwikidata=Q762070\nwikipedia=de:Rabi (Fidschi)","country":"Fiji"}},
{"type":"Feature","geometry":{"type":"LineString","coordinates":[[158.366,-7.502],[158.361,-7.493],[158.349,-7.496],[158.351,-7.506],[158.362,-7.511],[158.363,-7.517],[158.346,-7.511],[158.337,-7.5],[158.34,-7.497],[158.325,-7.489],[158.309,-7.485],[158.292,-7.472],[158.283,-7.47],[158.274,-7.457],[158.26,-7.451],[158.253,-7.455],[158.251,-7.473],[158.263,-7.479],[158.261,-7.488],[158.27,-7.495],[158.284,-7.496],[158.291,-7.502],[158.318,-7.514],[158.323,-7.52],[158.335,-7.522],[158.343,-7.53],[158.361,-7.541],[158.368,-7.552],[158.375,-7.552],[158.403,-7.564],[158.409,-7.563],[158.415,-7.547],[158.411,-7.541],[158.419,-7.526],[158.42,-7.515],[158.412,-7.51],[158.406,-7.516],[158.4,-7.503],[158.394,-7.501],[158.377,-7.508],[158.366,-7.502]]},"properties":{"fid":436,"name":"Barora Fa","desc":"name=Barora Fa\nplace=island\ntype=multipolygon\nwikidata=Q31911256","country":"Solomon Islands"}},
{"type":"Feature","geometry":{"type":"LineString","coordinates":[[158.358,-7.584],[158.341,-7.577],[158.33,-7.577],[158.319,-7.575],[158.313,-7.578],[158.316,-7.587],[158.326,-7.583],[158.327,-7.592],[158.34,-7.6],[158.361,-7.607],[158.361,-7.622],[158.365,-7.624],[158.375,-7.616],[158.376,-7.628],[158.384,-7.637],[158.394,-7.634],[158.41,-7.636],[158.384,-7.603],[158.408,-7.608],[158.417,-7.617],[158.428,-7.62],[158.437,-7.63],[158.446,-7.635],[158.455,-7.632],[158.454,-7.624],[158.47,-7.615],[158.476,-7.627],[158.467,-7.63],[158.465,-7.637],[158.483,-7.638],[158.484,-7.644],[158.511,-7.653],[158.521,-7.646],[158.513,-7.638],[158.512,-7.629],[158.503,-7.626],[158.487,-7.614],[158.486,-7.607],[158.478,-7.606],[158.472,-7.593],[158.453,-7.583],[158.442,-7.583],[158.436,-7.596],[158.425,-7.595],[158.408,-7.587],[158.406,-7.582],[158.399,-7.581],[158.393,-7.575],[158.381,-7.569],[158.381,-7.565],[158.365,-7.554],[158.361,-7.56],[158.347,-7.561],[158.354,-7.57],[158.362,-7.575],[158.358,-7.584]]},"properties":{"fid":437,"name":"Barora Ite","desc":"name=Barora Ite\nplace=island\ntype=multipolygon\nwikidata=Q31911260","country":"Solomon Islands"}},
{"type":"Feature","geometry":{"type":"LineString","coordinates":[[-158.13,-20.013],[-158.12,-20.028],[-158.105,-20.02],[-158.092,-20.015],[-158.082,-20.006],[-158.088,-19.99],[-158.108,-19.97],[-158.123,-19.965],[-158.135,-19.967],[-158.14,-19.979],[-158.142,-19.991],[-158.14,-20.003],[-158.13,-20.013]]},"properties":{"fid":438,"name":"Atiu","desc":"alt_name=Enuamanu\nname=Atiu\nplace=island\ntype=multipolygon\nwikidata=Q755982\nwikipedia=en:Atiu","country":"Cook Islands"}},
{"type":"Feature","geometry":{"type":"LineString","coordinates":[[169.527,-0.866],[169.534,-0.865],[169.544,-0.872],[169.548,-0.862],[169.546,-0.85],[169.541,-0.846],[169.53,-0.845],[169.522,-0.855],[169.527,-0.866]]},"properties":{"fid":439,"name":"Banaba","desc":"Schalansky_ref=94\nname=Banaba\nname:en=Banaba Island\nname:hu=Banaba\nname:ja=バナバ島\nname:lt=Banaba\nname:zh=巴纳巴岛\nplace=island\npopulation=331\ntype=multipolygon\nwikidata=Q271901\nwikipedia=en:Banaba Island","country":"Kiribati"}},
{"type":"Feature","geometry":{"type":"LineString","coordinates":[[-146.271,-14.432],[-146.292,-14.429],[-146.312,-14.432],[-146.34,-14.442],[-146.337,-14.444],[-146.307,-14.435],[-146.289,-14.432],[-146.271,-14.432]]},"properties":{"fid":440,"name":"relation/12013326","desc":"place=island\ntype=multipolygon","country":"French Polynesia"}},
{"type":"Feature","geometry":{"type":"LineString","coordinates":[[150.477,-9.478],[150.484,-9.484],[150.493,-9.5],[150.512,-9.505],[150.52,-9.525],[150.524,-9.53],[150.52,-9.542],[150.523,-9.547],[150.521,-9.557],[150.504,-9.56],[150.496,-9.567],[150.487,-9.566],[150.483,-9.571],[150.468,-9.577],[150.46,-9.577],[150.45,-9.589],[150.444,-9.592],[150.438,-9.6],[150.433,-9.616],[150.437,-9.632],[150.456,-9.642],[150.477,-9.64],[150.502,-9.628],[150.527,-9.624],[150.555,-9.623],[150.575,-9.631],[150.588,-9.632],[150.615,-9.641],[150.63,-9.657],[150.635,-9.66],[150.653,-9.661],[150.694,-9.672],[150.703,-9.669],[150.717,-9.668],[150.722,-9.665],[150.74,-9.665],[150.749,-9.66],[150.764,-9.666],[150.775,-9.674],[150.779,-9.682],[150.793,-9.683],[150.804,-9.677],[150.804,-9.663],[150.829,-9.661],[150.842,-9.656],[150.855,-9.666],[150.852,-9.681],[150.845,-9.689],[150.848,-9.702],[150.846,-9.712],[150.851,-9.714],[150.86,-9.711],[150.86,-9.705],[150.877,-9.698],[150.873,-9.69],[150.88,-9.679],[150.897,-9.679],[150.902,-9.687],[150.911,-9.694],[150.914,-9.682],[150.927,-9.68],[150.936,-9.668],[150.939,-9.658],[150.934,-9.643],[150.926,-9.637],[150.922,-9.629],[150.912,-9.633],[150.904,-9.607],[150.902,-9.594],[150.892,-9.589],[150.882,-9.594],[150.874,-9.593],[150.865,-9.581],[150.868,-9.57],[150.883,-9.569],[150.886,-9.549],[150.891,-9.542],[150.893,-9.52],[150.889,-9.507],[150.876,-9.506],[150.873,-9.501],[150.843,-9.489],[150.836,-9.476],[150.832,-9.456],[150.829,-9.45],[150.818,-9.443],[150.809,-9.425],[150.778,-9.402],[150.764,-9.4],[150.754,-9.412],[150.738,-9.425],[150.726,-9.423],[150.715,-9.427],[150.699,-9.426],[150.684,-9.435],[150.66,-9.43],[150.647,-9.422],[150.638,-9.421],[150.631,-9.404],[150.63,-9.395],[150.617,-9.385],[150.61,-9.386],[150.601,-9.375],[150.579,-9.373],[150.563,-9.362],[150.548,-9.362],[150.539,-9.348],[150.515,-9.339],[150.506,-9.332],[150.495,-9.332],[150.487,-9.327],[150.472,-9.332],[150.466,-9.341],[150.45,-9.35],[150.432,-9.363],[150.424,-9.373],[150.423,-9.378],[150.43,-9.39],[150.429,-9.397],[150.432,-9.41],[150.426,-9.414],[150.43,-9.429],[150.437,-9.433],[150.448,-9.453],[150.455,-9.456],[150.459,-9.476],[150.468,-9.473],[150.477,-9.478]]},"properties":{"fid":442,"name":"Fergusson Island","desc":"GNS:id=-2188317\ngns:dsg=ISL\ngns:uni=-3029096\nis_in:country=Papua New Guinea\nis_in:country_code=PG\nis_in:state=Milne Bay Province\nname=Fergusson Island\nname:de=Fergusson-Insel\nname:en=Fergusson Island\nname:es=Isla Fergusson\nname:fr=Île Fergusson\nname:it=Isola Fergusson\nname:pt=Ilha Fergusson\nnote=Check my location!\nplace=island\nsource=GNS\ntype=multipolygon\nwikidata=Q783083\nwikipedia=en:Fergusson Island","country":"Papua New Guinea"}},
{"type":"Feature","geometry":{"type":"LineString","coordinates":[[151.127,-8.463],[151.125,-8.452],[151.125,-8.441],[151.129,-8.43],[151.13,-8.413],[151.122,-8.402],[151.114,-8.401],[151.092,-8.406],[151.085,-8.404],[151.069,-8.415],[151.064,-8.415],[151.047,-8.429],[151.037,-8.433],[151.029,-8.447],[151.023,-8.452],[151.016,-8.474],[151.007,-8.493],[150.998,-8.501],[150.996,-8.51],[150.996,-8.524],[150.994,-8.531],[151.004,-8.543],[151.015,-8.543],[151.017,-8.549],[151.028,-8.547],[151.049,-8.551],[151.077,-8.544],[151.095,-8.551],[151.102,-8.563],[151.109,-8.578],[151.116,-8.584],[151.134,-8.59],[151.135,-8.595],[151.129,-8.608],[151.118,-8.623],[151.111,-8.628],[151.108,-8.648],[151.092,-8.673],[151.079,-8.682],[151.076,-8.689],[151.064,-8.698],[151.059,-8.711],[151.042,-8.725],[151.048,-8.741],[151.057,-8.747],[151.069,-8.751],[151.077,-8.758],[151.097,-8.766],[151.112,-8.782],[151.126,-8.799],[151.13,-8.798],[151.123,-8.778],[151.108,-8.768],[151.103,-8.759],[151.102,-8.748],[151.106,-8.726],[151.12,-8.693],[151.121,-8.659],[151.12,-8.635],[151.129,-8.619],[151.133,-8.619],[151.147,-8.598],[151.146,-8.59],[151.151,-8.566],[151.147,-8.554],[151.148,-8.546],[151.127,-8.531],[151.111,-8.516],[151.108,-8.503],[151.127,-8.489],[151.127,-8.463]]},"properties":{"fid":443,"name":"Kiriwina Island","desc":"GNS:id=-2192320\ngns:dsg=ISL\ngns:uni=-3034456\nname=Kiriwina Island\nplace=island\nsource=GNS\ntype=multipolygon","country":"Papua New Guinea"}},
{"type":"Feature","geometry":{"type":"LineString","coordinates":[[150.985,-10.007],[150.974,-10.022],[150.973,-10.031],[150.962,-10.028],[150.961,-10.023],[150.967,-10.019],[150.963,-10.012],[150.949,-10.026],[150.95,-10.038],[150.956,-10.045],[150.959,-10.077],[150.955,-10.098],[150.964,-10.106],[151.008,-10.113],[151.012,-10.111],[151.035,-10.111],[151.043,-10.114],[151.063,-10.113],[151.08,-10.119],[151.095,-10.121],[151.102,-10.131],[151.116,-10.138],[151.136,-10.134],[151.153,-10.142],[151.158,-10.148],[151.17,-10.149],[151.178,-10.157],[151.188,-10.152],[151.197,-10.155],[151.204,-10.167],[151.204,-10.176],[151.214,-10.183],[151.217,-10.179],[151.211,-10.169],[151.218,-10.165],[151.228,-10.167],[151.221,-10.155],[151.235,-10.131],[151.237,-10.112],[151.241,-10.105],[151.249,-10.101],[151.248,-10.088],[151.26,-10.073],[151.268,-10.069],[151.265,-10.061],[151.27,-10.048],[151.27,-10.031],[151.279,-10.02],[151.29,-9.992],[151.289,-9.985],[151.294,-9.981],[151.294,-9.954],[151.291,-9.942],[151.282,-9.938],[151.274,-9.926],[151.273,-9.917],[151.264,-9.914],[151.24,-9.916],[151.222,-9.933],[151.212,-9.936],[151.199,-9.934],[151.198,-9.939],[151.179,-9.942],[151.181,-9.949],[151.172,-9.961],[151.161,-9.961],[151.162,-9.975],[151.153,-9.986],[151.147,-9.989],[151.148,-10.003],[151.144,-10.009],[151.146,-10.034],[151.125,-10.043],[151.107,-10.04],[151.098,-10.034],[151.087,-10.032],[151.08,-10.022],[151.071,-10.02],[151.046,-10.003],[151.041,-9.99],[151.03,-9.984],[151.031,-9.965],[151.036,-9.95],[151.047,-9.947],[151.051,-9.957],[151.057,-9.951],[151.051,-9.942],[151.039,-9.932],[151.03,-9.931],[151.021,-9.926],[150.991,-9.917],[150.982,-9.901],[150.968,-9.895],[150.958,-9.887],[150.96,-9.877],[150.943,-9.854],[150.933,-9.848],[150.924,-9.838],[150.919,-9.839],[150.912,-9.828],[150.898,-9.814],[150.869,-9.809],[150.853,-9.803],[150.836,-9.787],[150.831,-9.778],[150.829,-9.754],[150.831,-9.748],[150.822,-9.742],[150.819,-9.736],[150.812,-9.734],[150.797,-9.724],[150.778,-9.719],[150.767,-9.712],[150.756,-9.713],[150.749,-9.734],[150.745,-9.739],[150.753,-9.744],[150.757,-9.758],[150.758,-9.775],[150.762,-9.781],[150.759,-9.798],[150.767,-9.802],[150.789,-9.796],[150.796,-9.798],[150.803,-9.805],[150.807,-9.814],[150.817,-9.818],[150.822,-9.829],[150.84,-9.834],[150.851,-9.845],[150.851,-9.854],[150.867,-9.872],[150.874,-9.885],[150.879,-9.905],[150.876,-9.912],[150.879,-9.926],[150.884,-9.939],[150.88,-9.946],[150.878,-9.958],[150.887,-9.967],[150.891,-9.991],[150.896,-9.988],[150.905,-10.004],[150.913,-10.006],[150.934,-10],[150.942,-10.006],[150.949,-10.003],[150.949,-9.994],[150.955,-9.983],[150.95,-9.973],[150.943,-9.966],[150.946,-9.961],[150.956,-9.965],[150.963,-9.978],[150.979,-9.988],[150.986,-10.002],[150.985,-10.007]]},"properties":{"fid":444,"name":"Normanby Island","desc":"GNS:id=-2197032\ngns:dsg=ISL\ngns:uni=-3040879\nis_in:country=Papua New Guinea\nis_in:country_code=PG\nis_in:state=Milne Bay Province\nname=Normanby Island\nname:de=Normanby-Insel\nname:en=Normanby Island\nname:es=Isla Normanby\nname:fr=Île Normanby\nplace=island\nsource=GNS\ntype=multipolygon","country":"Papua New Guinea"}},
{"type":"Feature","geometry":{"type":"LineString","coordinates":[[134.41,7.271],[134.406,7.268],[134.402,7.256],[134.38,7.235],[134.386,7.228],[134.393,7.237],[134.404,7.238],[134.412,7.249],[134.412,7.263],[134.419,7.269],[134.43,7.269],[134.45,7.251],[134.453,7.264],[134.443,7.268],[134.436,7.288],[134.438,7.295],[134.444,7.3],[134.451,7.297],[134.449,7.311],[134.437,7.299],[134.434,7.282],[134.426,7.276],[134.41,7.271]]},"properties":{"fid":450,"name":"Ngeruktabel","desc":"ele=7\ngnis:created=01/01/2000\ngnis:feature_id=1391799\ngnis:state_id=70\nname=Ngeruktabel\nplace=island\ntype=multipolygon\nwikidata=Q49662745\nwikipedia=en:Ngeruktabel","country":"Palau"}},
{"type":"Feature","geometry":{"type":"LineString","coordinates":[[152.651,-2.94],[152.644,-2.951],[152.643,-2.958],[152.65,-2.966],[152.66,-2.965],[152.671,-2.955],[152.671,-2.947],[152.665,-2.938],[152.658,-2.935],[152.651,-2.94]]},"properties":{"fid":522,"name":"Masahet Island","desc":"GNS:id=-2195125\ngns:dsg=ISL\ngns:uni=-3038213\nname=Masahet Island\nplace=island\nsource=GNS\ntype=multipolygon\nwikidata=Q49657302","country":"Papua New Guinea"}},
{"type":"Feature","geometry":{"type":"LineString","coordinates":[[144.193,-7.801],[144.216,-7.804],[144.24,-7.796],[144.244,-7.791],[144.254,-7.792],[144.27,-7.778],[144.268,-7.768],[144.258,-7.758],[144.247,-7.753],[144.228,-7.752],[144.201,-7.75],[144.193,-7.747],[144.186,-7.762],[144.189,-7.782],[144.194,-7.789],[144.193,-7.801]]},"properties":{"fid":523,"name":"Goaribari Island","desc":"GNS:id=-2188979\ngns:dsg=ISL\ngns:uni=-3029998\nis_in:country=Papua New Guinea\nis_in:state=Gulf Province\nname=Goaribari Island\nnote=Name Modify Date:2021-02-04\nplace=island\nsource=GNS\ntype=multipolygon\nwikidata=Q1533441","country":"Papua New Guinea"}},
{"type":"Feature","geometry":{"type":"LineString","coordinates":[[143.077,-8.386],[143.072,-8.383],[143.055,-8.384],[143.035,-8.387],[143.001,-8.39],[142.978,-8.389],[142.981,-8.399],[142.988,-8.405],[143.011,-8.406],[143.06,-8.403],[143.074,-8.405],[143.08,-8.397],[143.077,-8.386]]},"properties":{"fid":524,"name":"Sumogi Island","desc":"GNS:id=-2200689\ngns:dsg=ISL\ngns:uni=-3045895\nis_in:country=Papua New Guinea\nis_in:country_code=PG\nis_in:state=Western Province\nname=Sumogi Island\nnote=Check my location!\nplace=island\nsource=GNS\ntype=multipolygon","country":"Papua New Guinea"}},
{"type":"Feature","geometry":{"type":"LineString","coordinates":[[144.512,-7.789],[144.504,-7.78],[144.498,-7.779],[144.477,-7.753],[144.472,-7.751],[144.468,-7.736],[144.466,-7.721],[144.462,-7.714],[144.433,-7.689],[144.429,-7.683],[144.417,-7.684],[144.415,-7.689],[144.422,-7.702],[144.413,-7.714],[144.417,-7.718],[144.434,-7.729],[144.447,-7.746],[144.447,-7.753],[144.458,-7.768],[144.47,-7.771],[144.475,-7.782],[144.472,-7.785],[144.48,-7.798],[144.492,-7.797],[144.507,-7.801],[144.515,-7.8],[144.512,-7.789]]},"properties":{"fid":525,"name":"Ibibubari Island","desc":"GNS:id=-2190204\ngns:dsg=ISL\ngns:uni=-3031618\nis_in:country=Papua New Guinea\nis_in:state=Gulf Province\nname=Ibibubari Island\nnote=Check my location!\nplace=island\nsource=GNS\ntype=multipolygon\nwikidata=Q49641850","country":"Papua New Guinea"}},
{"type":"Feature","geometry":{"type":"LineString","coordinates":[[152.349,-11.135],[152.34,-11.131],[152.339,-11.14],[152.349,-11.135]]},"properties":{"fid":526,"name":"Panasia Island","desc":"GNS:id=-2197918\nalt_name=Real Island\ngns:dsg=ISL\ngns:uni=-3042076\nname=Panasia Island\nplace=island\nsource=GNS\ntype=multipolygon\nwikidata=Q49667637","country":"Papua New Guinea"}},
{"type":"Feature","geometry":{"type":"LineString","coordinates":[[152.338,-10.695],[152.342,-10.708],[152.355,-10.712],[152.363,-10.703],[152.373,-10.7],[152.387,-10.701],[152.404,-10.713],[152.407,-10.706],[152.414,-10.704],[152.413,-10.692],[152.399,-10.685],[152.391,-10.67],[152.38,-10.665],[152.373,-10.66],[152.361,-10.666],[152.355,-10.666],[152.346,-10.677],[152.338,-10.695]]},"properties":{"fid":527,"name":"Deboyne Island","desc":"GNS:id=-2197874\nalt_name=Panaeati island\ngns:dsg=ISL\ngns:uni=-3027774\nname=Deboyne Island\nplace=island\nsource=GNS\ntype=multipolygon\nwikidata=Q2666506","country":"Papua New Guinea"}},
{"type":"Feature","geometry":{"type":"LineString","coordinates":[[148.957,-6.132],[148.961,-6.139],[148.972,-6.136],[148.964,-6.129],[148.957,-6.132]]},"properties":{"fid":528,"name":"Maklo Island","desc":"GNS:id=-2194583\ngns:dsg=ISL\ngns:uni=-3037480\nis_in:country=Papua New Guinea\nis_in:country_code=PG\nis_in:state=West New Britain Province\nname=Maklo Island\nnote=Check my location!\nplace=island\nsource=GNS\ntype=multipolygon","country":"Papua New Guinea"}},
{"type":"Feature","geometry":{"type":"LineString","coordinates":[[149.658,-1.583],[149.65,-1.579],[149.65,-1.573],[149.641,-1.568],[149.639,-1.561],[149.631,-1.556],[149.609,-1.553],[149.612,-1.56],[149.623,-1.559],[149.63,-1.568],[149.638,-1.583],[149.647,-1.586],[149.657,-1.594],[149.663,-1.59],[149.658,-1.583]]},"properties":{"fid":529,"name":"Eloaua Island","desc":"gns:dsg=ISL\ngns:uni=-3028666\nis_in:country=Papua New Guinea\nis_in:country_code=PG\nis_in:state=New Ireland Province\nname=Eloaua Island\nplace=island\nsource=GNS\ntype=multipolygon\nwikidata=Q49637577","country":"Papua New Guinea"}},
{"type":"Feature","geometry":{"type":"LineString","coordinates":[[141.479,-7.015],[141.488,-7.021],[141.496,-7.033],[141.506,-7.015],[141.503,-7.011],[141.491,-7.01],[141.488,-7.015],[141.479,-7.015]]},"properties":{"fid":530,"name":"Boboa Island","desc":"gns:dsg=ISL\ngns:uni=-3026066\nname=Boboa Island\nplace=island\nsource=GNS\ntype=multipolygon\nwikidata=Q49633656","country":"Papua New Guinea"}},
{"type":"Feature","geometry":{"type":"MultiLineString","coordinates":[[[143.345,-8.326],[143.344,-8.331],[143.359,-8.338],[143.377,-8.335],[143.38,-8.332],[143.363,-8.326],[143.345,-8.326]],[[143.382,-8.333],[143.377,-8.336],[143.355,-8.34],[143.363,-8.352],[143.382,-8.358],[143.421,-8.352],[143.442,-8.351],[143.442,-8.346],[143.417,-8.339],[143.382,-8.333]]]},"properties":{"fid":531,"name":"Invitato Island","desc":"GNS:id=-2190504\ngns:dsg=ISL\ngns:uni=-3032027\nis_in:country=Papua New Guinea\nis_in:country_code=PG\nis_in:state=Western Province\nname=Invitato Island\nnatural=wood\nplace=island\nsource=GNS\ntype=multipolygon","country":"Papua New Guinea"}},
{"type":"Feature","geometry":{"type":"LineString","coordinates":[[151.878,-9.271],[151.873,-9.283],[151.894,-9.276],[151.905,-9.274],[151.908,-9.27],[151.895,-9.263],[151.878,-9.271]]},"properties":{"fid":532,"name":"Yanaba Island","desc":"GNS:id=-2203988\nalt_name=Ianaba Island\ngns:dsg=ISL\ngns:uni=99882\nname=Yanaba Island\nplace=island\nsource=GNS\ntype=multipolygon","country":"Papua New Guinea"}},
{"type":"Feature","geometry":{"type":"LineString","coordinates":[[151.98,-2.831],[151.984,-2.826],[151.981,-2.816],[151.981,-2.802],[151.991,-2.797],[151.996,-2.8],[152.004,-2.798],[152.008,-2.781],[152.007,-2.774],[151.996,-2.775],[151.994,-2.764],[152.005,-2.76],[152.002,-2.748],[151.99,-2.732],[151.977,-2.721],[151.967,-2.717],[151.955,-2.717],[151.954,-2.711],[151.925,-2.702],[151.919,-2.702],[151.909,-2.71],[151.918,-2.728],[151.919,-2.737],[151.926,-2.748],[151.935,-2.753],[151.928,-2.769],[151.919,-2.768],[151.918,-2.776],[151.912,-2.779],[151.913,-2.785],[151.904,-2.798],[151.918,-2.81],[151.913,-2.816],[151.914,-2.824],[151.923,-2.831],[151.923,-2.839],[151.93,-2.845],[151.946,-2.849],[151.949,-2.842],[151.955,-2.84],[151.969,-2.826],[151.98,-2.831]]},"properties":{"fid":534,"name":"Tatau Island","desc":"gns:dsg=ISL\ngns:uni=-3046500\nis_in:country=Papua New Guinea\nis_in:country_code=PG\nis_in:state=New Ireland Province\nname=Tatau Island\nnote=Check my location!\nplace=island\nsource=GNS\ntype=multipolygon\nwikidata=Q7687921\nwikipedia=en:Tatau Island","country":"Papua New Guinea"}},
{"type":"Feature","geometry":{"type":"MultiLineString","coordinates":[[[143.564,-8.351],[143.575,-8.355],[143.598,-8.376],[143.628,-8.408],[143.634,-8.404],[143.656,-8.393],[143.67,-8.394],[143.672,-8.388],[143.669,-8.376],[143.666,-8.374],[143.664,-8.362],[143.65,-8.348],[143.641,-8.345],[143.633,-8.336],[143.611,-8.332],[143.593,-8.333],[143.572,-8.328],[143.542,-8.332],[143.529,-8.337],[143.535,-8.345],[143.564,-8.351]],[[143.657,-8.427],[143.676,-8.423],[143.684,-8.417],[143.678,-8.412],[143.674,-8.398],[143.664,-8.394],[143.652,-8.395],[143.637,-8.403],[143.632,-8.41],[143.642,-8.42],[143.657,-8.427]]]},"properties":{"fid":535,"name":"Wabuda Island","desc":"GNS:id=-2202775\ngns:dsg=ISL\ngns:uni=-3048682\nis_in:country=Papua New Guinea\nis_in:country_code=PG\nis_in:state=Western Province\nname=Wabuda Island\nnatural=scrub\nnote=Check my location!\nplace=island\nsource=GNS\ntype=multipolygon\nwikidata=Q7958711","country":"Papua New Guinea"}},
{"type":"Feature","geometry":{"type":"MultiLineString","coordinates":[[[145.006,-7.84],[145.028,-7.844],[145.043,-7.849]],[[145.043,-7.849],[145.041,-7.839],[145.032,-7.828],[145.032,-7.818],[145.024,-7.8],[145.017,-7.802],[145.013,-7.819],[145.006,-7.84]]]},"properties":{"fid":536,"name":"Urika Island","desc":"GNS:id=215486\ngns:dsg=ISL\ngns:uni=269089\nis_in:country=Papua New Guinea\nis_in:state=Gulf Province\nname=Urika Island\nnote=Check my location!\nplace=island\nsource=GNS\ntype=multipolygon","country":"Papua New Guinea"}},
{"type":"Feature","geometry":{"type":"LineString","coordinates":[[149.696,-2.623],[149.712,-2.614],[149.716,-2.607],[149.713,-2.601],[149.705,-2.602],[149.696,-2.623]]},"properties":{"fid":537,"name":"Tingwon Island","desc":"GNS:id=-2201491\nalt_name=Portland Islands\ngns:dsg=ISL\ngns:uni=-3046967\nname=Tingwon Island\nplace=island\nsource=GNS\ntype=multipolygon","country":"Papua New Guinea"}},
{"type":"Feature","geometry":{"type":"LineString","coordinates":[[152.011,-2.974],[152.017,-2.986],[152.04,-2.999],[152.049,-2.999],[152.058,-2.992],[152.072,-2.972],[152.077,-2.955],[152.075,-2.931],[152.059,-2.91],[152.036,-2.901],[152.03,-2.905],[152.011,-2.897],[152.001,-2.889],[151.993,-2.879],[151.992,-2.867],[151.987,-2.855],[151.978,-2.842],[151.968,-2.834],[151.962,-2.835],[151.959,-2.844],[151.95,-2.849],[151.953,-2.856],[151.952,-2.871],[151.944,-2.879],[151.949,-2.893],[151.957,-2.898],[151.961,-2.905],[151.972,-2.902],[151.984,-2.91],[151.991,-2.906],[151.994,-2.913],[151.992,-2.924],[151.999,-2.93],[152.002,-2.964],[152.011,-2.974]]},"properties":{"fid":538,"name":"Tabar Island","desc":"gns:dsg=ISL\ngns:uni=-3046026\nname=Tabar Island\nplace=island\nsource=GNS\ntype=multipolygon\nwikidata=Q7672912\nwikipedia=en:Tabar Island","country":"Papua New Guinea"}},
{"type":"Feature","geometry":{"type":"LineString","coordinates":[[147.582,-2.09],[147.591,-2.094],[147.625,-2.084],[147.63,-2.088],[147.637,-2.084],[147.65,-2.088],[147.661,-2.069],[147.651,-2.067],[147.634,-2.078],[147.627,-2.078],[147.611,-2.085],[147.6,-2.082],[147.589,-2.084],[147.582,-2.09]]},"properties":{"fid":539,"name":"Pak Island","desc":"GNS:id=-2197814\ngns:dsg=ISL\ngns:uni=-3041937\nis_in:country=Papua New Guinea\nis_in:country_code=PG\nis_in:state=Manus Province\nname=Pak Island\nnote=Check my location!\nplace=island\nsource=GNS\ntype=multipolygon","country":"Papua New Guinea"}},
{"type":"Feature","geometry":{"type":"LineString","coordinates":[[-171.417,-14.021],[-171.415,-14.022],[-171.417,-14.021]]},"properties":{"fid":541,"name":"Namuʻa Island","desc":"name=Namuʻa Island\nplace=islet\ntype=multipolygon","country":"Samoa"}},
{"type":"Feature","geometry":{"type":"LineString","coordinates":[[-171.4,-14.013],[-171.399,-14.012],[-171.4,-14.012],[-171.401,-14.013],[-171.4,-14.013]]},"properties":{"fid":542,"name":"Fanuatapu","desc":"name=Fanuatapu\nplace=islet\ntype=multipolygon\nwikidata=Q1107394\nwikipedia=en:Fanuatapu","country":"Samoa"}},
{"type":"Feature","geometry":{"type":"LineString","coordinates":[[138.086,9.538],[138.083,9.524],[138.077,9.509],[138.068,9.502],[138.061,9.491],[138.065,9.482],[138.058,9.469],[138.055,9.453],[138.059,9.442],[138.069,9.446],[138.068,9.455],[138.075,9.464],[138.074,9.476],[138.084,9.478],[138.094,9.485],[138.101,9.496],[138.108,9.5],[138.116,9.498],[138.123,9.502],[138.121,9.519],[138.125,9.538],[138.129,9.546],[138.137,9.547],[138.142,9.559],[138.144,9.561],[138.146,9.562],[138.147,9.564],[138.143,9.569],[138.136,9.567],[138.134,9.576],[138.138,9.587],[138.134,9.59],[138.123,9.588],[138.113,9.579],[138.103,9.562],[138.098,9.551],[138.092,9.548],[138.086,9.538]]},"properties":{"fid":543,"name":"Yap","desc":"alt_name=Wa'ab\nname=Yap\nplace=island\ntype=multipolygon\nwikidata=Q3571856\nwikipedia=de:Yap (Insel)","country":"Micronesia"}},
{"type":"Feature","geometry":{"type":"LineString","coordinates":[[138.197,9.556],[138.198,9.562],[138.191,9.567],[138.185,9.56],[138.176,9.556],[138.171,9.561],[138.173,9.568],[138.167,9.578],[138.162,9.578],[138.157,9.57],[138.151,9.567],[138.148,9.563],[138.146,9.562],[138.144,9.561],[138.141,9.557],[138.141,9.554],[138.142,9.551],[138.136,9.539],[138.138,9.529],[138.144,9.515],[138.163,9.515],[138.169,9.523],[138.174,9.523],[138.19,9.535],[138.189,9.545],[138.197,9.556]]},"properties":{"fid":544,"name":"Gagil-Tamil","desc":"alt_name=Gagil-Tomil\ngnis:county_id=060\ngnis:created=07/02/1984\ngnis:feature_id=1390851\ngnis:state_id=64\nname=Gagil-Tamil\nplace=island\ntype=multipolygon\nwikidata=Q1491101\nwikipedia=de:Gagil-Tomil","country":"Micronesia"}},
{"type":"Feature","geometry":{"type":"LineString","coordinates":[[150.738,-2.983],[150.73,-2.984],[150.721,-3.001],[150.727,-3.003],[150.738,-2.99],[150.738,-2.983]]},"properties":{"fid":546,"name":"Mait Island","desc":"GNS:id=-2194532\ngns:dsg=ISL\ngns:uni=-3037406\nis_in:country=Papua New Guinea\nis_in:country_code=PG\nis_in:state=New Ireland Province\nname=Mait Island\nplace=island\nsource=GNS\ntype=multipolygon","country":"Papua New Guinea"}},
{"type":"Feature","geometry":{"type":"LineString","coordinates":[[134.267,7.018],[134.261,7.019],[134.262,7.029],[134.267,7.035],[134.267,7.049],[134.254,7.042],[134.24,7.02],[134.226,7.014],[134.222,7.001],[134.224,6.984],[134.241,6.989],[134.252,6.995],[134.266,7.007],[134.267,7.018]]},"properties":{"fid":547,"name":"Peleliu","desc":"ele=7\ngnis:created=01/01/2000\ngnis:feature_id=1391356\ngnis:state_id=70\nheritage=2\nheritage:operator=nrhp\nname=Peleliu\nname:ru=Пелелиу\nname:uk=Пелеліу\nnrhp:criteria=A\nnrhp:inscription_date=February 4, 1985\nnrhp:nhl=yes\nplace=island\nprotection_title=*\nref:nrhp=85001754\ntype=multipolygon\nwikidata=Q14752295","country":"Palau"}},
{"type":"Feature","geometry":{"type":"MultiLineString","coordinates":[[[134.52,7.357],[134.524,7.35],[134.532,7.353]],[[134.532,7.353],[134.529,7.359],[134.52,7.357]]]},"properties":{"fid":553,"name":"Ngeream","desc":"ele=7\ngnis:created=01/01/2000\ngnis:feature_id=1391715\ngnis:state_id=70\nname=Ngeream\nplace=island\ntype=multipolygon","country":"Palau"}},
{"type":"Feature","geometry":{"type":"LineString","coordinates":[[134.544,7.335],[134.535,7.339],[134.534,7.33],[134.544,7.335]]},"properties":{"fid":554,"name":"Garreru","desc":"name=Garreru\nplace=island\ntype=multipolygon\nwikidata=Q49638829","country":"Palau"}},
{"type":"Feature","geometry":{"type":"LineString","coordinates":[[145.651,18.808],[145.648,18.8],[145.641,18.795],[145.641,18.786],[145.636,18.775],[145.638,18.766],[145.645,18.751],[145.656,18.734],[145.667,18.727],[145.676,18.737],[145.691,18.742],[145.692,18.756],[145.699,18.76],[145.699,18.781],[145.697,18.789],[145.688,18.795],[145.678,18.807],[145.667,18.808],[145.661,18.813],[145.651,18.808]]},"properties":{"fid":555,"name":"Agrihan","desc":"alt_name:en=Agrigan\ngnis:feature_id=1930554\nname=Agrihan\nname:be=Агрыхан\nname:cal=Aghériigan\nname:ch=Agrihan\nname:en=Agrihan\nname:mk=Агрихан\nname:ru=Агрихан\nname:tpv=Ageriigan\nold_name:en=Grigan\nplace=island\npopulation=4\npopulation:date=2020\nsource:population=United States Census\ntype=multipolygon\nwikidata=Q396730\nwikipedia=en:Agrihan","country":"Northern Mariana Islands"}},
{"type":"Feature","geometry":{"type":"LineString","coordinates":[[-179.677,-16.769],[-179.678,-16.764],[-179.671,-16.753],[-179.665,-16.751],[-179.669,-16.738],[-179.677,-16.737],[-179.696,-16.743],[-179.703,-16.749],[-179.691,-16.761],[-179.692,-16.769],[-179.7,-16.775],[-179.7,-16.786],[-179.693,-16.787],[-179.679,-16.778],[-179.677,-16.769]]},"properties":{"fid":567,"name":"Laucala Island","desc":"name=Laucala Island\nplace=island\nsource:name=Wikipedia\ntype=multipolygon","country":null}},
{"type":"Feature","geometry":{"type":"LineString","coordinates":[[-151.694,-16.481],[-151.691,-16.48]]},"properties":{"fid":570,"name":"Motu Omee","desc":"name=Motu Omee\nplace=islet\ntype=multipolygon","country":"French Polynesia"}},
{"type":"Feature","geometry":{"type":"MultiLineString","coordinates":[[[-151.7,-16.476],[-151.694,-16.481],[-151.691,-16.48],[-151.699,-16.474]],[[-151.699,-16.474],[-151.7,-16.476]]]},"properties":{"fid":571,"name":"Motu Vai toto","desc":"name=Motu Vai toto\nplace=islet\ntype=multipolygon","country":"French Polynesia"}},
{"type":"Feature","geometry":{"type":"MultiLineString","coordinates":[[[-151.699,-16.474],[-151.706,-16.47]],[[-151.706,-16.47],[-151.707,-16.47]],[[-151.707,-16.47],[-151.7,-16.476]],[[-151.7,-16.476],[-151.699,-16.474]]]},"properties":{"fid":573,"name":"Motu Vahia utu","desc":"name=Motu Vahia utu\nplace=islet\ntype=multipolygon","country":"French Polynesia"}},
{"type":"Feature","geometry":{"type":"MultiLineString","coordinates":[[[-151.706,-16.47],[-151.71,-16.467]],[[-151.71,-16.467],[-151.711,-16.468]],[[-151.711,-16.468],[-151.707,-16.47]],[[-151.707,-16.47],[-151.706,-16.47]]]},"properties":{"fid":574,"name":"Motu Tenanamu","desc":"name=Motu Tenanamu\nplace=islet\ntype=multipolygon","country":"French Polynesia"}},
{"type":"Feature","geometry":{"type":"MultiLineString","coordinates":[[[-151.713,-16.469],[-151.711,-16.468]],[[-151.711,-16.468],[-151.71,-16.467]],[[-151.71,-16.467],[-151.711,-16.466]],[[-151.711,-16.466],[-151.712,-16.468],[-151.713,-16.469]]]},"properties":{"fid":575,"name":"Motu Tuatefau","desc":"name=Motu Tuatefau\nplace=islet\ntype=multipolygon","country":"French Polynesia"}},
{"type":"Feature","geometry":{"type":"MultiLineString","coordinates":[[[-151.713,-16.469],[-151.712,-16.468],[-151.711,-16.466]],[[-151.711,-16.466],[-151.712,-16.465],[-151.713,-16.466],[-151.713,-16.469]]]},"properties":{"fid":576,"name":"Motu Temiromiro","desc":"name=Motu Temiromiro\nplace=islet\ntype=multipolygon","country":"French Polynesia"}},
{"type":"Feature","geometry":{"type":"LineString","coordinates":[[-151.713,-16.466],[-151.712,-16.465]]},"properties":{"fid":577,"name":"Motu Temahu","desc":"name=Motu Temahu\nplace=islet\ntype=multipolygon","country":"French Polynesia"}},
{"type":"Feature","geometry":{"type":"LineString","coordinates":[[-146.058,-14.427],[-146.049,-14.42],[-146.049,-14.416],[-146.074,-14.438],[-146.07,-14.442],[-146.058,-14.427]]},"properties":{"fid":580,"name":"relation/17463987","desc":"place=island\ntype=multipolygon","country":"French Polynesia"}},
{"type":"Feature","geometry":{"type":"LineString","coordinates":[[158.332,6.856],[158.316,6.85],[158.317,6.844],[158.326,6.839],[158.334,6.843],[158.332,6.856]]},"properties":{"fid":582,"name":"Temwen","desc":"name=Temwen\nplace=island\ntype=multipolygon","country":"Micronesia"}},
{"type":"Feature","geometry":{"type":"MultiLineString","coordinates":[[[-159.252,3.866],[-159.252,3.87],[-159.27,3.88],[-159.293,3.882],[-159.306,3.889],[-159.317,3.901],[-159.319,3.927],[-159.326,3.917],[-159.326,3.9],[-159.316,3.886],[-159.291,3.873],[-159.271,3.869],[-159.261,3.869],[-159.252,3.866]],[[-159.382,3.924],[-159.388,3.915],[-159.395,3.9],[-159.393,3.891],[-159.381,3.876],[-159.367,3.865],[-159.364,3.875],[-159.382,3.885],[-159.385,3.892],[-159.385,3.911],[-159.38,3.919],[-159.369,3.926],[-159.355,3.926],[-159.343,3.93],[-159.349,3.94],[-159.36,3.937],[-159.382,3.924]],[[-159.362,3.858],[-159.363,3.855],[-159.356,3.837],[-159.339,3.815],[-159.331,3.809],[-159.31,3.806],[-159.283,3.809],[-159.274,3.814],[-159.25,3.829],[-159.243,3.838],[-159.241,3.85],[-159.247,3.854],[-159.249,3.842],[-159.257,3.833],[-159.269,3.831],[-159.28,3.819],[-159.309,3.815],[-159.33,3.82],[-159.342,3.826],[-159.349,3.837],[-159.352,3.85],[-159.362,3.858]]]},"properties":{"fid":584,"name":"Tabuaeran","desc":"alt_name=Fanning Island\nname=Tabuaeran\nplace=island\ntype=multipolygon\nwikidata=Q127335\nwikipedia=en:Tabuaeran","country":null}},
{"type":"Feature","geometry":{"type":"LineString","coordinates":[[167.108,-9.806],[167.102,-9.797],[167.088,-9.802],[167.096,-9.811],[167.106,-9.811],[167.108,-9.806]]},"properties":{"fid":614,"name":"Lakao","desc":"name=Lakao\nplace=island\ntype=multipolygon\nwikidata=Q49650221","country":"Solomon Islands"}},
{"type":"Feature","geometry":{"type":"LineString","coordinates":[[158.754,-9.026],[158.754,-9.018],[158.741,-9.011],[158.734,-9.016],[158.728,-9.024],[158.733,-9.03],[158.74,-9.028],[158.749,-9.033],[158.754,-9.026]]},"properties":{"fid":618,"name":"Mborokua","desc":"name=Mborokua\nplace=island\ntype=multipolygon\nwikidata=Q1914932\nwikipedia=en:Mborokua","country":"Solomon Islands"}},
{"type":"Feature","geometry":{"type":"LineString","coordinates":[[158.201,-8.674],[158.21,-8.668],[158.213,-8.674],[158.213,-8.688],[158.215,-8.702],[158.215,-8.717],[158.222,-8.714],[158.222,-8.704],[158.218,-8.697],[158.218,-8.684],[158.22,-8.68],[158.218,-8.67],[158.21,-8.661],[158.198,-8.666],[158.201,-8.674]]},"properties":{"fid":626,"name":"Minjanga","desc":"name=Minjanga\nplace=island\ntype=multipolygon\nwikidata=Q49658739","country":"Solomon Islands"}},
{"type":"Feature","geometry":{"type":"LineString","coordinates":[[161.707,-10.255],[161.715,-10.253],[161.725,-10.259],[161.725,-10.269],[161.729,-10.284],[161.72,-10.292],[161.721,-10.3],[161.738,-10.303],[161.742,-10.301],[161.759,-10.284],[161.762,-10.27],[161.766,-10.262],[161.757,-10.252],[161.751,-10.228],[161.746,-10.22],[161.73,-10.211],[161.715,-10.212],[161.709,-10.215],[161.705,-10.227],[161.707,-10.235],[161.704,-10.253],[161.707,-10.255]]},"properties":{"fid":639,"name":"Uki","desc":"alt_name=Ugi\nname=Uki\nplace=island\ntype=multipolygon\nwikidata=Q7877758","country":"Solomon Islands"}},
{"type":"Feature","geometry":{"type":"LineString","coordinates":[[161.974,-10.264],[161.972,-10.274],[161.978,-10.278],[161.983,-10.269],[161.982,-10.257],[161.975,-10.248],[161.969,-10.235],[161.969,-10.228],[161.962,-10.226],[161.956,-10.234],[161.961,-10.24],[161.968,-10.258],[161.974,-10.264]]},"properties":{"fid":640,"name":"Malaupaina","desc":"name=Malaupaina\nplace=island\ntype=multipolygon\nwikidata=Q6741415\nwikipedia=en:Malaupaina","country":"Solomon Islands"}},
{"type":"Feature","geometry":{"type":"LineString","coordinates":[[161.942,-10.179],[161.937,-10.184],[161.948,-10.199],[161.955,-10.191],[161.951,-10.179],[161.942,-10.179]]},"properties":{"fid":641,"name":"Malaulalo","desc":"name=Malaulalo\nplace=island\ntype=multipolygon\nwikidata=Q6741413\nwikipedia=en:Malaulalo","country":"Solomon Islands"}},
{"type":"Feature","geometry":{"type":"LineString","coordinates":[[162.483,-10.838],[162.485,-10.827],[162.478,-10.82],[162.474,-10.811],[162.46,-10.81],[162.453,-10.815],[162.449,-10.823],[162.455,-10.833],[162.447,-10.845],[162.45,-10.852],[162.46,-10.854],[162.47,-10.851],[162.478,-10.845],[162.483,-10.838]]},"properties":{"fid":642,"name":"Owaraha","desc":"alt_name=Santa Ana\nis_in=Solomon Islands\nname=Owaraha\nplace=island\ntype=multipolygon\nwikidata=Q2042567\nwikipedia=en:Owaraha","country":"Solomon Islands"}},
{"type":"Feature","geometry":{"type":"LineString","coordinates":[[162.431,-10.894],[162.435,-10.899],[162.451,-10.901],[162.461,-10.895],[162.459,-10.885],[162.449,-10.882],[162.435,-10.888],[162.431,-10.894]]},"properties":{"fid":643,"name":"Owariki","desc":"alt_name=Santa Catalina\nname=Owariki\nplace=island\ntype=multipolygon\nwikidata=Q2042579\nwikipedia=en:Owariki","country":"Solomon Islands"}},
{"type":"Feature","geometry":{"type":"LineString","coordinates":[[160.614,-7.908],[160.62,-7.912],[160.621,-7.924],[160.629,-7.929],[160.642,-7.929],[160.645,-7.922],[160.635,-7.899],[160.635,-7.888],[160.626,-7.877],[160.609,-7.876],[160.604,-7.888],[160.605,-7.897],[160.614,-7.908]]},"properties":{"fid":645,"name":"Mbasakana","desc":"name=Mbasakana\nplace=island\ntype=multipolygon","country":"Solomon Islands"}},
{"type":"Feature","geometry":{"type":"LineString","coordinates":[[160.584,-8.319],[160.59,-8.315],[160.588,-8.308],[160.581,-8.304],[160.573,-8.31],[160.584,-8.319]]},"properties":{"fid":649,"name":"Mbathakana","desc":"name=Mbathakana\nplace=island\ntype=multipolygon\nwikidata=Q49657797","country":"Solomon Islands"}},
{"type":"Feature","geometry":{"type":"LineString","coordinates":[[160.81,-8.335],[160.813,-8.333],[160.814,-8.316],[160.802,-8.295],[160.782,-8.288],[160.763,-8.293],[160.761,-8.301],[160.765,-8.308],[160.781,-8.312],[160.788,-8.315],[160.796,-8.327],[160.806,-8.337],[160.81,-8.335]]},"properties":{"fid":656,"name":"Manaoba","desc":"name=Manaoba\nplace=island\ntype=multipolygon\nwikidata=Q49656517","country":"Solomon Islands"}},
{"type":"Feature","geometry":{"type":"LineString","coordinates":[[159.259,-9.123],[159.263,-9.111],[159.27,-9.105],[159.269,-9.098],[159.262,-9.095],[159.258,-9.103],[159.261,-9.111],[159.259,-9.123]]},"properties":{"fid":660,"name":"Telin","desc":"name=Telin\nplace=island\ntype=multipolygon\nwikidata=Q136065404","country":"Solomon Islands"}},
{"type":"Feature","geometry":{"type":"LineString","coordinates":[[159.123,-9.158],[159.133,-9.164],[159.138,-9.164],[159.139,-9.152],[159.132,-9.14],[159.124,-9.134],[159.107,-9.135],[159.104,-9.143],[159.123,-9.158]]},"properties":{"fid":666,"name":"Alokan","desc":"name=Alokan\nplace=island\ntype=multipolygon\nwikidata=Q31879680","country":"Solomon Islands"}},
{"type":"Feature","geometry":{"type":"LineString","coordinates":[[159.254,-9.048],[159.254,-9.062],[159.264,-9.061],[159.259,-9.049],[159.254,-9.048]]},"properties":{"fid":669,"name":"Faila","desc":"name=Faila\nplace=island\ntype=multipolygon\nwikidata=Q49637790","country":"Solomon Islands"}},
{"type":"Feature","geometry":{"type":"LineString","coordinates":[[155.643,-7.062],[155.633,-7.064],[155.636,-7.074],[155.641,-7.075],[155.649,-7.067],[155.643,-7.062]]},"properties":{"fid":690,"name":"Aloataghala Island","desc":"name=Aloataghala Island\nplace=island\ntype=multipolygon\nwikidata=Q31879669","country":"Solomon Islands"}},
{"type":"Feature","geometry":{"type":"LineString","coordinates":[[155.846,-7.106],[155.838,-7.102],[155.828,-7.101],[155.819,-7.091],[155.808,-7.099],[155.795,-7.104],[155.797,-7.115],[155.816,-7.12],[155.83,-7.118],[155.839,-7.122],[155.848,-7.12],[155.85,-7.114],[155.846,-7.106]]},"properties":{"fid":699,"name":"Magusaiai","desc":"name=Magusaiai\nplace=island\ntype=multipolygon\nwikidata=Q55887210\nwikipedia=en:Magusaiai","country":"Solomon Islands"}},
{"type":"Feature","geometry":{"type":"LineString","coordinates":[[155.574,-7.407],[155.555,-7.42],[155.549,-7.414],[155.544,-7.422],[155.558,-7.427],[155.569,-7.414],[155.578,-7.417],[155.589,-7.413],[155.589,-7.401],[155.581,-7.406],[155.574,-7.407]]},"properties":{"fid":708,"name":"Stirling Island","desc":"name=Stirling Island\nplace=island\ntype=multipolygon\nwikidata=Q1748147\nwikipedia=en:Stirling Island","country":"Solomon Islands"}},
{"type":"Feature","geometry":{"type":"LineString","coordinates":[[155.572,-7.396],[155.583,-7.396],[155.595,-7.39],[155.604,-7.381],[155.618,-7.373],[155.612,-7.357],[155.6,-7.347],[155.603,-7.341],[155.598,-7.334],[155.574,-7.33],[155.551,-7.33],[155.54,-7.334],[155.52,-7.348],[155.512,-7.366],[155.516,-7.385],[155.547,-7.397],[155.572,-7.396]]},"properties":{"fid":709,"name":"Mono","desc":"name=Mono\nplace=island\ntype=multipolygon\nwikidata=Q1502653\nwikipedia=en:Mono Island","country":"Solomon Islands"}},
{"type":"Feature","geometry":{"type":"LineString","coordinates":[[156.076,-6.889],[156.072,-6.892],[156.056,-6.897],[156.05,-6.904],[156.053,-6.913],[156.051,-6.925],[156.056,-6.927],[156.059,-6.939],[156.057,-6.946],[156.036,-6.959],[156.026,-6.971],[156.027,-6.98],[156.034,-6.987],[156.042,-6.989],[156.051,-6.984],[156.059,-6.967],[156.056,-6.965],[156.065,-6.954],[156.068,-6.968],[156.064,-6.971],[156.074,-6.982],[156.087,-6.968],[156.084,-6.957],[156.09,-6.953],[156.103,-6.934],[156.105,-6.927],[156.116,-6.928],[156.122,-6.924],[156.129,-6.929],[156.131,-6.92],[156.108,-6.912],[156.101,-6.898],[156.088,-6.899],[156.088,-6.891],[156.084,-6.885],[156.09,-6.879],[156.086,-6.863],[156.075,-6.858],[156.066,-6.858],[156.058,-6.862],[156.046,-6.852],[156.047,-6.834],[156.051,-6.826],[156.065,-6.819],[156.063,-6.807],[156.049,-6.814],[156.05,-6.818],[156.036,-6.833],[156.043,-6.862],[156.049,-6.873],[156.062,-6.871],[156.066,-6.874],[156.071,-6.885],[156.076,-6.889]]},"properties":{"fid":710,"name":"Fauro","desc":"name=Fauro\nplace=island\ntype=multipolygon\nwikidata=Q689371","country":"Solomon Islands"}},
{"type":"Feature","geometry":null,"properties":{"fid":711,"name":"relation/18482783","desc":"natural=wood\nplace=islet\ntype=multipolygon","country":"Solomon Islands"}},
{"type":"Feature","geometry":null,"properties":{"fid":712,"name":"relation/18482784","desc":"natural=wood\nplace=islet\ntype=multipolygon","country":"Solomon Islands"}},
{"type":"Feature","geometry":{"type":"LineString","coordinates":[[157.581,-7.381],[157.577,-7.374],[157.569,-7.377],[157.568,-7.387],[157.581,-7.381]]},"properties":{"fid":794,"name":"Sivata Island","desc":"name=Sivata Island\nplace=island\ntype=multipolygon","country":"Solomon Islands"}},
{"type":"Feature","geometry":{"type":"LineString","coordinates":[[157.478,-7.414],[157.473,-7.42],[157.462,-7.426],[157.456,-7.425],[157.452,-7.431],[157.461,-7.434],[157.476,-7.429],[157.478,-7.414]]},"properties":{"fid":801,"name":"Pelolata","desc":"name=Pelolata\nplace=island\ntype=multipolygon\nwikidata=Q49668667","country":"Solomon Islands"}},
{"type":"Feature","geometry":{"type":"LineString","coordinates":[[157.489,-7.423],[157.489,-7.431],[157.498,-7.431],[157.495,-7.423],[157.489,-7.423]]},"properties":{"fid":803,"name":"relation/18499643","desc":"place=islet\ntype=multipolygon","country":"Solomon Islands"}},
{"type":"Feature","geometry":{"type":"LineString","coordinates":[[157.18,-7.371],[157.179,-7.355],[157.171,-7.365],[157.18,-7.371]]},"properties":{"fid":818,"name":"Sivatae Island","desc":"name=Sivatae Island\nplace=islet\ntype=multipolygon","country":"Solomon Islands"}},
{"type":"Feature","geometry":{"type":"LineString","coordinates":[[157.998,-7.461],[157.983,-7.454],[157.979,-7.443],[157.972,-7.442],[157.969,-7.434],[157.961,-7.435],[157.978,-7.45],[157.994,-7.463],[157.998,-7.461]]},"properties":{"fid":838,"name":"Sikopo Island","desc":"name=Sikopo Island\nplace=island\ntype=multipolygon\nwikidata=Q2362156","country":"Solomon Islands"}},
{"type":"Feature","geometry":{"type":"LineString","coordinates":[[158.134,-7.394],[158.131,-7.401],[158.136,-7.405],[158.147,-7.397],[158.144,-7.373],[158.127,-7.372],[158.125,-7.377],[158.132,-7.385],[158.134,-7.394]]},"properties":{"fid":850,"name":"Malakobi","desc":"name=Malakobi\nplace=island\ntype=multipolygon\nwikidata=Q49656316","country":"Solomon Islands"}},
{"type":"Feature","geometry":{"type":"LineString","coordinates":[[158.29,-7.446],[158.299,-7.441],[158.3,-7.434],[158.292,-7.427],[158.286,-7.432],[158.29,-7.446]]},"properties":{"fid":854,"name":"Vakao","desc":"name=Vakao\nplace=island\ntype=multipolygon","country":"Solomon Islands"}},
{"type":"Feature","geometry":{"type":"LineString","coordinates":[[158.304,-7.449],[158.306,-7.462],[158.321,-7.458],[158.313,-7.448],[158.304,-7.449]]},"properties":{"fid":855,"name":"Ghateghe","desc":"name=Ghateghe\nplace=island\ntype=multipolygon\nwikidata=Q49639001","country":"Solomon Islands"}},
{"type":"Feature","geometry":{"type":"LineString","coordinates":[[158.26,-7.394],[158.245,-7.388],[158.246,-7.398],[158.258,-7.397],[158.26,-7.394]]},"properties":{"fid":859,"name":"Ghebira","desc":"name=Ghebira\nplace=island\ntype=multipolygon\nwikidata=Q49639003","country":"Solomon Islands"}},
{"type":"Feature","geometry":{"type":"LineString","coordinates":[[150.766,-10.57],[150.775,-10.566],[150.766,-10.56],[150.756,-10.557],[150.752,-10.568],[150.766,-10.57]]},"properties":{"fid":862,"name":"Ito Island","desc":"gns:dsg=ISL\ngns:uni=-3032254\nname=Ito Island\nplace=island\nsource=GNS\ntype=multipolygon\nwikidata=Q2215139\nwikipedia=en:Ito Island","country":"Papua New Guinea"}},
{"type":"Feature","geometry":{"type":"LineString","coordinates":[[158.213,-7.386],[158.2,-7.387],[158.191,-7.384],[158.187,-7.388],[158.189,-7.396],[158.198,-7.396],[158.196,-7.405],[158.214,-7.415],[158.218,-7.412],[158.222,-7.402],[158.232,-7.397],[158.213,-7.386]]},"properties":{"fid":863,"name":"Popu","desc":"name=Popu\nplace=island\ntype=multipolygon\nwikidata=Q49670165","country":"Solomon Islands"}},
{"type":"Feature","geometry":{"type":"LineString","coordinates":[[144.612,-3.517],[144.618,-3.518],[144.623,-3.512],[144.613,-3.5],[144.6,-3.497],[144.59,-3.51],[144.599,-3.517],[144.612,-3.517]]},"properties":{"fid":870,"name":"Blup Blup","desc":"alt_name=Ruprup Island\ngns:dsg=ISL\ngns:uni=-3026042\nname=Blup Blup\nname:en=Blupblup Island\nplace=island\nsource:loc=Landsat\ntype=multipolygon\nwikidata=Q886384","country":"Papua New Guinea"}},
{"type":"Feature","geometry":{"type":"LineString","coordinates":[[144.4,-3.396],[144.408,-3.397],[144.423,-3.393],[144.415,-3.385],[144.398,-3.385],[144.389,-3.391],[144.4,-3.396]]},"properties":{"fid":871,"name":"Wei","desc":"alt_name=Vial;Viai Island\ngns:dsg=ISL\ngns:uni=-3048482\nname=Wei\nname:en=Viai Island\nplace=island\nsource=GNS, Landsat\ntype=multipolygon\nwikidata=Q2305880","country":"Papua New Guinea"}},
{"type":"Feature","geometry":{"type":"LineString","coordinates":[[158.457,-7.672],[158.465,-7.678],[158.484,-7.685],[158.487,-7.681],[158.483,-7.67],[158.472,-7.66],[158.461,-7.656],[158.452,-7.657],[158.453,-7.667],[158.457,-7.672]]},"properties":{"fid":897,"name":"Nidero Island","desc":"name=Nidero Island\nplace=island\ntype=multipolygon\nwikidata=Q49663022","country":"Solomon Islands"}},
{"type":"Feature","geometry":{"type":"LineString","coordinates":[[150.965,-9.468],[150.969,-9.463],[150.955,-9.453],[150.95,-9.456],[150.965,-9.468]]},"properties":{"fid":904,"name":"Uama Island","desc":"GNS:id=-2202036\ngns:dsg=ISL\ngns:uni=-3047731\nname=Uama Island\nplace=island\nsource=GNS\ntype=multipolygon","country":"Papua New Guinea"}},
{"type":"Feature","geometry":{"type":"LineString","coordinates":[[158.565,-7.675],[158.554,-7.662],[158.552,-7.649],[158.541,-7.652],[158.536,-7.648],[158.529,-7.656],[158.531,-7.662],[158.521,-7.669],[158.522,-7.677],[158.531,-7.676],[158.536,-7.684],[158.55,-7.69],[158.552,-7.683],[158.565,-7.675]]},"properties":{"fid":910,"name":"Mbero Island","desc":"name=Mbero Island\nplace=island\ntype=multipolygon\nwikidata=Q49657819","country":"Solomon Islands"}},
{"type":"Feature","geometry":{"type":"LineString","coordinates":[[158.529,-7.705],[158.534,-7.714],[158.544,-7.717],[158.546,-7.706],[158.536,-7.698],[158.529,-7.705]]},"properties":{"fid":914,"name":"Sasare","desc":"name=Sasare\nplace=island\ntype=multipolygon","country":"Solomon Islands"}},
{"type":"Feature","geometry":{"type":"LineString","coordinates":[[158.548,-7.695],[158.539,-7.689],[158.539,-7.698],[158.548,-7.695]]},"properties":{"fid":916,"name":"Mbohiana Island","desc":"name=Mbohiana Island\nplace=island\ntype=multipolygon","country":"Solomon Islands"}},
{"type":"Feature","geometry":{"type":"LineString","coordinates":[[158.519,-7.693],[158.526,-7.7],[158.532,-7.693],[158.52,-7.682],[158.519,-7.693]]},"properties":{"fid":917,"name":"relation/18548089","desc":"place=island\ntype=multipolygon","country":"Solomon Islands"}},
{"type":"Feature","geometry":{"type":"LineString","coordinates":[[159.919,-8.528],[159.922,-8.514],[159.915,-8.503],[159.909,-8.506],[159.91,-8.518],[159.919,-8.528]]},"properties":{"fid":927,"name":"Mahighe","desc":"name=Mahighe\nplace=island\ntype=multipolygon\nwikidata=Q49656043","country":"Solomon Islands"}},
{"type":"Feature","geometry":{"type":"LineString","coordinates":[[158.974,-8.055],[158.984,-8.064],[158.995,-8.066],[158.999,-8.062],[158.983,-8.054],[158.974,-8.055]]},"properties":{"fid":942,"name":"Finuana","desc":"name=Finuana\nplace=island\ntype=multipolygon\nwikidata=Q49638006","country":"Solomon Islands"}},
{"type":"Feature","geometry":{"type":"LineString","coordinates":[[150.724,-10.567],[150.728,-10.563],[150.72,-10.553],[150.717,-10.563],[150.724,-10.567]]},"properties":{"fid":951,"name":"East Iguari Island","desc":"GNS:id=-2187864\nalt_name=Iguari Island;Igwali Island\ngns:dsg=ISL\ngns:uni=-3028462\nname=East Iguari Island\nplace=island\nsource=GNS\ntype=multipolygon\nwikidata=Q49637303","country":"Papua New Guinea"}},
{"type":"Feature","geometry":{"type":"LineString","coordinates":[[159.527,-8.078],[159.537,-8.092],[159.544,-8.091],[159.544,-8.078],[159.531,-8.069],[159.527,-8.078]]},"properties":{"fid":968,"name":"relation/18563249","desc":"place=island\ntype=multipolygon","country":"Solomon Islands"}},
{"type":"Feature","geometry":{"type":"LineString","coordinates":[[159.598,-8.123],[159.602,-8.117],[159.595,-8.105],[159.582,-8.1],[159.576,-8.11],[159.586,-8.111],[159.591,-8.119],[159.598,-8.123]]},"properties":{"fid":969,"name":"Fera","desc":"name=Fera\nplace=island\ntype=multipolygon\nwikidata=Q5443736","country":"Solomon Islands"}},
{"type":"Feature","geometry":{"type":"LineString","coordinates":[[158.676,-7.514],[158.685,-7.53],[158.698,-7.541],[158.703,-7.533],[158.699,-7.526],[158.695,-7.512],[158.685,-7.509],[158.676,-7.514]]},"properties":{"fid":982,"name":"Omona","desc":"name=Omona\nplace=island\ntype=multipolygon\nwikidata=Q49666095","country":"Solomon Islands"}},
{"type":"Feature","geometry":{"type":"LineString","coordinates":[[158.767,-7.575],[158.767,-7.581],[158.774,-7.592],[158.78,-7.594],[158.784,-7.587],[158.777,-7.581],[158.776,-7.572],[158.767,-7.575]]},"properties":{"fid":983,"name":"relation/18573093","desc":"place=island\ntype=multipolygon","country":"Solomon Islands"}},
{"type":"Feature","geometry":{"type":"LineString","coordinates":[[158.72,-7.546],[158.715,-7.547],[158.726,-7.573],[158.731,-7.572],[158.748,-7.579],[158.752,-7.571],[158.738,-7.554],[158.72,-7.546]]},"properties":{"fid":984,"name":"relation/18573109","desc":"place=island\ntype=multipolygon","country":"Solomon Islands"}},
{"type":"Feature","geometry":{"type":"LineString","coordinates":[[161.389,-9.427],[161.381,-9.429],[161.375,-9.442],[161.381,-9.448],[161.386,-9.438],[161.394,-9.432],[161.389,-9.427]]},"properties":{"fid":996,"name":"Ta'aru Island","desc":"name=Ta'aru Island\nplace=island\ntype=multipolygon","country":"Solomon Islands"}},
{"type":"Feature","geometry":{"type":"LineString","coordinates":[[161.378,-9.475],[161.371,-9.469],[161.374,-9.461],[161.368,-9.452],[161.361,-9.473],[161.368,-9.483],[161.373,-9.483],[161.378,-9.475]]},"properties":{"fid":998,"name":"relation/18590729","desc":"place=island\ntype=multipolygon","country":"Solomon Islands"}},
{"type":"Feature","geometry":{"type":"LineString","coordinates":[[161.381,-9.46],[161.374,-9.467],[161.381,-9.471],[161.381,-9.46]]},"properties":{"fid":1004,"name":"Master Island","desc":"name=Master Island\nplace=island\ntype=multipolygon\nwikidata=Q49657415","country":"Solomon Islands"}},
{"type":"Feature","geometry":{"type":"LineString","coordinates":[[161.257,-9.17],[161.267,-9.173],[161.269,-9.167],[161.26,-9.16],[161.257,-9.17]]},"properties":{"fid":1029,"name":"Ainuta Paina","desc":"name=Ainuta Paina\nplace=island\ntype=multipolygon","country":"Solomon Islands"}},
{"type":"Feature","geometry":{"type":"LineString","coordinates":[[161.492,-10.531],[161.503,-10.537],[161.51,-10.53],[161.517,-10.53],[161.512,-10.514],[161.505,-10.524],[161.486,-10.525],[161.492,-10.531]]},"properties":{"fid":1042,"name":"relation/18609282","desc":"place=island\ntype=multipolygon","country":"Solomon Islands"}},
{"type":"Feature","geometry":{"type":"LineString","coordinates":[[161.362,-10.341],[161.355,-10.342],[161.361,-10.352],[161.366,-10.349],[161.362,-10.341]]},"properties":{"fid":1047,"name":"relation/18610690","desc":"place=islet\ntype=multipolygon","country":"Solomon Islands"}},
{"type":"Feature","geometry":{"type":"LineString","coordinates":[[157.432,-8.297],[157.422,-8.297],[157.437,-8.314],[157.442,-8.307],[157.442,-8.292],[157.43,-8.285],[157.425,-8.29],[157.432,-8.297]]},"properties":{"fid":1082,"name":"Rereghana Island","desc":"name=Rereghana Island\nplace=island\ntype=multipolygon\nwikidata=Q49674563","country":"Solomon Islands"}},
{"type":"Feature","geometry":{"type":"LineString","coordinates":[[157.419,-8.299],[157.41,-8.298],[157.376,-8.306],[157.38,-8.309],[157.397,-8.31],[157.402,-8.306],[157.415,-8.305],[157.419,-8.299]]},"properties":{"fid":1083,"name":"Baraulu","desc":"name=Baraulu\nplace=island\ntype=multipolygon","country":"Solomon Islands"}},
{"type":"Feature","geometry":{"type":"LineString","coordinates":[[157.522,-8.378],[157.525,-8.399],[157.547,-8.413],[157.55,-8.406],[157.537,-8.392],[157.531,-8.376],[157.522,-8.378]]},"properties":{"fid":1090,"name":"Mbelombelo Island","desc":"name=Mbelombelo Island\nplace=island\ntype=multipolygon\nwikidata=Q49657810","country":"Solomon Islands"}},
{"type":"Feature","geometry":{"type":"LineString","coordinates":[[157.811,-8.262],[157.808,-8.27],[157.8,-8.275],[157.799,-8.281],[157.807,-8.285],[157.814,-8.274],[157.813,-8.267],[157.821,-8.26],[157.819,-8.252],[157.809,-8.25],[157.801,-8.241],[157.8,-8.233],[157.793,-8.234],[157.8,-8.246],[157.813,-8.255],[157.811,-8.262]]},"properties":{"fid":1113,"name":"Mondomondo","desc":"name=Mondomondo\nplace=island\ntype=multipolygon\nwikidata=Q6898795\nwikipedia=en:Mondomondo","country":"Solomon Islands"}},
{"type":"Feature","geometry":{"type":"LineString","coordinates":[[157.812,-8.303],[157.824,-8.306],[157.818,-8.294],[157.804,-8.288],[157.803,-8.297],[157.812,-8.303]]},"properties":{"fid":1114,"name":"Kotukuriana","desc":"name=Kotukuriana\nplace=island\ntype=multipolygon\nwikidata=Q49648808","country":"Solomon Islands"}},
{"type":"Feature","geometry":{"type":"LineString","coordinates":[[158.161,-8.506],[158.164,-8.51],[158.174,-8.545],[158.175,-8.558],[158.174,-8.574],[158.177,-8.575],[158.178,-8.549],[158.172,-8.531],[158.168,-8.513],[158.161,-8.506]]},"properties":{"fid":1121,"name":"Porepore","desc":"name=Porepore\nplace=island\ntype=multipolygon\nwikidata=Q49670187","country":"Solomon Islands"}},
{"type":"Feature","geometry":{"type":"LineString","coordinates":[[160.001,-8.903],[160.015,-8.897],[160.023,-8.903],[160.031,-8.915],[160.042,-8.912],[160.038,-8.895],[160.034,-8.883],[160.025,-8.879],[160.017,-8.881],[159.999,-8.881],[159.999,-8.885],[159.989,-8.894],[159.986,-8.909],[159.989,-8.917],[160.001,-8.903]]},"properties":{"fid":1136,"name":"Vatilau","desc":"alt_name=Buena Vista\nname=Vatilau\nplace=island\ntype=multipolygon\nwikidata=Q49634048","country":"Solomon Islands"}},
{"type":"Feature","geometry":{"type":"LineString","coordinates":[[159.986,-8.894],[159.99,-8.889],[159.979,-8.882],[159.976,-8.892],[159.978,-8.901],[159.986,-8.894]]},"properties":{"fid":1137,"name":"Danisavo","desc":"name=Danisavo\nplace=island\ntype=multipolygon\nwikidata=Q49640301","country":"Solomon Islands"}},
{"type":"Feature","geometry":{"type":"LineString","coordinates":[[160.059,-8.946],[160.051,-8.946],[160.039,-8.95],[160.038,-8.959],[160.05,-8.961],[160.059,-8.946]]},"properties":{"fid":1143,"name":"Mangalonga","desc":"name=Mangalonga\nplace=island\ntype=multipolygon\nwikidata=Q49656602","country":"Solomon Islands"}},
{"type":"Feature","geometry":{"type":"LineString","coordinates":[[160.024,-8.986],[160.021,-8.973],[160.015,-8.975],[160.024,-8.986]]},"properties":{"fid":1145,"name":"Soghonara Island","desc":"name=Soghonara Island\nplace=islet\ntype=multipolygon\nwikidata=Q136065351","country":"Solomon Islands"}},
{"type":"Feature","geometry":{"type":"LineString","coordinates":[[168.823,-12.291],[168.814,-12.298],[168.819,-12.308],[168.834,-12.303],[168.844,-12.298],[168.844,-12.291],[168.84,-12.285],[168.83,-12.283],[168.823,-12.291]]},"properties":{"fid":1149,"name":"Tikopia","desc":"Schalansky_ref=116\nname=Tikopia\nplace=island\ntype=multipolygon\nwikidata=Q889519\nwikipedia=en:Tikopia","country":"Solomon Islands"}},
{"type":"Feature","geometry":{"type":"LineString","coordinates":[[166.31,-10.318],[166.319,-10.312],[166.33,-10.307],[166.333,-10.295],[166.318,-10.296],[166.305,-10.317],[166.31,-10.318]]},"properties":{"fid":1150,"name":"Ngawa","desc":"name=Ngawa\nplace=island\ntype=multipolygon\nwikidata=Q55625140\nwikipedia=en:Ngawa Island","country":"Solomon Islands"}},
{"type":"Feature","geometry":{"type":"LineString","coordinates":[[166.065,-10.823],[166.079,-10.812],[166.088,-10.793],[166.083,-10.784],[166.074,-10.784],[166.048,-10.8],[166.026,-10.809],[166.026,-10.817],[166.034,-10.817],[166.042,-10.828],[166.047,-10.829],[166.065,-10.823]]},"properties":{"fid":1161,"name":"Nibang Noi Island","desc":"int_name=Lord Howe Island\nname=Nibang Noi Island\nplace=island\ntype=multipolygon\nwikidata=Q56275676\nwikipedia=en:Temotu Noi","country":"Solomon Islands"}},
{"type":"Feature","geometry":{"type":"LineString","coordinates":[[157.627,-7.435],[157.625,-7.449],[157.641,-7.454],[157.645,-7.453],[157.644,-7.436],[157.627,-7.435]]},"properties":{"fid":1162,"name":"Susuku Island","desc":"name=Susuku Island\nplace=island\ntype=multipolygon","country":"Solomon Islands"}},
{"type":"Feature","geometry":{"type":"LineString","coordinates":[[165.805,-10.698],[165.813,-10.699],[165.822,-10.685],[165.824,-10.673],[165.819,-10.661],[165.809,-10.653],[165.802,-10.653],[165.797,-10.662],[165.796,-10.675],[165.79,-10.691],[165.784,-10.701],[165.805,-10.698]]},"properties":{"fid":1165,"name":"Tömotu Neo","desc":"int_name=Melo Island\nname=Tömotu Neo\nplace=island\ntype=multipolygon\nwikidata=Q3014134","country":"Solomon Islands"}},
{"type":"Feature","geometry":{"type":"LineString","coordinates":[[156.711,-7.958],[156.717,-7.95],[156.709,-7.948],[156.711,-7.958]]},"properties":{"fid":1171,"name":"Liapari","desc":"name=Liapari\nplace=islet\ntype=multipolygon\nwikidata=Q6540172\nwikipedia=en:Liapari","country":"Solomon Islands"}},
{"type":"Feature","geometry":{"type":"LineString","coordinates":[[160.876,-9.825],[160.88,-9.816],[160.872,-9.809],[160.864,-9.794],[160.852,-9.794],[160.856,-9.802],[160.864,-9.811],[160.869,-9.827],[160.859,-9.825],[160.858,-9.835],[160.875,-9.835],[160.876,-9.825]]},"properties":{"fid":1182,"name":"Marapa","desc":"name=Marapa\nplace=island\ntype=multipolygon\nwikidata=Q1892296","country":"Solomon Islands"}},
{"type":"Feature","geometry":{"type":"LineString","coordinates":[[160.817,-9.814],[160.805,-9.81],[160.807,-9.823],[160.812,-9.834],[160.822,-9.832],[160.82,-9.819],[160.817,-9.814]]},"properties":{"fid":1183,"name":"Wahere Island","desc":"name=Wahere Island\nplace=island\ntype=multipolygon","country":"Solomon Islands"}},
{"type":"Feature","geometry":{"type":"LineString","coordinates":[[160.847,-9.84],[160.841,-9.831],[160.836,-9.839],[160.847,-9.84]]},"properties":{"fid":1184,"name":"Towara'o","desc":"name=Towara'o\nplace=island\ntype=multipolygon","country":"Solomon Islands"}},
{"type":"Feature","geometry":{"type":"LineString","coordinates":[[160.83,-9.796],[160.829,-9.785],[160.814,-9.789],[160.816,-9.799],[160.808,-9.8],[160.81,-9.811],[160.824,-9.809],[160.83,-9.796]]},"properties":{"fid":1185,"name":"Maruiapa","desc":"alt_name=Beagle Island\nname=Maruiapa\nplace=island\ntype=multipolygon","country":"Solomon Islands"}},
{"type":"Feature","geometry":{"type":"LineString","coordinates":[[159.052,-9.006],[159.057,-9.008],[159.059,-8.99],[159.052,-8.989],[159.044,-8.998],[159.052,-9.006]]},"properties":{"fid":1186,"name":"Leru","desc":"name=Leru\nplace=island\ntype=multipolygon\nwikidata=Q49651272","country":"Solomon Islands"}},
{"type":"Feature","geometry":{"type":"LineString","coordinates":[[159.032,-9.015],[159.028,-9.019],[159.033,-9.036],[159.041,-9.039],[159.044,-9.024],[159.035,-9.023],[159.032,-9.015]]},"properties":{"fid":1187,"name":"Mane","desc":"name=Mane\nplace=island\ntype=multipolygon\nwikidata=Q49656579","country":"Solomon Islands"}},
{"type":"Feature","geometry":{"type":"LineString","coordinates":[[159.099,-8.978],[159.096,-8.989],[159.073,-8.982],[159.071,-8.991],[159.087,-8.988],[159.096,-8.992],[159.107,-8.992],[159.107,-8.979],[159.099,-8.978]]},"properties":{"fid":1278,"name":"Marulaon","desc":"name=Marulaon\nplace=island\ntype=multipolygon\nwikidata=Q49657227","country":"Solomon Islands"}},
{"type":"Feature","geometry":{"type":"LineString","coordinates":[[-146.394,-15.305],[-146.385,-15.305],[-146.359,-15.316],[-146.347,-15.319],[-146.325,-15.319],[-146.313,-15.315],[-146.298,-15.315],[-146.287,-15.319],[-146.252,-15.327],[-146.235,-15.329],[-146.2,-15.337],[-146.196,-15.333],[-146.219,-15.33],[-146.282,-15.318],[-146.304,-15.309],[-146.329,-15.315],[-146.347,-15.315],[-146.361,-15.312],[-146.371,-15.307],[-146.379,-15.3],[-146.385,-15.299],[-146.394,-15.305]]},"properties":{"fid":1286,"name":"relation/19184693","desc":"boundary=place\nplace=island\ntype=boundary","country":"French Polynesia"}},
{"type":"Feature","geometry":{"type":"MultiLineString","coordinates":[[[-151.771,-16.464],[-151.779,-16.463],[-151.785,-16.47],[-151.778,-16.479],[-151.772,-16.477],[-151.771,-16.464]],[[-151.771,-16.518],[-151.77,-16.528],[-151.763,-16.529],[-151.765,-16.513],[-151.771,-16.518]],[[-151.73,-16.532],[-151.724,-16.521],[-151.721,-16.497],[-151.724,-16.49],[-151.718,-16.483],[-151.723,-16.479],[-151.732,-16.48],[-151.735,-16.474],[-151.744,-16.473],[-151.744,-16.464],[-151.761,-16.47],[-151.763,-16.475],[-151.751,-16.48],[-151.744,-16.488],[-151.75,-16.492],[-151.758,-16.487],[-151.762,-16.494],[-151.753,-16.499],[-151.751,-16.51],[-151.733,-16.521],[-151.746,-16.531],[-151.738,-16.541],[-151.73,-16.532]],[[-151.713,-16.469],[-151.711,-16.468]],[[-151.711,-16.468],[-151.707,-16.47]],[[-151.707,-16.47],[-151.7,-16.476]],[[-151.7,-16.476],[-151.694,-16.481],[-151.691,-16.48],[-151.699,-16.474]],[[-151.699,-16.474],[-151.706,-16.47]],[[-151.706,-16.47],[-151.71,-16.467]],[[-151.71,-16.467],[-151.711,-16.466]],[[-151.711,-16.466],[-151.712,-16.465],[-151.713,-16.466],[-151.713,-16.469]]]},"properties":{"fid":1288,"name":"Bora-Bora","desc":"is_in:country=Polynésie française\nis_in:ocean=Pacific Ocean\nloc_name=Pora Pora\nname=Bora-Bora\nname:af=Bora Bora\nname:ar=بورا بورا\nname:arz=بورا بورا\nname:az=Bora-Bora\nname:ban=Bora Bora\nname:be=Бора-Бора\nname:bg=Бора Бора\nname:bn=বোরা বোরা দ্বীপপুঞ্জ\nname:bs=Bora Bora\nname:ca=Bora Bora\nname:ckb=بۆرا بۆرا\nname:cs=Bora-Bora\nname:cy=Bora Bora\nname:da=Bora Bora\nname:de=Bora-Bora\nname:el=Μπόρα Μπόρα\nname:eo=Bora Bora\nname:es=Bora-Bora\nname:et=Bora Bora\nname:eu=Bora Bora\nname:fa=بورا بورا\nname:fi=Bora Bora\nname:fr=Bora-Bora\nname:gl=Atol Bora Bora\nname:he=בורה בורה\nname:hif=Bora Bora\nname:hr=Bora Bora\nname:hu=Bora Bora\nname:hy=Բորա Բորա\nname:id=Bora Bora\nname:it=Bora Bora\nname:ja=ボラボラ島\nname:ka=ბორა-ბორა\nname:kk=Бора-Бора\nname:ko=보라보라섬\nname:lt=Bora Bora\nname:mk=Бора Бора\nname:ml=ബോറ ബോറ\nname:mr=बोरा बोरा\nname:nl=Bora Bora\nname:no=Bora Bora\nname:oc=Bora Bora\nname:pl=Bora-Bora\nname:pt=Bora Bora\nname:ro=Bora Bora\nname:ru=Бора-Бора\nname:sh=Bora Bora\nname:sk=Bora Bora\nname:sl=Bora Bora\nname:sq=Bora Bora\nname:sr=Бора Бора\nname:su=Bora Bora\nname:sv=Bora-Bora\nname:ta=போரா போரா\nname:th=บอราบอรา\nname:tr=Bora Bora\nname:ty=Porapora\nname:uk=Бора-Бора\nname:ur=بورا بورا\nname:vi=Bora Bora\nname:war=Bora Bora\nname:wuu=波拉波拉岛\nname:zh=波拉波拉島\nnote=named Bolabolla by Cook.\nold_name=Vavau\nplace=island\nplace:wikidata=Q183113\ntype=multipolygon\nwikipedia=fr:Bora-Bora","country":"French Polynesia"}},
{"type":"Feature","geometry":{"type":"MultiLineString","coordinates":[[[-152.274,-16.426],[-152.285,-16.424],[-152.289,-16.427],[-152.295,-16.448],[-152.295,-16.458],[-152.283,-16.46],[-152.28,-16.451],[-152.285,-16.444],[-152.284,-16.428],[-152.274,-16.426]],[[-152.264,-16.44],[-152.263,-16.45],[-152.253,-16.457],[-152.247,-16.445],[-152.249,-16.438],[-152.26,-16.436],[-152.264,-16.44]]]},"properties":{"fid":1289,"name":"Maupiti","desc":"name=Maupiti\nplace=island\ntype=multipolygon","country":"French Polynesia"}},
{"type":"Feature","geometry":{"type":"LineString","coordinates":[[-146.523,-15.777],[-146.493,-15.805],[-146.485,-15.821],[-146.494,-15.831],[-146.48,-15.836],[-146.48,-15.824],[-146.488,-15.808],[-146.503,-15.791],[-146.523,-15.777]]},"properties":{"fid":1303,"name":"relation/19628591","desc":"place=islet\ntype=multipolygon","country":"French Polynesia"}},
{"type":"Feature","geometry":{"type":"LineString","coordinates":[[-154.533,-15.815],[-154.539,-15.811],[-154.544,-15.819],[-154.541,-15.826],[-154.533,-15.815]]},"properties":{"fid":1305,"name":"relation/19877802","desc":"place=islet\ntype=multipolygon","country":"French Polynesia"}},
{"type":"Feature","geometry":{"type":"LineString","coordinates":[[179.101,-8.607],[179.1,-8.607],[179.097,-8.612],[179.098,-8.612],[179.101,-8.607]]},"properties":{"fid":1307,"name":"Funafala","desc":"name=Funafala\nnatural=coastline\nplace=islet\ntype=multipolygon\nwikidata=Q2423894","country":"Tuvalu"}},
{"type":"Feature","geometry":{"type":"LineString","coordinates":[[157.344,-8.312],[157.333,-8.335],[157.342,-8.331],[157.345,-8.32],[157.344,-8.312]]},"properties":{"fid":1364,"name":"Ndume Island","desc":"name=Ndume Island\nplace=island\ntype=multipolygon\nwikidata=Q49662075","country":"Solomon Islands"}},
{"type":"Feature","geometry":{"type":"LineString","coordinates":[[174.635,-21.742],[174.643,-21.74],[174.648,-21.734],[174.637,-21.726],[174.623,-21.73],[174.617,-21.736],[174.621,-21.743],[174.635,-21.742]]},"properties":{"fid":1365,"name":"Ceva-i-Ra","desc":"ele=1.8\nname=Ceva-i-Ra\nname:en=Conway Reef\nname:fj=Ceva-i-Ra\nnatural=reef\nplace=island\ntype=multipolygon\nwikidata=Q1057861\nwikipedia=en:Conway Reef","country":"Fiji"}},
{"type":"Feature","geometry":{"type":"LineString","coordinates":[[170.873,10.269],[170.872,10.282],[170.878,10.293],[170.875,10.3],[170.866,10.295],[170.867,10.286],[170.863,10.272],[170.873,10.269]]},"properties":{"fid":1371,"name":"Mejit","desc":"alt_name=Mājej\nalt_name:mh=Mājeej\nname=Mejit\nname:mh=Mājej\nplace=island\npopulation=300\ntype=multipolygon\nwikidata=Q703543\nwikipedia=en:Mejit Island","country":"Marshall Islands"}},
{"type":"Feature","geometry":{"type":"LineString","coordinates":[[147.063,-9.523],[147.069,-9.516],[147.054,-9.513],[147.047,-9.509],[147.039,-9.513],[147.044,-9.519],[147.06,-9.52],[147.063,-9.523]]},"properties":{"fid":1372,"name":"Daugo Islands","desc":"name=Daugo Islands\nplace=island\ntype=multipolygon\nwikidata=Q49295650","country":"Papua New Guinea"}},
{"type":"Feature","geometry":{"type":"LineString","coordinates":[[150.645,-10.624],[150.635,-10.618],[150.625,-10.62],[150.635,-10.642],[150.641,-10.646],[150.656,-10.642],[150.657,-10.634],[150.645,-10.624]]},"properties":{"fid":1387,"name":"Rogeia Island","desc":"GNS:id=-2199124\nalt_name=Logeia Island\ngns:dsg=ISL\ngns:uni=-3043706\nname=Rogeia Island\nnatural=coastline\nplace=island\nsource=GNS\nwikidata=Q49675090","country":"Papua New Guinea"}},
{"type":"Feature","geometry":{"type":"LineString","coordinates":[[150.719,-10.687],[150.705,-10.697],[150.713,-10.708],[150.719,-10.703],[150.728,-10.702],[150.723,-10.688],[150.719,-10.687]]},"properties":{"fid":1389,"name":"Doini Island","desc":"gns:dsg=ISL\ngns:uni=-3028100\nis_in:state=Milne Bay Province\nname=Doini Island\nnatural=coastline\nplace=island\nsource=GNS\nwikidata=Q25059403","country":"Papua New Guinea"}},
{"type":"Feature","geometry":{"type":"LineString","coordinates":[[150.726,-10.631],[150.729,-10.635],[150.74,-10.626],[150.746,-10.631],[150.751,-10.623],[150.735,-10.611],[150.744,-10.606],[150.745,-10.598],[150.736,-10.6],[150.727,-10.606],[150.725,-10.611],[150.716,-10.607],[150.721,-10.595],[150.721,-10.58],[150.711,-10.579],[150.703,-10.575],[150.698,-10.578],[150.7,-10.586],[150.681,-10.6],[150.685,-10.611],[150.704,-10.609],[150.709,-10.623],[150.72,-10.624],[150.726,-10.631]]},"properties":{"fid":1393,"name":"Sariba Island","desc":"name=Sariba Island\nnatural=coastline\nplace=island\nwikidata=Q25059554","country":"Papua New Guinea"}},
{"type":"Feature","geometry":{"type":"LineString","coordinates":[[150.958,-10.591],[150.946,-10.594],[150.929,-10.603],[150.921,-10.604],[150.919,-10.614],[150.905,-10.633],[150.904,-10.653],[150.907,-10.657],[150.921,-10.65],[150.92,-10.643],[150.933,-10.633],[150.941,-10.638],[150.957,-10.638],[150.97,-10.644],[150.989,-10.634],[150.993,-10.643],[151,-10.641],[151.011,-10.658],[151.008,-10.662],[151.014,-10.672],[151.025,-10.667],[151.031,-10.673],[151.05,-10.668],[151.068,-10.652],[151.054,-10.645],[151.045,-10.643],[151.057,-10.62],[151.069,-10.617],[151.072,-10.608],[151.066,-10.604],[151.062,-10.596],[151.055,-10.592],[151.049,-10.598],[151.027,-10.603],[151.029,-10.591],[151.026,-10.58],[151.005,-10.587],[151.001,-10.595],[150.995,-10.597],[150.988,-10.588],[150.958,-10.591]]},"properties":{"fid":1395,"name":"Basilaki Island","desc":"fixme=coastline needs detailing\ngns:dsg=ISL\ngns:uni=-3025318\nname=Basilaki Island\nnatural=coastline\nplace=island\nsource=GNS\nwikidata=Q3695598","country":"Papua New Guinea"}},
{"type":"Feature","geometry":{"type":"LineString","coordinates":[[150.925,-10.66],[150.918,-10.659],[150.918,-10.676],[150.929,-10.682],[150.933,-10.673],[150.926,-10.666],[150.925,-10.66]]},"properties":{"fid":1396,"name":"Weitoa Island","desc":"GNS:id=-2203468\ngns:dsg=ISL\ngns:uni=-3049616\nname=Weitoa Island\nnatural=coastline\nplace=island\nsource=GNS","country":"Papua New Guinea"}},
{"type":"Feature","geometry":{"type":"LineString","coordinates":[[151.09,-10.656],[151.079,-10.658],[151.079,-10.667],[151.089,-10.667],[151.098,-10.67],[151.101,-10.664],[151.09,-10.656]]},"properties":{"fid":1398,"name":"Kaiti Island","desc":"GNS:id=-2191112\nalt_name=Lilivea Island\ngns:dsg=ISL\ngns:uni=-3032868\nname=Kaiti Island\nnatural=coastline\nplace=island\nsource=GNS\nwikidata=Q49645016","country":"Papua New Guinea"}},
{"type":"Feature","geometry":{"type":"LineString","coordinates":[[151.24,-10.709],[151.231,-10.714],[151.243,-10.719],[151.251,-10.711],[151.24,-10.709]]},"properties":{"fid":1403,"name":"Anagusa Island","desc":"GNS:id=-2185830\nalt_name=Anagusa\ngns:dsg=ISL\ngns:uni=-3025581\nname=Anagusa Island\nname:en=Bentley Island\nnatural=coastline\nplace=island\nsource=GNS","country":"Papua New Guinea"}},
{"type":"Feature","geometry":{"type":"LineString","coordinates":[[151.204,-10.589],[151.198,-10.581],[151.186,-10.586],[151.206,-10.598],[151.204,-10.589]]},"properties":{"fid":1404,"name":"Tubetube","desc":"GNS:id=-2200325\nalt_name=Tube Tube Island\ngns:dsg=ISL\ngns:uni=-3027036\nname=Tubetube\nname:en=Slade Island\nnatural=coastline\nplace=island\nsource=GNS","country":"Papua New Guinea"}},
{"type":"Feature","geometry":{"type":"LineString","coordinates":[[151.24,-10.607],[151.233,-10.613],[151.255,-10.62],[151.256,-10.614],[151.246,-10.607],[151.24,-10.607]]},"properties":{"fid":1405,"name":"Naunalualua","desc":"GNS:id=-2200320\nalt_name=Naunalualua Island;Naluwaluwali;Naluwaluwali Island\ngns:dsg=ISL\ngns:uni=-3045368\nname=Naunalualua\nname:en=Skelton Island\nnatural=coastline\nplace=island\nsource=GNS\nsource:name=GNS","country":"Papua New Guinea"}},
{"type":"Feature","geometry":{"type":"LineString","coordinates":[[151.288,-10.619],[151.304,-10.627],[151.306,-10.621],[151.288,-10.619]]},"properties":{"fid":1406,"name":"Kwaraiwa Island","desc":"GNS:id=-2203386\nalt_name=Kwalaiwa Island\ngns:dsg=ISL\ngns:uni=-3049506\nname=Kwaraiwa Island\nname:en=Watts Island\nnatural=coastline\nplace=island\nsource=GNS","country":"Papua New Guinea"}},
{"type":"Feature","geometry":{"type":"LineString","coordinates":[[151.015,-10.276],[150.998,-10.276],[151.005,-10.286],[151.014,-10.293],[151.035,-10.287],[151.04,-10.277],[151.034,-10.268],[151.025,-10.263],[151.021,-10.274],[151.015,-10.276]]},"properties":{"fid":1412,"name":"Nuakata Island","desc":"GNS:id=-2197079\ngns:dsg=ISL\ngns:uni=-3040957\nname=Nuakata Island\nnatural=coastline\nplace=island\nsource=GNS\nwikidata=Q7067784","country":"Papua New Guinea"}},
{"type":"Feature","geometry":{"type":"LineString","coordinates":[[150.602,-10.228],[150.596,-10.232],[150.594,-10.24],[150.604,-10.24],[150.614,-10.23],[150.602,-10.228]]},"properties":{"fid":1419,"name":"Netuli Island","desc":"GNS:id=-2196800\nalt_name=Catharine Island\ngns:dsg=ISL\ngns:uni=-3040541\nname=Netuli Island\nnatural=coastline\nplace=island\nsource=GNS\nwikidata=Q49662486","country":"Papua New Guinea"}},
{"type":"Feature","geometry":{"type":"LineString","coordinates":[[150.381,-10.762],[150.396,-10.753],[150.39,-10.749],[150.382,-10.753],[150.381,-10.762]]},"properties":{"fid":1424,"name":"Badila Bedda Bedda Bonarua Island","desc":"GNS:id=-2185244\ngns:dsg=ISL\ngns:uni=-3024774\nname=Badila Bedda Bedda Bonarua Island\nnatural=coastline\nplace=island\nsource=GNS\nwikidata=Q49632191","country":"Papua New Guinea"}},
{"type":"Feature","geometry":{"type":"LineString","coordinates":[[150.293,-10.73],[150.291,-10.721],[150.285,-10.724],[150.285,-10.732],[150.293,-10.73]]},"properties":{"fid":1427,"name":"Baibesiga Island","desc":"GNS:id=-2185317\nalt_name=Igligoli Island;Igoigoli Island;Baibesika Island\ngns:dsg=ISL\ngns:uni=-3024867\nis_in:country=Papua New Guinea\nis_in:country_code=PG\nis_in:state=Milne Bay Province\nname=Baibesiga Island\nnatural=coastline\nnote=Name Modify Date: 2021-02-04\nplace=island\nsource=GNS","country":"Papua New Guinea"}},
{"type":"Feature","geometry":{"type":"LineString","coordinates":[[150.254,-10.705],[150.257,-10.709],[150.269,-10.708],[150.267,-10.701],[150.256,-10.696],[150.254,-10.705]]},"properties":{"fid":1428,"name":"Suau Island","desc":"GNS:id=-2200600\ngns:dsg=ISL\ngns:uni=-3045766\nname=Suau Island\nnatural=coastline\nplace=island\nsource=GNS","country":"Papua New Guinea"}},
{"type":"Feature","geometry":{"type":"LineString","coordinates":[[149.836,-10.512],[149.841,-10.505],[149.846,-10.515],[149.858,-10.512],[149.864,-10.503],[149.862,-10.487],[149.842,-10.479],[149.827,-10.481],[149.831,-10.489],[149.826,-10.505],[149.829,-10.513],[149.836,-10.512]]},"properties":{"fid":1435,"name":"Bona Bona Island","desc":"GNS:id=-2186311\ngns:dsg=ISL\ngns:uni=-3026256\nname=Bona Bona Island\nnatural=coastline\nplace=island\nsource=GNS\nwikidata=Q49633723","country":null}},
{"type":"Feature","geometry":{"type":"LineString","coordinates":[[148.765,-10.146],[148.768,-10.151],[148.777,-10.147],[148.776,-10.139],[148.767,-10.137],[148.765,-10.146]]},"properties":{"fid":1444,"name":"Ganau Island","desc":"gns:dsg=ISL\ngns:uni=-3029481\nname=Ganau Island\nnatural=coastline\nplace=island\nsource=GNS\nwikidata=Q49638766","country":null}},
{"type":"Feature","geometry":{"type":"LineString","coordinates":[[148.718,-10.188],[148.729,-10.184],[148.735,-10.178],[148.735,-10.172],[148.721,-10.173],[148.712,-10.177],[148.71,-10.184],[148.718,-10.188]]},"properties":{"fid":1446,"name":"Abavi Island","desc":"gns:dsg=ISL\ngns:uni=-3022990\nname=Abavi Island\nnatural=coastline\nplace=island\nsource=GNS\nwikidata=Q49631323","country":null}},
{"type":"Feature","geometry":{"type":"LineString","coordinates":[[147.035,-9.453],[147.042,-9.45],[147.042,-9.442],[147.034,-9.435],[147.031,-9.445],[147.035,-9.453]]},"properties":{"fid":1451,"name":"Koderika","desc":"name=Koderika\nnatural=coastline\nplace=island","country":"Papua New Guinea"}},
{"type":"Feature","geometry":{"type":"LineString","coordinates":[[146.907,-9.15],[146.923,-9.14],[146.929,-9.129],[146.91,-9.125],[146.9,-9.12],[146.89,-9.124],[146.891,-9.134],[146.897,-9.143],[146.907,-9.15]]},"properties":{"fid":1452,"name":"way/21143279","desc":"natural=coastline\nplace=island","country":"Papua New Guinea"}},
{"type":"Feature","geometry":{"type":"LineString","coordinates":[[146.536,-8.838],[146.549,-8.829],[146.542,-8.813],[146.528,-8.804],[146.521,-8.78],[146.51,-8.779],[146.523,-8.819],[146.53,-8.832],[146.536,-8.838]]},"properties":{"fid":1454,"name":"Yule Island","desc":"GNS:id=-2204296\ngns:dsg=ISL\ngns:uni=-3050743\nis_in:country=Papua New Guinea\nis_in:country_code=PG\nis_in:state=Central Province\nname=Yule Island\nnatural=coastline\nnote=Check my location!\nplace=island\nsource=GNS\nwikidata=Q8060906","country":"Papua New Guinea"}},
{"type":"Feature","geometry":{"type":"LineString","coordinates":[[144.73,-7.356],[144.739,-7.349],[144.745,-7.336],[144.742,-7.321],[144.736,-7.335],[144.727,-7.345],[144.73,-7.356]]},"properties":{"fid":1456,"name":"way/21415748","desc":"natural=coastline\nplace=island","country":"Papua New Guinea"}},
{"type":"Feature","geometry":{"type":"LineString","coordinates":[[143.626,-8.075],[143.646,-8.073],[143.655,-8.075],[143.685,-8.092],[143.695,-8.094],[143.7,-8.089],[143.69,-8.063],[143.661,-8.037],[143.641,-8.026],[143.627,-8.022],[143.604,-8.014],[143.585,-8.012],[143.566,-8.021],[143.548,-8.027],[143.55,-8.036],[143.566,-8.07],[143.576,-8.079],[143.598,-8.081],[143.615,-8.079],[143.626,-8.075]]},"properties":{"fid":1457,"name":"Uapumba Island","desc":"GNS:id=-2202043\ngns:dsg=ISL\ngns:uni=-3047739\nis_in:country=Papua New Guinea\nis_in:state=Western Province\nname=Uapumba Island\nnatural=wood\nplace=island\nsource=GNS","country":"Papua New Guinea"}},
{"type":"Feature","geometry":{"type":"LineString","coordinates":[[143.651,-8.172],[143.676,-8.161],[143.686,-8.151],[143.689,-8.142],[143.686,-8.126],[143.676,-8.107],[143.652,-8.09],[143.636,-8.087],[143.599,-8.096],[143.579,-8.102],[143.581,-8.12],[143.587,-8.131],[143.607,-8.147],[143.631,-8.172],[143.639,-8.174],[143.651,-8.172]]},"properties":{"fid":1458,"name":"Naviu Island","desc":"GNS:id=-2196680\ngns:dsg=ISL\ngns:uni=-3040379\nis_in:country=Papua New Guinea\nis_in:state=Western Province\nname=Naviu Island\nnatural=wood\nplace=island\nsource=GNS\nwikidata=Q49661974","country":"Papua New Guinea"}},
{"type":"Feature","geometry":{"type":"LineString","coordinates":[[143.772,-8.502],[143.784,-8.5],[143.79,-8.489],[143.79,-8.483],[143.782,-8.466],[143.77,-8.452],[143.759,-8.444],[143.749,-8.443],[143.742,-8.438],[143.727,-8.438],[143.718,-8.46],[143.731,-8.471],[143.736,-8.479],[143.745,-8.485],[143.764,-8.493],[143.772,-8.502]]},"properties":{"fid":1459,"name":"Umuda Island","desc":"GNS:id=-2202249\ngns:dsg=ISL\ngns:uni=-3048012\nis_in:country=Papua New Guinea\nis_in:country_code=PG\nis_in:state=Western Province\nname=Umuda Island\nnatural=coastline\nplace=island\nsource=GNS","country":"Papua New Guinea"}},
{"type":"Feature","geometry":{"type":"LineString","coordinates":[[143.453,-8.764],[143.457,-8.735],[143.453,-8.719],[143.44,-8.704],[143.429,-8.705],[143.432,-8.724],[143.436,-8.737],[143.44,-8.768],[143.453,-8.764]]},"properties":{"fid":1460,"name":"Mibu Island","desc":"GNS:id=-2195574\ngns:dsg=ISL\ngns:uni=-3038876\nis_in:country=Papua New Guinea\nis_in:country_code=PG\nis_in:state=Western Province\nlanduse=forest\nmanaged=no\nname=Mibu Island\nnatural=coastline\nnote=Check my location!\nplace=island\nsource=GNS","country":"Papua New Guinea"}},
{"type":"Feature","geometry":{"type":"LineString","coordinates":[[143.391,-8.707],[143.406,-8.702],[143.4,-8.696],[143.383,-8.691],[143.365,-8.682],[143.365,-8.691],[143.383,-8.705],[143.391,-8.707]]},"properties":{"fid":1461,"name":"Dawari Island","desc":"GNS:id=-2187331\ngns:dsg=ISL\ngns:uni=-3027735\nis_in:country=Papua New Guinea\nis_in:country_code=PG\nis_in:state=Western Province\nlanduse=forest\nmanaged=no\nname=Dawari Island\nnatural=coastline\nnote=Check my location!\nplace=island\nsource=GNS\nwikidata=Q49636332","country":"Papua New Guinea"}},
{"type":"Feature","geometry":{"type":"LineString","coordinates":[[143.397,-8.677],[143.416,-8.687],[143.413,-8.677],[143.405,-8.665],[143.395,-8.657],[143.361,-8.651],[143.363,-8.661],[143.371,-8.665],[143.397,-8.677]]},"properties":{"fid":1462,"name":"Moroge Island","desc":"GNS:id=-2196007\ngns:dsg=ISL\ngns:uni=-3039456\nis_in:country=Papua New Guinea\nis_in:country_code=PG\nis_in:state=Western Province\nlanduse=forest\nmanaged=no\nname=Moroge Island\nnatural=coastline\nnote=Check my location!\nplace=island\nsource=GNS\nwikidata=Q49659764","country":"Papua New Guinea"}},
{"type":"Feature","geometry":{"type":"LineString","coordinates":[[143.322,-8.594],[143.339,-8.603],[143.343,-8.601],[143.338,-8.582],[143.314,-8.546],[143.286,-8.537],[143.279,-8.54],[143.292,-8.557],[143.296,-8.566],[143.322,-8.594]]},"properties":{"fid":1463,"name":"Dubuwaro Island","desc":"GNS:id=-2187739\ngns:dsg=ISL\ngns:uni=-3028278\nis_in:country=Papua New Guinea\nis_in:country_code=PG\nis_in:state=Western Province\nname=Dubuwaro Island\nnatural=coastline\nplace=island\nsource=GNS\nwikidata=Q49637017","country":"Papua New Guinea"}},
{"type":"Feature","geometry":{"type":"LineString","coordinates":[[143.655,-8.52],[143.669,-8.501],[143.669,-8.486],[143.661,-8.472],[143.637,-8.459],[143.628,-8.457],[143.611,-8.46],[143.6,-8.469],[143.597,-8.485],[143.597,-8.502],[143.6,-8.511],[143.608,-8.517],[143.622,-8.53],[143.634,-8.533],[143.642,-8.53],[143.655,-8.52]]},"properties":{"fid":1464,"name":"Abaurai Island","desc":"GNS:id=-2183893\ngns:dsg=ISL\ngns:uni=-3022987\nis_in:country=Papua New Guinea\nis_in:country_code=PG\nis_in:state=Western Province\nname=Abaurai Island\nnatural=coastline\nnote=Name Modify Date: 1997-01-24\nplace=island\nsource=GNS","country":"Papua New Guinea"}},
{"type":"Feature","geometry":{"type":"LineString","coordinates":[[142.902,-8.334],[142.917,-8.341],[142.929,-8.343],[142.948,-8.344],[142.946,-8.334],[142.919,-8.327],[142.907,-8.327],[142.893,-8.32],[142.891,-8.326],[142.902,-8.334]]},"properties":{"fid":1465,"name":"Reginimi Island","desc":"GNS:id=-2199014\ngns:dsg=ISL\ngns:uni=-3043556\nis_in:country=Papua New Guinea\nis_in:country_code=PG\nis_in:state=Western Province\nname=Reginimi Island\nnatural=coastline\nnote=Check my location!\nplace=island\nsource=GNS","country":"Papua New Guinea"}},
{"type":"Feature","geometry":{"type":"LineString","coordinates":[[143.101,-8.343],[143.122,-8.333],[143.133,-8.322],[143.128,-8.318],[143.113,-8.32],[143.082,-8.326],[143.056,-8.334],[143.034,-8.345],[143.022,-8.354],[143.025,-8.369],[143.034,-8.367],[143.042,-8.36],[143.08,-8.352],[143.101,-8.343]]},"properties":{"fid":1466,"name":"Abo Island","desc":"GNS:id=-2183925\ngns:dsg=ISL\ngns:uni=-3023027\nis_in:country=Papua New Guinea\nis_in:country_code=PG\nis_in:state=Western Province\nname=Abo Island\nnatural=coastline\nplace=island\nsource=GNS","country":"Papua New Guinea"}},
{"type":"Feature","geometry":{"type":"LineString","coordinates":[[143.213,-8.311],[143.23,-8.309],[143.232,-8.304],[143.217,-8.302],[143.185,-8.301],[143.177,-8.305],[143.198,-8.311],[143.213,-8.311]]},"properties":{"fid":1467,"name":"way/21917754","desc":"natural=coastline\nplace=island","country":"Papua New Guinea"}},
{"type":"Feature","geometry":{"type":"LineString","coordinates":[[143.147,-8.472],[143.157,-8.482],[143.174,-8.493],[143.198,-8.506],[143.192,-8.493],[143.178,-8.47],[143.164,-8.464],[143.147,-8.453],[143.143,-8.456],[143.147,-8.472]]},"properties":{"fid":1468,"name":"Nikira Island","desc":"gns:dsg=ISL\ngns:uni=-3040681\nis_in:country=Papua New Guinea\nis_in:country_code=PG\nis_in:state=Western Province\nname=Nikira Island\nnatural=coastline\nplace=island\nsource=GNS\nwikidata=Q49663088","country":"Papua New Guinea"}},
{"type":"Feature","geometry":{"type":"LineString","coordinates":[[143.421,-8.585],[143.431,-8.586],[143.465,-8.599],[143.482,-8.609],[143.495,-8.623],[143.531,-8.636],[143.572,-8.652],[143.59,-8.664],[143.595,-8.675],[143.607,-8.683],[143.612,-8.696],[143.625,-8.7],[143.637,-8.688],[143.633,-8.645],[143.629,-8.639],[143.619,-8.635],[143.611,-8.635],[143.598,-8.628],[143.587,-8.625],[143.574,-8.609],[143.565,-8.606],[143.547,-8.593],[143.54,-8.582],[143.516,-8.569],[143.498,-8.553],[143.474,-8.526],[143.465,-8.52],[143.436,-8.505],[143.422,-8.501],[143.394,-8.49],[143.377,-8.48],[143.36,-8.476],[143.313,-8.47],[143.283,-8.464],[143.271,-8.46],[143.253,-8.448],[143.247,-8.44],[143.241,-8.425],[143.227,-8.411],[143.214,-8.404],[143.198,-8.409],[143.19,-8.419],[143.189,-8.425],[143.196,-8.429],[143.214,-8.445],[143.223,-8.456],[143.231,-8.462],[143.251,-8.471],[143.261,-8.482],[143.289,-8.496],[143.308,-8.503],[143.322,-8.506],[143.339,-8.512],[143.355,-8.523],[143.369,-8.536],[143.38,-8.549],[143.392,-8.568],[143.407,-8.58],[143.421,-8.585]]},"properties":{"fid":1470,"name":"Kiwai Island","desc":"GNS:id=-2192359\ngns:dsg=ISL\ngns:uni=-3034508\nis_in:country=Papua New Guinea\nis_in:country_code=PG\nis_in:state=Western Province\nname=Kiwai Island\nnatural=coastline\nplace=island\nsource=GNS\nwikidata=Q1277045","country":"Papua New Guinea"}},
{"type":"Feature","geometry":{"type":"LineString","coordinates":[[143.479,-8.333],[143.489,-8.328],[143.493,-8.32],[143.491,-8.313],[143.482,-8.309],[143.441,-8.307],[143.429,-8.306],[143.379,-8.305],[143.329,-8.31],[143.306,-8.317],[143.309,-8.323],[143.35,-8.315],[143.37,-8.316],[143.395,-8.323],[143.422,-8.326],[143.473,-8.334],[143.479,-8.333]]},"properties":{"fid":1471,"name":"Wariura Island","desc":"GNS:id=-2203283\ngns:dsg=ISL\ngns:uni=-3049369\nis_in:country=Papua New Guinea\nis_in:country_code=PG\nis_in:state=Western Province\nname=Wariura Island\nnatural=coastline\nplace=island\nsource=GNS","country":"Papua New Guinea"}},
{"type":"Feature","geometry":{"type":"LineString","coordinates":[[143.222,-8.358],[143.27,-8.355],[143.278,-8.35],[143.291,-8.338],[143.293,-8.332],[143.284,-8.323],[143.278,-8.322],[143.247,-8.326],[143.228,-8.327],[143.203,-8.327],[143.194,-8.328],[143.167,-8.329],[143.152,-8.331],[143.139,-8.336],[143.15,-8.346],[143.196,-8.357],[143.222,-8.358]]},"properties":{"fid":1472,"name":"Gebaro Island","desc":"GNS:id=-2188743\ngns:dsg=ISL\ngns:uni=-3029687\nis_in:country=Papua New Guinea\nis_in:country_code=PG\nis_in:state=Western Province\nname=Gebaro Island\nnatural=coastline\nplace=island\nsource=GNS","country":"Papua New Guinea"}},
{"type":"Feature","geometry":{"type":"LineString","coordinates":[[143.572,-8.373],[143.562,-8.359],[143.554,-8.358],[143.522,-8.361],[143.471,-8.362],[143.439,-8.36],[143.417,-8.361],[143.4,-8.366],[143.373,-8.367],[143.362,-8.361],[143.356,-8.353],[143.348,-8.348],[143.333,-8.345],[143.328,-8.347],[143.316,-8.367],[143.344,-8.384],[143.378,-8.412],[143.395,-8.421],[143.408,-8.423],[143.431,-8.429],[143.473,-8.416],[143.481,-8.416],[143.499,-8.43],[143.525,-8.44],[143.536,-8.44],[143.55,-8.435],[143.556,-8.429],[143.564,-8.409],[143.57,-8.4],[143.572,-8.373]]},"properties":{"fid":1473,"name":"Purutu Island","desc":"GNS:id=-2198727\ngns:dsg=ISL\ngns:uni=-3043156\nis_in:country=Papua New Guinea\nis_in:country_code=PG\nis_in:state=Western Province\nname=Purutu Island\nnatural=coastline\nplace=island\nsource=GNS\nwikidata=Q7261656","country":"Papua New Guinea"}},
{"type":"Feature","geometry":{"type":"LineString","coordinates":[[143.219,-9.071],[143.21,-9.067],[143.196,-9.07],[143.183,-9.081],[143.185,-9.093],[143.192,-9.1],[143.21,-9.102],[143.22,-9.091],[143.229,-9.087],[143.232,-9.077],[143.219,-9.071]]},"properties":{"fid":1474,"name":"Daru Island","desc":"GNS:id=-2187287\ngns:dsg=ISL\ngns:uni=-3027672\nis_in:country=Papua New Guinea\nis_in:country_code=PG\nis_in:state=Western Province\nname=Daru Island\nnatural=coastline\nnote=Check my location!\nplace=island\nsource=GNS\nwikidata=Q1187425","country":"Papua New Guinea"}},
{"type":"Feature","geometry":{"type":"LineString","coordinates":[[143.223,-9.142],[143.239,-9.147],[143.246,-9.147],[143.262,-9.14],[143.274,-9.114],[143.272,-9.098],[143.266,-9.096],[143.247,-9.094],[143.198,-9.124],[143.2,-9.133],[143.213,-9.14],[143.223,-9.142]]},"properties":{"fid":1475,"name":"Bristow Island","desc":"GNS:id=-2186518\ngns:dsg=ISL\ngns:uni=-3026571\nis_in:country=Papua New Guinea\nis_in:country_code=PG\nis_in:state=Western Province\nname=Bristow Island\nnatural=coastline\nnote=Check my location!\nplace=island\nsource=GNS\nwikidata=Q917993","country":"Papua New Guinea"}},
{"type":"Feature","geometry":{"type":"LineString","coordinates":[[142.3,-9.215],[142.306,-9.219],[142.316,-9.214],[142.309,-9.206],[142.284,-9.204],[142.3,-9.215]]},"properties":{"fid":1476,"name":"Kussa","desc":"GNS:id=-1582556\nname=Kussa\nnatural=coastline\nplace=island\nsource:name=GNS","country":"Papua New Guinea"}},
{"type":"Feature","geometry":{"type":"LineString","coordinates":[[141.989,-9.199],[142.007,-9.191],[142.021,-9.189],[142.011,-9.179],[142.005,-9.179],[141.971,-9.185],[141.965,-9.195],[141.966,-9.201],[141.981,-9.203],[141.989,-9.199]]},"properties":{"fid":1477,"name":"Kawa","desc":"name=Kawa\nnatural=coastline\nplace=island","country":"Papua New Guinea"}},
{"type":"Feature","geometry":{"type":"LineString","coordinates":[[142.051,-9.203],[142.06,-9.204],[142.068,-9.197],[142.073,-9.189],[142.064,-9.18],[142.051,-9.179],[142.029,-9.191],[142.035,-9.201],[142.051,-9.203]]},"properties":{"fid":1478,"name":"Mata Kawa","desc":"name=Mata Kawa\nnatural=coastline\nplace=island","country":"Papua New Guinea"}},
{"type":"Feature","geometry":{"type":"LineString","coordinates":[[147.266,-7.401],[147.25,-7.408],[147.245,-7.397],[147.24,-7.399],[147.233,-7.412],[147.238,-7.416],[147.239,-7.426],[147.248,-7.427],[147.256,-7.433],[147.261,-7.42],[147.267,-7.417],[147.275,-7.423],[147.279,-7.415],[147.269,-7.406],[147.266,-7.401]]},"properties":{"fid":1479,"name":"Lasanga Island","desc":"GNS:id=-2193751\ngns:dsg=ISL\ngns:uni=-3036339\nname=Lasanga Island\nnatural=coastline\nplace=island\nsource=GNS\nwikidata=Q49650675","country":"Papua New Guinea"}},
{"type":"Feature","geometry":{"type":"LineString","coordinates":[[147.598,-5.283],[147.589,-5.281],[147.574,-5.285],[147.565,-5.293],[147.556,-5.297],[147.554,-5.314],[147.554,-5.331],[147.57,-5.338],[147.577,-5.344],[147.597,-5.347],[147.605,-5.342],[147.619,-5.33],[147.628,-5.314],[147.624,-5.302],[147.617,-5.297],[147.615,-5.287],[147.609,-5.284],[147.598,-5.283]]},"properties":{"fid":1484,"name":"Tolokiwa Island","desc":"GNS:id=-2201635\nalt_name=Rocky Island\ngns:dsg=ISL\ngns:uni=-3047165\nis_in:country=Papua New Guinea\nis_in:country_code=PG\nis_in:state=Morobe Province\nname=Tolokiwa Island\nnatural=coastline\nnote=Check my location!\nplace=island\nsource=GNS","country":"Papua New Guinea"}},
{"type":"Feature","geometry":{"type":"LineString","coordinates":[[146.229,-4.766],[146.213,-4.77],[146.202,-4.778],[146.2,-4.812],[146.208,-4.811],[146.207,-4.819],[146.214,-4.827],[146.221,-4.825],[146.231,-4.829],[146.227,-4.81],[146.232,-4.808],[146.241,-4.821],[146.249,-4.82],[146.257,-4.806],[146.256,-4.78],[146.249,-4.766],[146.234,-4.763],[146.229,-4.766]]},"properties":{"fid":1485,"name":"Bagabag Island","desc":"GNS:id=-2185259\ngns:dsg=ISL\ngns:uni=-3024793\nis_in:country=Papua New Guinea\nis_in:country_code=PG\nis_in:state=Madang Province\nname=Bagabag Island\nnatural=coastline\nnote=Check my location!\nplace=island\nsource=GNS\nwikidata=Q799818","country":"Papua New Guinea"}},
{"type":"Feature","geometry":{"type":"LineString","coordinates":[[145.037,-4.032],[145.026,-4.032],[145.011,-4.041],[144.995,-4.044],[144.989,-4.067],[144.999,-4.111],[145.004,-4.11],[145.013,-4.12],[145.027,-4.124],[145.047,-4.123],[145.067,-4.112],[145.076,-4.101],[145.075,-4.089],[145.079,-4.084],[145.081,-4.067],[145.078,-4.059],[145.069,-4.046],[145.059,-4.037],[145.037,-4.032]]},"properties":{"fid":1486,"name":"Manam","desc":"name=Manam\nnatural=coastline\nold_name:de=Hansa Insel / Vulcan Insel\nplace=island\nwikidata=Q1888667","country":"Papua New Guinea"}},
{"type":"Feature","geometry":{"type":"LineString","coordinates":[[144.594,-3.61],[144.593,-3.604],[144.586,-3.6],[144.581,-3.606],[144.583,-3.612],[144.594,-3.61]]},"properties":{"fid":1488,"name":"Kadovar","desc":"gns:dsg=ISL\ngns:uni=-3032707\nname=Kadovar\nname:en=Kadovar Island\nnatural=coastline\nplace=island\nsource=GNS, Landsat\nwikipedia=fr:Kadovar","country":"Papua New Guinea"}},
{"type":"Feature","geometry":{"type":"LineString","coordinates":[[143.565,-3.323],[143.552,-3.314],[143.538,-3.31],[143.515,-3.314],[143.52,-3.324],[143.519,-3.338],[143.513,-3.341],[143.503,-3.332],[143.503,-3.341],[143.509,-3.355],[143.533,-3.364],[143.541,-3.362],[143.553,-3.371],[143.571,-3.379],[143.587,-3.377],[143.605,-3.373],[143.617,-3.362],[143.606,-3.351],[143.589,-3.344],[143.576,-3.334],[143.565,-3.323]]},"properties":{"fid":1489,"name":"Kairiru Island","desc":"gns:dsg=ISL\ngns:uni=-3032847\nname=Kairiru Island\nnatural=coastline\nplace=island\nsource=GNS","country":"Papua New Guinea"}},
{"type":"Feature","geometry":{"type":"LineString","coordinates":[[143.591,-3.391],[143.576,-3.385],[143.569,-3.386],[143.552,-3.381],[143.537,-3.386],[143.55,-3.4],[143.573,-3.409],[143.572,-3.417],[143.554,-3.414],[143.55,-3.417],[143.56,-3.428],[143.548,-3.436],[143.56,-3.441],[143.568,-3.447],[143.592,-3.442],[143.6,-3.433],[143.619,-3.433],[143.619,-3.424],[143.628,-3.421],[143.628,-3.41],[143.614,-3.41],[143.601,-3.401],[143.6,-3.396],[143.591,-3.391]]},"properties":{"fid":1490,"name":"Muschu Island","desc":"alt_name=Mushu Island\ngns:dsg=ISL\ngns:uni=-3039833\nname=Muschu Island\nnatural=coastline\nplace=island\nsource=GNS","country":"Papua New Guinea"}},
{"type":"Feature","geometry":{"type":"LineString","coordinates":[[-145.862,-15.967],[-145.86,-15.962],[-145.865,-15.954],[-145.879,-15.939],[-145.881,-15.942],[-145.865,-15.958],[-145.862,-15.967]]},"properties":{"fid":1494,"name":"Teahuroa","desc":"name=Teahuroa\nnatural=coastline\nplace=island","country":"French Polynesia"}},
{"type":"Feature","geometry":{"type":"LineString","coordinates":[[-176.171,-13.283],[-176.162,-13.265],[-176.168,-13.253],[-176.174,-13.252],[-176.179,-13.245],[-176.186,-13.227],[-176.199,-13.219],[-176.21,-13.223],[-176.218,-13.23],[-176.223,-13.249],[-176.226,-13.252],[-176.224,-13.264],[-176.227,-13.282],[-176.251,-13.291],[-176.247,-13.313],[-176.23,-13.321],[-176.22,-13.329],[-176.217,-13.339],[-176.219,-13.348],[-176.205,-13.352],[-176.2,-13.344],[-176.191,-13.345],[-176.183,-13.349],[-176.176,-13.345],[-176.18,-13.338],[-176.187,-13.338],[-176.19,-13.327],[-176.186,-13.313],[-176.18,-13.305],[-176.183,-13.298],[-176.176,-13.285],[-176.171,-13.283]]},"properties":{"fid":1503,"name":"Île Uvéa","desc":"alt_name:en=Wallis Island\nname=Île Uvéa\nname:ckb=دوورگەی واڵیس\nname:de=Uvea\nname:en=Wallis\nname:hr=Uvea\nname:ku=Dûrgeha Wallîs\nnatural=coastline\nplace=island\nwikidata=Q489003\nwikipedia=en:Wallis (island)","country":"Wallis and Futuna"}},
{"type":"Feature","geometry":{"type":"LineString","coordinates":[[-146.603,-15.291],[-146.601,-15.275],[-146.603,-15.261],[-146.61,-15.25],[-146.645,-15.234],[-146.64,-15.24],[-146.612,-15.253],[-146.606,-15.262],[-146.603,-15.291]]},"properties":{"fid":1517,"name":"way/22382566","desc":"natural=coastline\nplace=island","country":"French Polynesia"}},
{"type":"Feature","geometry":{"type":"LineString","coordinates":[[-145.55,-17.382],[-145.544,-17.373],[-145.554,-17.372],[-145.55,-17.382]]},"properties":{"fid":1518,"name":"way/22382567","desc":"natural=coastline\nplace=islet\nsource=Bing","country":"French Polynesia"}},
{"type":"Feature","geometry":{"type":"LineString","coordinates":[[-171.079,-3.145],[-171.076,-3.14],[-171.082,-3.115],[-171.082,-3.106],[-171.087,-3.103],[-171.092,-3.111],[-171.091,-3.143],[-171.088,-3.147],[-171.079,-3.145]]},"properties":{"fid":1522,"name":"Enderbury Island","desc":"name=Enderbury Island\nname:de=Enderbury\nname:en=Enderbury Island\nname:zh=恩德伯里岛\nnatural=coastline\nplace=island\nsource=Bing\nwikidata=Q30638","country":null}},
{"type":"Feature","geometry":{"type":"LineString","coordinates":[[-171.23,-4.467],[-171.226,-4.46],[-171.237,-4.442],[-171.245,-4.439],[-171.262,-4.45],[-171.263,-4.456],[-171.251,-4.467],[-171.23,-4.467]]},"properties":{"fid":1554,"name":"Manra Island","desc":"name=Manra Island\nname:de=Manra\nname:en=Manra Island\nname:zh=曼拉岛\nnatural=coastline\nold_name=Sydney Island\nplace=island\nsource=PGS & Bing\nwikidata=Q48478","country":null}},
{"type":"Feature","geometry":{"type":"LineString","coordinates":[[-179.344,-17.765],[-179.333,-17.771],[-179.319,-17.77],[-179.303,-17.779],[-179.287,-17.77],[-179.279,-17.756],[-179.281,-17.738],[-179.284,-17.73],[-179.301,-17.722],[-179.316,-17.72],[-179.33,-17.724],[-179.338,-17.729],[-179.343,-17.742],[-179.346,-17.759],[-179.344,-17.765]]},"properties":{"fid":1564,"name":"Cicia Island","desc":"name=Cicia Island\nname:ru=Зизиа\nname:zh=西西亞島\nnatural=coastline\nplace=island\nwikidata=Q48312","country":null}},
{"type":"Feature","geometry":{"type":"LineString","coordinates":[[-179.712,-16.767],[-179.715,-16.751],[-179.726,-16.755],[-179.73,-16.752],[-179.741,-16.761],[-179.764,-16.742],[-179.777,-16.749],[-179.792,-16.748],[-179.795,-16.76],[-179.785,-16.767],[-179.794,-16.775],[-179.798,-16.794],[-179.785,-16.8],[-179.777,-16.791],[-179.763,-16.801],[-179.757,-16.796],[-179.748,-16.799],[-179.748,-16.79],[-179.752,-16.785],[-179.742,-16.772],[-179.732,-16.77],[-179.718,-16.782],[-179.712,-16.767]]},"properties":{"fid":1601,"name":"Qamea","desc":"alt_name=Qamea Island\nname=Qamea\nnatural=coastline\nplace=island","country":null}},
{"type":"Feature","geometry":{"type":"LineString","coordinates":[[-171.418,-14.065],[-171.42,-14.058],[-171.429,-14.063],[-171.423,-14.069],[-171.418,-14.065]]},"properties":{"fid":1620,"name":"Nuʻutele Island","desc":"admin_level=4\nboundary=administrative\nname=Nuʻutele Island\nnatural=coastline\nplace=islet","country":"Samoa"}},
{"type":"Feature","geometry":{"type":"LineString","coordinates":[[-151.811,-11.446],[-151.818,-11.422],[-151.827,-11.425],[-151.814,-11.445],[-151.811,-11.446]]},"properties":{"fid":1626,"name":"Flint Island","desc":"name=Flint Island\nname:de=Flint\nname:en=Flint Island\nname:zh=弗林特岛\nnatural=coastline\nplace=island\nwikidata=Q741650","country":null}},
{"type":"Feature","geometry":{"type":"LineString","coordinates":[[-146.697,-15.232],[-146.711,-15.221],[-146.714,-15.224],[-146.697,-15.232]]},"properties":{"fid":1633,"name":"way/22383968","desc":"natural=coastline\nplace=islet","country":"French Polynesia"}},
{"type":"Feature","geometry":{"type":"LineString","coordinates":[[-146.435,-15.346],[-146.431,-15.339],[-146.408,-15.317],[-146.413,-15.315],[-146.437,-15.338],[-146.444,-15.353],[-146.436,-15.359],[-146.435,-15.346]]},"properties":{"fid":1659,"name":"way/22384165","desc":"natural=coastline\nplace=island","country":"French Polynesia"}},
{"type":"Feature","geometry":{"type":"LineString","coordinates":[[-148.067,-17.868],[-148.076,-17.873],[-148.073,-17.879],[-148.063,-17.883],[-148.061,-17.871],[-148.067,-17.868]]},"properties":{"fid":1732,"name":"Meheti'a","desc":"admin_level=9\nalt_name=Mehetia\nboundary=administrative\nname=Meheti'a\nname:en=Mehetia\nname:fr=Meheti'a\nname:lt=Mehetia\nnatural=coastline\nofficial_name=Tairapu-Est\nofficial_name:description=Nom de la commune\nold_name=Meketu\nplace=island\nsource=SAU\nsource:geometry=Theodolite\nsource:geometry:date=2001\nwikidata=Q1340711\nwikipedia=en:Mehetia","country":"French Polynesia"}},
{"type":"Feature","geometry":{"type":"LineString","coordinates":[[-178.913,-18.863],[-178.921,-18.872],[-178.919,-18.884],[-178.899,-18.875],[-178.892,-18.869],[-178.882,-18.855],[-178.883,-18.849],[-178.896,-18.851],[-178.913,-18.863]]},"properties":{"fid":1737,"name":"Vuaqava Island","desc":"name=Vuaqava Island\nname:ru=Вуа-нгава\nnatural=coastline\nplace=island\nwikipedia=en:Vuaqava","country":null}},
{"type":"Feature","geometry":{"type":"LineString","coordinates":[[-145.562,-17.342],[-145.551,-17.337],[-145.562,-17.327],[-145.571,-17.325],[-145.586,-17.325],[-145.594,-17.329],[-145.586,-17.335],[-145.58,-17.335],[-145.568,-17.344],[-145.562,-17.342]]},"properties":{"fid":1742,"name":"Anaa","desc":"name=Anaa\nnatural=coastline\nplace=island","country":"French Polynesia"}},
{"type":"Feature","geometry":{"type":"LineString","coordinates":[[-159.732,-21.261],[-159.728,-21.255],[-159.727,-21.239],[-159.735,-21.216],[-159.749,-21.206],[-159.763,-21.203],[-159.775,-21.206],[-159.795,-21.199],[-159.817,-21.201],[-159.83,-21.216],[-159.831,-21.223],[-159.827,-21.242],[-159.819,-21.256],[-159.805,-21.259],[-159.794,-21.264],[-159.768,-21.268],[-159.756,-21.273],[-159.737,-21.268],[-159.732,-21.261]]},"properties":{"fid":1743,"name":"Rarotonga","desc":"name=Rarotonga\nname:ru=Раротонга\nnatural=coastline\nplace=island\ntimezone=Pacific/Rarotonga\ntimezone:note=The individual islands of the Cook Islands need to be put into a larger country-level relation.","country":"Cook Islands"}},
{"type":"Feature","geometry":{"type":"LineString","coordinates":[[-146.885,-15.278],[-146.889,-15.282],[-146.894,-15.302],[-146.886,-15.302],[-146.887,-15.294],[-146.885,-15.278]]},"properties":{"fid":1745,"name":"way/22384987","desc":"natural=coastline\nplace=island","country":"French Polynesia"}},
{"type":"Feature","geometry":{"type":"LineString","coordinates":[[-147.859,-14.953],[-147.864,-14.955],[-147.871,-14.974],[-147.866,-14.978],[-147.858,-14.958],[-147.859,-14.953]]},"properties":{"fid":1746,"name":"way/22384988","desc":"natural=coastline\nplace=island\nsource:geometry=Satellite photogrammetry\nsource:geometry:date=2015","country":"French Polynesia"}},
{"type":"Feature","geometry":{"type":"LineString","coordinates":[[-147.507,-15.297],[-147.501,-15.303],[-147.485,-15.315],[-147.478,-15.317],[-147.458,-15.314],[-147.461,-15.309],[-147.477,-15.313],[-147.483,-15.312],[-147.495,-15.301],[-147.507,-15.297]]},"properties":{"fid":1829,"name":"way/22385961","desc":"natural=coastline\nplace=island\nsource:geometry=Satellite photogrammetry\nsource:geometry:date=2015","country":"French Polynesia"}},
{"type":"Feature","geometry":{"type":"LineString","coordinates":[[-144.545,-14.943],[-144.553,-14.946],[-144.563,-14.96],[-144.548,-14.958],[-144.533,-14.95],[-144.532,-14.946],[-144.545,-14.943]]},"properties":{"fid":1849,"name":"Tikei","desc":"name=Tikei\nname:en=Tikei\nname:fr=Tikei\nname:ru=Тикеи\nnatural=coastline\nold_name=Manu;Tikai;Tiku;Île Belrekieglijk;Île Carlshoff;Île Romanzov\nold_name:de=Carlshoff Insel\nold_name:fr=Manu;Tikai;Tiku;Île Belrekieglijk;Île Carlshoff;Île Romanzov\nold_name:nl=Belrekieglijk Eiland\nold_name:ru=остров Румянцева\nold_name:ty=Manu;Tikai;Tiku\nplace=island\nwikidata=Q1814565\nwikipedia=fr:Tikei","country":"French Polynesia"}},
{"type":"Feature","geometry":{"type":"LineString","coordinates":[[-174.787,-20.244],[-174.806,-20.245],[-174.81,-20.254],[-174.785,-20.269],[-174.781,-20.266],[-174.779,-20.252],[-174.773,-20.243],[-174.775,-20.238],[-174.787,-20.244]]},"properties":{"fid":1859,"name":"Nomuka","desc":"name=Nomuka\nname:ru=Номука\nname:zh=諾穆卡島\nnatural=coastline\nplace=island\nsource=Bing\nwikidata=Q1641551\nwikipedia=en:Nomuka","country":"Tonga"}},
{"type":"Feature","geometry":{"type":"LineString","coordinates":[[-178.05,-14.353],[-178.042,-14.361],[-178.02,-14.345],[-178.005,-14.339],[-178.006,-14.332],[-178.026,-14.331],[-178.03,-14.324],[-178.042,-14.322],[-178.058,-14.327],[-178.067,-14.333],[-178.073,-14.346],[-178.05,-14.353]]},"properties":{"fid":1861,"name":"Île Alofi","desc":"name=Île Alofi\nnatural=coastline\nplace=island\nwikidata=Q1140790\nwikipedia=en:Alofi Island","country":"Wallis and Futuna"}},
{"type":"Feature","geometry":{"type":"LineString","coordinates":[[-178.827,-18.983],[-178.832,-18.993],[-178.823,-18.993],[-178.827,-18.983]]},"properties":{"fid":1866,"name":"Marabo island","desc":"name=Marabo island\nnatural=coastline\nplace=island","country":null}},
{"type":"Feature","geometry":{"type":"LineString","coordinates":[[-178.491,-18.962],[-178.491,-18.967],[-178.48,-18.972],[-178.484,-18.96],[-178.491,-18.962]]},"properties":{"fid":1936,"name":"Navutu-I-Loma Island","desc":"name=Navutu-I-Loma Island\nnatural=coastline\nplace=island","country":null}},
{"type":"Feature","geometry":{"type":"LineString","coordinates":[[-174.704,-20.336],[-174.71,-20.326],[-174.715,-20.33],[-174.704,-20.336]]},"properties":{"fid":1966,"name":"Mango","desc":"name=Mango\nnatural=coastline\nplace=islet","country":"Tonga"}},
{"type":"Feature","geometry":{"type":"LineString","coordinates":[[-148.242,-15.114],[-148.24,-15.123],[-148.233,-15.126],[-148.231,-15.118],[-148.242,-15.114]]},"properties":{"fid":1970,"name":"way/22387256","desc":"natural=coastline\nplace=island\nsource:geometry=Theodolite\nsource:geometry:date=2017","country":"French Polynesia"}},
{"type":"Feature","geometry":{"type":"LineString","coordinates":[[-149.571,-16.984],[-149.582,-16.988],[-149.58,-16.998],[-149.571,-16.984]]},"properties":{"fid":2007,"name":"Tiaruanu","desc":"name=Tiaruanu\nnatural=coastline\nplace=island\nsource:geometry=Theodolite","country":"French Polynesia"}},
{"type":"Feature","geometry":{"type":"LineString","coordinates":[[-174.395,-19.891],[-174.408,-19.884],[-174.411,-19.906],[-174.421,-19.919],[-174.411,-19.923],[-174.4,-19.907],[-174.392,-19.899],[-174.395,-19.891]]},"properties":{"fid":2013,"name":"ʻUiha","desc":"name=ʻUiha\nnatural=coastline\nplace=island\nsource=Bing HiRes Aerial Image\nwikidata=Q1107778\nwikipedia=en:ʻUiha","country":"Tonga"}},
{"type":"Feature","geometry":{"type":"LineString","coordinates":[[-155.935,-5.632],[-155.932,-5.637],[-155.908,-5.643],[-155.89,-5.658],[-155.878,-5.663],[-155.862,-5.65],[-155.844,-5.646],[-155.838,-5.639],[-155.848,-5.63],[-155.857,-5.624],[-155.882,-5.626],[-155.891,-5.623],[-155.909,-5.629],[-155.935,-5.632]]},"properties":{"fid":2016,"name":"Starbuck Island","desc":"name=Starbuck Island\nname:en=Starbuck Island (Volunteer Island)\nname:ru=Старбак\nname:zh=斯塔巴克岛\nnatural=coastline\nplace=island\nwikidata=Q911028\nwikipedia=ru:Старбак (остров)","country":null}},
{"type":"Feature","geometry":{"type":"LineString","coordinates":[[-172.105,-13.861],[-172.101,-13.85],[-172.108,-13.84],[-172.121,-13.844],[-172.117,-13.855],[-172.105,-13.861]]},"properties":{"fid":2024,"name":"Manono","desc":"admin_level=4\nboundary=administrative\nname=Manono\nnatural=coastline\nplace=island\nwikidata=Q681871","country":"Samoa"}},
{"type":"Feature","geometry":{"type":"LineString","coordinates":[[-174.714,-19.957],[-174.705,-19.947],[-174.711,-19.939],[-174.719,-19.947],[-174.714,-19.957]]},"properties":{"fid":2053,"name":"Ha'afeva","desc":"name=Ha'afeva\nnatural=coastline\nplace=island\nwikidata=Q3711232\nwikipedia=en:Ha'afeva","country":"Tonga"}},
{"type":"Feature","geometry":{"type":"LineString","coordinates":[[-174.77,-20.011],[-174.774,-20.017],[-174.764,-20.022],[-174.759,-20.014],[-174.77,-20.011]]},"properties":{"fid":2068,"name":"Tungua","desc":"name=Tungua\nnatural=coastline\nplace=island\nwikidata=Q3711227\nwikipedia=en:Tungua","country":"Tonga"}},
{"type":"Feature","geometry":{"type":"LineString","coordinates":[[-174.269,-19.697],[-174.266,-19.695],[-174.268,-19.679],[-174.278,-19.668],[-174.29,-19.648],[-174.298,-19.646],[-174.298,-19.659],[-174.287,-19.668],[-174.288,-19.676],[-174.277,-19.686],[-174.269,-19.697]]},"properties":{"fid":2091,"name":"Ha'ano","desc":"name=Ha'ano\nnatural=coastline\nplace=island\nwikidata=Q1116587\nwikipedia=en:Ha'ano","country":"Tonga"}},
{"type":"Feature","geometry":{"type":"LineString","coordinates":[[-174.336,-19.762],[-174.328,-19.763],[-174.305,-19.759],[-174.296,-19.761],[-174.286,-19.757],[-174.281,-19.74],[-174.276,-19.731],[-174.281,-19.722],[-174.287,-19.723],[-174.297,-19.737],[-174.312,-19.739],[-174.335,-19.758],[-174.336,-19.762]]},"properties":{"fid":2095,"name":"Foa","desc":"name=Foa\nname:de=Foa\nname:zh=福阿島\nnatural=coastline\nplace=island\nsource=PGS & Bing\nwikidata=Q1002246\nwikipedia=en:Foa","country":"Tonga"}},
{"type":"Feature","geometry":{"type":"LineString","coordinates":[[-178.912,-17.193],[-178.909,-17.197],[-178.898,-17.192],[-178.893,-17.179],[-178.91,-17.187],[-178.912,-17.193]]},"properties":{"fid":2123,"name":"Avea Island","desc":"name=Avea Island\nnatural=coastline\nplace=island","country":null}},
{"type":"Feature","geometry":{"type":"LineString","coordinates":[[-148.281,-15.842],[-148.281,-15.852],[-148.275,-15.859],[-148.262,-15.868],[-148.247,-15.873],[-148.236,-15.868],[-148.225,-15.86],[-148.22,-15.845],[-148.228,-15.84],[-148.24,-15.839],[-148.248,-15.831],[-148.257,-15.817],[-148.258,-15.809],[-148.267,-15.805],[-148.273,-15.809],[-148.277,-15.818],[-148.278,-15.831],[-148.281,-15.842]]},"properties":{"fid":2130,"name":"Makatea","desc":"admin_level=9\nboundary=land_area\nland_area=administrative\nname=Makatea\nname:en=Makatea\nname:fr=Makatea\nname:ru=Макатеа\nnatural=coastline\nold_name=Mangaia-Te-Vai-Tamae;Île du Rafraîchissement;San Diego;Maka Tableland;Aurora;Papa Tea\nold_name:en=Maka Tableland;Aurora\nold_name:es=San Diego\nold_name:fr=Mangaia-Te-Vai-Tamae;Île du Rafraîchissement;San Diego;Maka Tableland;Aurora;Papa Tea\nold_name:nl=Eiland von Verkwikking\nold_name:ty=Mangaia-Te-Vai-Tamae;Papa Tea\nplace=island\nsource:geometry=Theodolite\nwikidata=Q118904\nwikipedia=fr:Makatea (île)","country":"French Polynesia"}},
{"type":"Feature","geometry":{"type":"LineString","coordinates":[[-174.717,-19.815],[-174.724,-19.806],[-174.728,-19.813],[-174.717,-19.815]]},"properties":{"fid":2131,"name":"Fotuhaʻa","desc":"name=Fotuhaʻa\nnatural=coastline\nplace=island\nwikidata=Q3711204\nwikipedia=en:Fotuha'a","country":"Tonga"}},
{"type":"Feature","geometry":{"type":"LineString","coordinates":[[-174.556,-19.831],[-174.546,-19.831],[-174.544,-19.824],[-174.553,-19.82],[-174.56,-19.826],[-174.556,-19.831]]},"properties":{"fid":2153,"name":"Lofanga","desc":"name=Lofanga\nnatural=coastline\nplace=island\nsource=Mapbox\nwikidata=Q6666649\nwikipedia=en:Lofanga","country":"Tonga"}},
{"type":"Feature","geometry":{"type":"LineString","coordinates":[[-178.795,-17.288],[-178.782,-17.289],[-178.777,-17.276],[-178.783,-17.273],[-178.791,-17.276],[-178.795,-17.288]]},"properties":{"fid":2203,"name":"Cikobia-i-Lau","desc":"name=Cikobia-i-Lau\nnatural=coastline\nplace=island\nwikidata=Q25645332","country":null}},
{"type":"Feature","geometry":{"type":"LineString","coordinates":[[-158.945,-19.287],[-158.952,-19.285],[-158.959,-19.279],[-158.958,-19.264],[-158.966,-19.262],[-158.97,-19.272],[-158.957,-19.285],[-158.945,-19.287]]},"properties":{"fid":2209,"name":"Manuae","desc":"name=Manuae\nnatural=coastline\nplace=island\nwikidata=Q1329453\nwikipedia=en:Manuae (Cook Islands)","country":"Cook Islands"}},
{"type":"Feature","geometry":{"type":"LineString","coordinates":[[-158.296,-19.814],[-158.282,-19.816],[-158.288,-19.808],[-158.296,-19.814]]},"properties":{"fid":2219,"name":"Takutea","desc":"name=Takutea\nnatural=coastline\nplace=island\nwikidata=Q1425600\nwikipedia=en:Takutea","country":"Cook Islands"}},
{"type":"Feature","geometry":{"type":"LineString","coordinates":[[-158.928,-19.271],[-158.923,-19.278],[-158.916,-19.279],[-158.913,-19.272],[-158.916,-19.262],[-158.928,-19.252],[-158.937,-19.263],[-158.928,-19.271]]},"properties":{"fid":2238,"name":"Te Au O Tu","desc":"name=Te Au O Tu\nnatural=coastline\nplace=island\nwikidata=Q1329453\nwikipedia=en:Manuae (Cook Islands)","country":"Cook Islands"}},
{"type":"Feature","geometry":{"type":"LineString","coordinates":[[-146.884,-15.687],[-146.88,-15.678],[-146.873,-15.673],[-146.883,-15.658],[-146.888,-15.667],[-146.887,-15.685],[-146.884,-15.687]]},"properties":{"fid":2242,"name":"way/22390843","desc":"natural=coastline\nplace=island\ntype=land","country":"French Polynesia"}},
{"type":"Feature","geometry":{"type":"LineString","coordinates":[[-174.489,-19.643],[-174.478,-19.634],[-174.482,-19.63],[-174.491,-19.635],[-174.489,-19.643]]},"properties":{"fid":2245,"name":"Mo'unga'one","desc":"name=Mo'unga'one\nnatural=coastline\nplace=island\nsource=PGS;Bing\nwikidata=Q6886097\nwikipedia=en:Mo'unga'one","country":"Tonga"}},
{"type":"Feature","geometry":{"type":"LineString","coordinates":[[-138.766,-19.286],[-138.762,-19.279],[-138.767,-19.273],[-138.777,-19.278],[-138.798,-19.275],[-138.806,-19.275],[-138.807,-19.284],[-138.786,-19.283],[-138.766,-19.286]]},"properties":{"fid":2262,"name":"Nukutavake","desc":"name=Nukutavake\nname:en=Nukutavake\nname:fr=Nukutavake\nname:ru=Нукутаваке\nnatural=coastline\nold_name=Maragai;Île de la Reine Charlotte\nold_name:en=Queen Charlotte Island\nold_name:fr=Maragai;Île de la Reine Charlotte\nold_name:ty=Maragai\nplace=island\nsource=Bing\nwikidata=Q968883\nwikipedia=fr:Nukutavake","country":"French Polynesia"}},
{"type":"Feature","geometry":{"type":"LineString","coordinates":[[-141.422,-14.111],[-141.421,-14.106],[-141.433,-14.092],[-141.436,-14.102],[-141.422,-14.111]]},"properties":{"fid":2278,"name":"Tepoto Nord","desc":"name=Tepoto Nord\nname:en=North Tepoto\nname:fr=Tepoto Nord\nname:ru=Северный Тепото\nnatural=coastline\nold_name=Toho;Pukapoto;Île de la Désolation\nold_name:en=Wytoohee Island;Wutoohee Island\nold_name:fr=Toho;Pukapoto;Île de la Désolation\nold_name:ty=Toho;Pukapoto\nplace=island\nwikidata=Q661756\nwikipedia=fr:Tepoto Nord","country":null}},
{"type":"Feature","geometry":{"type":"LineString","coordinates":[[-179.184,-17.454],[-179.177,-17.465],[-179.157,-17.472],[-179.145,-17.47],[-179.134,-17.457],[-179.133,-17.446],[-179.138,-17.437],[-179.145,-17.438],[-179.152,-17.423],[-179.173,-17.426],[-179.181,-17.438],[-179.184,-17.454]]},"properties":{"fid":2280,"name":"Mago Island","desc":"name=Mago Island\nnatural=coastline\nplace=island\nwikidata=Q1884674","country":null}},
{"type":"Feature","geometry":{"type":"LineString","coordinates":[[-171.719,-2.788],[-171.717,-2.773],[-171.713,-2.769],[-171.703,-2.772],[-171.691,-2.774],[-171.671,-2.789],[-171.662,-2.797],[-171.647,-2.803],[-171.638,-2.81],[-171.631,-2.826],[-171.627,-2.846],[-171.619,-2.858],[-171.626,-2.864],[-171.616,-2.869],[-171.616,-2.86],[-171.625,-2.842],[-171.627,-2.83],[-171.638,-2.805],[-171.659,-2.795],[-171.681,-2.777],[-171.698,-2.768],[-171.717,-2.765],[-171.721,-2.769],[-171.719,-2.788]]},"properties":{"fid":2303,"name":"way/22391694","desc":"natural=coastline\nplace=island\nsource=PGS & Bing","country":null}},
{"type":"Feature","geometry":{"type":"LineString","coordinates":[[-179.531,-17.42],[-179.538,-17.424],[-179.539,-17.433],[-179.535,-17.438],[-179.525,-17.438],[-179.52,-17.432],[-179.521,-17.422],[-179.531,-17.42]]},"properties":{"fid":2304,"name":"Vatu Vara","desc":"alt_name=Hat Island\nname=Vatu Vara\nname:ru=Вату-вара\nname:zh=瓦拉島\nnatural=coastline\nplace=island\nwikidata=Q2096156","country":null}},
{"type":"Feature","geometry":{"type":"LineString","coordinates":[[-147.766,-15.221],[-147.768,-15.226],[-147.744,-15.242],[-147.733,-15.246],[-147.733,-15.239],[-147.744,-15.235],[-147.766,-15.221]]},"properties":{"fid":2315,"name":"way/22391900","desc":"natural=coastline\nplace=island\nsource:geometry=Satellite photogrammetry\nsource:geometry:date=2015","country":"French Polynesia"}},
{"type":"Feature","geometry":{"type":"LineString","coordinates":[[-178.883,-17.358],[-178.891,-17.381],[-178.882,-17.381],[-178.872,-17.373],[-178.87,-17.351],[-178.876,-17.351],[-178.883,-17.358]]},"properties":{"fid":2316,"name":"Munia Island","desc":"name=Munia Island\nnatural=coastline\nplace=island","country":null}},
{"type":"Feature","geometry":{"type":"LineString","coordinates":[[-144.621,-15.733],[-144.636,-15.722],[-144.649,-15.722],[-144.654,-15.734],[-144.653,-15.746],[-144.648,-15.753],[-144.634,-15.764],[-144.618,-15.762],[-144.609,-15.756],[-144.609,-15.748],[-144.621,-15.733]]},"properties":{"fid":2329,"name":"Taiaro","desc":"name=Taiaro\nname:en=Taiaro\nname:fr=Taiaro\nname:ru=Таиаро\nnatural=coastline\nold_name=Maro-Taua;King's Island\nold_name:en=King's Island\nold_name:fr=Maro-Taua\nold_name:ty=Maro-Taua\nplace=island","country":"French Polynesia"}},
{"type":"Feature","geometry":{"type":"LineString","coordinates":[[178.106,-19.159],[178.096,-19.173],[178.104,-19.179],[178.11,-19.177],[178.112,-19.167],[178.106,-19.159]]},"properties":{"fid":2366,"name":"Matanuku Island","desc":"name=Matanuku Island\nnatural=coastline\nplace=island","country":"Fiji"}},
{"type":"Feature","geometry":{"type":"LineString","coordinates":[[164.098,-20.328],[164.091,-20.315],[164.085,-20.318],[164.086,-20.329],[164.098,-20.328]]},"properties":{"fid":2368,"name":"Île Boh","desc":"name=Île Boh\nnatural=coastline\nplace=island\nwikidata=Q22683594\nwikipedia=fr:Île Boh","country":"New Caledonia"}},
{"type":"Feature","geometry":{"type":"LineString","coordinates":[[177.088,-17.623],[177.093,-17.625],[177.1,-17.619],[177.089,-17.61],[177.084,-17.619],[177.088,-17.623]]},"properties":{"fid":2369,"name":"Tavua Island","desc":"name=Tavua Island\nnatural=coastline\nplace=island","country":"Fiji"}},
{"type":"Feature","geometry":{"type":"LineString","coordinates":[[163.802,-20.059],[163.813,-20.068],[163.813,-20.073],[163.822,-20.079],[163.828,-20.072],[163.821,-20.062],[163.82,-20.055],[163.83,-20.048],[163.828,-20.038],[163.818,-20.03],[163.808,-20.029],[163.791,-20.038],[163.789,-20.049],[163.795,-20.056],[163.802,-20.059]]},"properties":{"fid":2370,"name":"Île Yande","desc":"name=Île Yande\nnatural=coastline\nplace=island\nwikidata=Q24932096","country":"New Caledonia"}},
{"type":"Feature","geometry":{"type":"LineString","coordinates":[[166.046,-21.999],[166.044,-21.991],[166.019,-21.985],[166.025,-21.999],[166.023,-22.01],[166.03,-22.027],[166.045,-22.022],[166.046,-22.012],[166.055,-22.006],[166.071,-22.004],[166.069,-21.996],[166.056,-21.993],[166.046,-21.999]]},"properties":{"fid":2385,"name":"Île Ducos","desc":"name=Île Ducos\nnatural=coastline\nplace=island\nwikidata=Q24932934","country":"New Caledonia"}},
{"type":"Feature","geometry":{"type":"LineString","coordinates":[[167.195,-15.272],[167.196,-15.263],[167.191,-15.258],[167.183,-15.258],[167.177,-15.266],[167.183,-15.272],[167.195,-15.272]]},"properties":{"fid":2389,"name":"Le-tharo","desc":"name=Le-tharo\nnatural=coastline\nplace=island\nsource=Mapbox","country":"Vanuatu"}},
{"type":"Feature","geometry":{"type":"LineString","coordinates":[[167.202,-15.575],[167.199,-15.569],[167.208,-15.564],[167.205,-15.554],[167.191,-15.548],[167.191,-15.541],[167.206,-15.538],[167.214,-15.533],[167.199,-15.53],[167.185,-15.535],[167.159,-15.553],[167.157,-15.561],[167.131,-15.584],[167.124,-15.599],[167.134,-15.605],[167.143,-15.606],[167.152,-15.61],[167.186,-15.608],[167.196,-15.612],[167.211,-15.609],[167.22,-15.605],[167.225,-15.599],[167.229,-15.587],[167.229,-15.578],[167.221,-15.573],[167.202,-15.575]]},"properties":{"fid":2390,"name":"Aore","desc":"name=Aore\nname:en=Aore Island\nnatural=coastline\nplace=island\npopulation=556\npopulation:date=2009\npopulation:source=National Population and Housing Census\nsource=Bing\nwikidata=Q1107772","country":"Vanuatu"}},
{"type":"Feature","geometry":{"type":"LineString","coordinates":[[168.026,-14.475],[168.035,-14.481],[168.05,-14.48],[168.061,-14.47],[168.066,-14.456],[168.067,-14.444],[168.059,-14.445],[168.037,-14.439],[168.029,-14.443],[168.022,-14.451],[168.023,-14.472],[168.026,-14.475]]},"properties":{"fid":2393,"name":"Mere Lava","desc":"alt_name=Merelava\nname=Mere Lava\nname:mrm=N̄wërlap\nnatural=coastline\nplace=island\nsource=mapbox\nunocha:pcode=VUT0101019\nwikidata=Q1347484","country":"Vanuatu"}},
{"type":"Feature","geometry":{"type":"LineString","coordinates":[[179.014,-17.633],[179.012,-17.614],[179.006,-17.606],[179.006,-17.597],[178.997,-17.59],[178.993,-17.597],[178.985,-17.594],[178.985,-17.607],[178.997,-17.624],[179.014,-17.633]]},"properties":{"fid":2394,"name":"Wakaya Island","desc":"name=Wakaya Island\nnatural=coastline\nnote=privately owned\nplace=island\nwebsite=https://wakaya.com/\nwikidata=Q630394","country":"Fiji"}},
{"type":"Feature","geometry":{"type":"LineString","coordinates":[[169.596,-19.245],[169.589,-19.267],[169.594,-19.277],[169.605,-19.271],[169.608,-19.259],[169.609,-19.234],[169.598,-19.24],[169.596,-19.245]]},"properties":{"fid":2409,"name":"Aniwa","desc":"name=Aniwa\nnatural=coastline\nplace=island\nwikidata=Q550975","country":"Vanuatu"}},
{"type":"Feature","geometry":{"type":"LineString","coordinates":[[167.256,-15.58],[167.267,-15.593],[167.282,-15.587],[167.296,-15.572],[167.296,-15.555],[167.293,-15.546],[167.284,-15.54],[167.279,-15.559],[167.272,-15.567],[167.26,-15.573],[167.256,-15.58]]},"properties":{"fid":2411,"name":"Tutuba","desc":"name=Tutuba\nname:en=Tutuba Island\nnatural=coastline\nplace=island\npopulation=609\npopulation:date=2009\npopulation:source=National Population and Housing Census\nsource=Mapbox\nwikidata=Q4000959","country":"Vanuatu"}},
{"type":"Feature","geometry":{"type":"LineString","coordinates":[[168.573,-16.919],[168.584,-16.91],[168.584,-16.905],[168.594,-16.898],[168.597,-16.885],[168.592,-16.874],[168.581,-16.873],[168.573,-16.867],[168.561,-16.863],[168.547,-16.878],[168.533,-16.879],[168.527,-16.901],[168.528,-16.922],[168.53,-16.934],[168.544,-16.937],[168.559,-16.93],[168.569,-16.927],[168.573,-16.919]]},"properties":{"fid":2418,"name":"Tongoa","desc":"alt_name=Tong-oh-ah\nname=Tongoa\nnatural=coastline\nplace=island\npopulation=2300\npopulation:date=2009\npopulation:source=National Population and Housing Census\nsource=Mapbox\nwikidata=Q1847568\nwikipedia:en=Tongoa","country":"Vanuatu"}},
{"type":"Feature","geometry":{"type":"LineString","coordinates":[[179.611,-16.183],[179.607,-16.186],[179.603,-16.198],[179.621,-16.21],[179.623,-16.191],[179.611,-16.183]]},"properties":{"fid":2423,"name":"Druadrua Island","desc":"name=Druadrua Island\nnatural=coastline\nplace=island","country":"Fiji"}},
{"type":"Feature","geometry":{"type":"LineString","coordinates":[[163.673,-19.827],[163.687,-19.82],[163.679,-19.816],[163.673,-19.827]]},"properties":{"fid":2424,"name":"Dau Ac","desc":"name=Dau Ac\nnatural=coastline\nplace=island\nwikidata=Q3016974\nwikipedia=fr:Dau Ac","country":"New Caledonia"}},
{"type":"Feature","geometry":{"type":"LineString","coordinates":[[179.9,-16.672],[179.912,-16.672],[179.927,-16.655],[179.938,-16.638],[179.938,-16.631],[179.944,-16.626],[179.938,-16.62],[179.93,-16.641],[179.923,-16.63],[179.898,-16.634],[179.897,-16.648],[179.9,-16.653],[179.895,-16.658],[179.887,-16.659],[179.874,-16.669],[179.889,-16.675],[179.9,-16.672]]},"properties":{"fid":2426,"name":"Kioa","desc":"name=Kioa\nnatural=coastline\nplace=island\nwikidata=Q2377902","country":"Fiji"}},
{"type":"Feature","geometry":{"type":"LineString","coordinates":[[165.767,-21.816],[165.756,-21.81],[165.751,-21.82],[165.766,-21.824],[165.767,-21.816]]},"properties":{"fid":2434,"name":"Île Lebris","desc":"name=Île Lebris\nnatural=coastline\nplace=island\nwikidata=Q24037976","country":"New Caledonia"}},
{"type":"Feature","geometry":{"type":"LineString","coordinates":[[178.527,-18.154],[178.521,-18.146],[178.518,-18.135],[178.527,-18.122],[178.518,-18.121],[178.516,-18.138],[178.513,-18.141],[178.515,-18.156],[178.525,-18.163],[178.527,-18.154]]},"properties":{"fid":2441,"name":"Laucala Island","desc":"name=Laucala Island\nnatural=coastline\nplace=island\nwikidata=Q2515014\nwikipedia=en:Laucala","country":"Fiji"}},
{"type":"Feature","geometry":{"type":"LineString","coordinates":[[167.262,-15.446],[167.262,-15.431],[167.251,-15.411],[167.243,-15.408],[167.236,-15.418],[167.242,-15.421],[167.245,-15.434],[167.26,-15.452],[167.262,-15.446]]},"properties":{"fid":2448,"name":"Aese Island","desc":"name=Aese Island\nnatural=coastline\nplace=island\nsource=Mapbox\nunocha:pcode=VUT0102029\nwikidata=Q31919098\nwikipedia:en=Aese","country":"Vanuatu"}},
{"type":"Feature","geometry":{"type":"LineString","coordinates":[[178.491,-18.939],[178.488,-18.926],[178.498,-18.917],[178.506,-18.918],[178.516,-18.911],[178.52,-18.899],[178.513,-18.897],[178.51,-18.884],[178.511,-18.875],[178.494,-18.879],[178.494,-18.868],[178.486,-18.866],[178.483,-18.876],[178.47,-18.878],[178.466,-18.892],[178.456,-18.89],[178.454,-18.903],[178.459,-18.919],[178.48,-18.928],[178.48,-18.939],[178.491,-18.939]]},"properties":{"fid":2459,"name":"Ono Island","desc":"name=Ono Island\nnatural=coastline\nplace=island\nwikidata=Q2536909","country":"Fiji"}},
{"type":"Feature","geometry":{"type":"LineString","coordinates":[[168.437,-17.264],[168.429,-17.254],[168.425,-17.243],[168.42,-17.247],[168.425,-17.259],[168.437,-17.264]]},"properties":{"fid":2460,"name":"Mataso","desc":"name=Mataso\nname:de=Mataso\nname:en=Mataso\nname:es=Mataso\nname:fr=Mataso\nnatural=coastline\nplace=island\npopulation=74\npopulation:date=2009\npopulation:source=National Population and Housing Census","country":"Vanuatu"}},
{"type":"Feature","geometry":{"type":"LineString","coordinates":[[177.35,-16.979],[177.345,-16.97],[177.343,-16.955],[177.355,-16.959],[177.361,-16.955],[177.356,-16.942],[177.336,-16.941],[177.33,-16.956],[177.328,-16.969],[177.331,-16.978],[177.345,-16.982],[177.35,-16.979]]},"properties":{"fid":2462,"name":"Matacawa Levu","desc":"name=Matacawa Levu\nnatural=coastline\nplace=island\nwikidata=Q13154823","country":"Fiji"}},
{"type":"Feature","geometry":{"type":"LineString","coordinates":[[178.972,-17.431],[178.955,-17.434],[178.952,-17.454],[178.96,-17.467],[178.967,-17.465],[178.977,-17.452],[178.979,-17.436],[178.972,-17.431]]},"properties":{"fid":2464,"name":"Makongai","desc":"name=Makongai\nnatural=coastline\nplace=island","country":"Fiji"}},
{"type":"Feature","geometry":{"type":"LineString","coordinates":[[163.91,-20.14],[163.927,-20.155],[163.928,-20.167],[163.942,-20.162],[163.934,-20.157],[163.929,-20.147],[163.917,-20.138],[163.91,-20.14]]},"properties":{"fid":2465,"name":"Île Neba","desc":"name=Île Neba\nnatural=coastline\nplace=island\nwikidata=Q23013027","country":"New Caledonia"}},
{"type":"Feature","geometry":{"type":"LineString","coordinates":[[167.567,-21.149],[167.566,-21.142],[167.555,-21.132],[167.552,-21.137],[167.563,-21.148],[167.567,-21.149]]},"properties":{"fid":2470,"name":"Île Nië","desc":"name=Île Nië\nnatural=coastline\nplace=island","country":"New Caledonia"}},
{"type":"Feature","geometry":{"type":"LineString","coordinates":[[177.373,-16.972],[177.377,-16.97],[177.381,-16.95],[177.371,-16.94],[177.368,-16.947],[177.375,-16.953],[177.368,-16.969],[177.373,-16.972]]},"properties":{"fid":2473,"name":"Nanuya Island","desc":"alt_name=Turtle Island\ndescription=The Southern half of the island, South of the channel, is referred to as Turtle Island.\nname=Nanuya Island\nnatural=coastline\nplace=island\nwikidata=Q6964439\nwikipedia=en:Nanuya Lailai","country":"Fiji"}},
{"type":"Feature","geometry":{"type":"LineString","coordinates":[[178.569,-18.126],[178.571,-18.115],[178.561,-18.107],[178.56,-18.102],[178.553,-18.103],[178.548,-18.11],[178.539,-18.117],[178.536,-18.128],[178.526,-18.139],[178.537,-18.143],[178.546,-18.139],[178.552,-18.142],[178.558,-18.152],[178.569,-18.147],[178.575,-18.147],[178.582,-18.139],[178.572,-18.135],[178.569,-18.126]]},"properties":{"fid":2481,"name":"way/22572303","desc":"natural=coastline\nplace=island","country":"Fiji"}},
{"type":"Feature","geometry":{"type":"LineString","coordinates":[[166.078,-21.987],[166.093,-21.978],[166.095,-21.967],[166.077,-21.977],[166.078,-21.987]]},"properties":{"fid":2483,"name":"Île Parseval","desc":"name=Île Parseval\nnatural=coastline\nplace=island","country":"New Caledonia"}},
{"type":"Feature","geometry":{"type":"LineString","coordinates":[[164.165,-20.087],[164.171,-20.103],[164.17,-20.107],[164.181,-20.123],[164.198,-20.138],[164.208,-20.144],[164.216,-20.141],[164.227,-20.147],[164.232,-20.143],[164.226,-20.129],[164.219,-20.122],[164.216,-20.11],[164.208,-20.1],[164.197,-20.095],[164.194,-20.089],[164.182,-20.079],[164.17,-20.061],[164.162,-20.062],[164.165,-20.074],[164.165,-20.087]]},"properties":{"fid":2484,"name":"Île Balabio","desc":"name=Île Balabio\nnatural=coastline\nplace=island\nwikidata=Q22683495\nwikipedia=de:Île Balabio","country":"New Caledonia"}},
{"type":"Feature","geometry":{"type":"LineString","coordinates":[[179.072,-16.428],[179.074,-16.418],[179.065,-16.416],[179.054,-16.432],[179.063,-16.437],[179.072,-16.428]]},"properties":{"fid":2485,"name":"Mathuata-i-Wai Island","desc":"name=Mathuata-i-Wai Island\nnatural=coastline\nplace=island","country":"Fiji"}},
{"type":"Feature","geometry":{"type":"LineString","coordinates":[[178.217,-17.295],[178.226,-17.283],[178.22,-17.279],[178.21,-17.288],[178.217,-17.295]]},"properties":{"fid":2487,"name":"Nananu i Ra","desc":"name=Nananu i Ra\nnatural=coastline\nplace=island\nwikidata=Q2048028\nwikipedia=en:Nananu-i-Ra","country":"Fiji"}},
{"type":"Feature","geometry":{"type":"LineString","coordinates":[[167.923,-15.402],[167.931,-15.393],[167.939,-15.366],[167.939,-15.36],[167.95,-15.344],[167.965,-15.33],[167.97,-15.318],[167.985,-15.304],[167.993,-15.289],[167.987,-15.276],[167.982,-15.278],[167.959,-15.275],[167.924,-15.285],[167.915,-15.284],[167.904,-15.289],[167.897,-15.287],[167.887,-15.294],[167.865,-15.302],[167.853,-15.309],[167.828,-15.317],[167.817,-15.317],[167.797,-15.33],[167.774,-15.354],[167.766,-15.359],[167.744,-15.365],[167.718,-15.384],[167.677,-15.42],[167.675,-15.426],[167.673,-15.444],[167.677,-15.451],[167.688,-15.454],[167.701,-15.466],[167.708,-15.469],[167.733,-15.471],[167.739,-15.468],[167.747,-15.473],[167.776,-15.465],[167.789,-15.469],[167.815,-15.467],[167.828,-15.476],[167.837,-15.475],[167.855,-15.467],[167.887,-15.437],[167.899,-15.424],[167.904,-15.423],[167.913,-15.411],[167.923,-15.402]]},"properties":{"fid":2498,"name":"Ambae","desc":"alt_name=Aoba\nname=Ambae\nnatural=coastline\nold_name=Leper's Island\nplace=island\npopulation=10407\npopulation:date=2009\npopulation:source=National Population and Housing Census\nwikidata=Q456599\nwikipedia=en:Aoba Island","country":"Vanuatu"}},
{"type":"Feature","geometry":{"type":"LineString","coordinates":[[167.122,-15.11],[167.132,-15.108],[167.136,-15.102],[167.123,-15.1],[167.122,-15.11]]},"properties":{"fid":2500,"name":"Lathu","desc":"name=Lathu\nnatural=coastline\nplace=island\nsource=Mapbox\nwikidata=Q32468062","country":"Vanuatu"}},
{"type":"Feature","geometry":{"type":"LineString","coordinates":[[177.4,-16.89],[177.388,-16.9],[177.387,-16.914],[177.383,-16.918],[177.405,-16.931],[177.41,-16.922],[177.401,-16.911],[177.408,-16.904],[177.413,-16.908],[177.429,-16.901],[177.438,-16.901],[177.445,-16.888],[177.432,-16.88],[177.443,-16.874],[177.438,-16.86],[177.438,-16.853],[177.42,-16.863],[177.414,-16.878],[177.409,-16.895],[177.4,-16.89]]},"properties":{"fid":2505,"name":"Nacula Island","desc":"name=Nacula Island\nnatural=coastline\nplace=island","country":"Fiji"}},
{"type":"Feature","geometry":{"type":"LineString","coordinates":[[178.149,-17.332],[178.15,-17.326],[178.159,-17.313],[178.156,-17.309],[178.142,-17.315],[178.134,-17.313],[178.126,-17.319],[178.137,-17.328],[178.149,-17.332]]},"properties":{"fid":2506,"name":"Malake Island","desc":"name=Malake Island\nnatural=coastline\nplace=island\nsource:name=GNS","country":"Fiji"}},
{"type":"Feature","geometry":{"type":"LineString","coordinates":[[177.998,-18.373],[177.993,-18.374],[177.986,-18.385],[177.995,-18.388],[178.001,-18.382],[177.998,-18.373]]},"properties":{"fid":2509,"name":"Yanuca","desc":"alt_name=Yanutha\nname=Yanuca\nnatural=coastline\nplace=island","country":"Fiji"}},
{"type":"Feature","geometry":{"type":"LineString","coordinates":[[177.327,-17.012],[177.338,-16.999],[177.346,-17],[177.347,-16.989],[177.338,-16.986],[177.334,-16.995],[177.326,-17],[177.322,-17.01],[177.307,-17.015],[177.311,-17.024],[177.309,-17.033],[177.327,-17.025],[177.327,-17.012]]},"properties":{"fid":2510,"name":"Yaqeta","desc":"name=Yaqeta\nnatural=coastline\nplace=island","country":"Fiji"}},
{"type":"Feature","geometry":{"type":"LineString","coordinates":[[164.291,-20.261],[164.3,-20.26],[164.295,-20.24],[164.287,-20.228],[164.283,-20.237],[164.291,-20.261]]},"properties":{"fid":2521,"name":"Île de Pam","desc":"name=Île de Pam\nnatural=coastline\nplace=island\nwikidata=Q24930935","country":"New Caledonia"}},
{"type":"Feature","geometry":{"type":"LineString","coordinates":[[177.186,-17.785],[177.203,-17.78],[177.206,-17.766],[177.194,-17.766],[177.193,-17.777],[177.186,-17.785]]},"properties":{"fid":2526,"name":"Malolo Lailai Island","desc":"name=Malolo Lailai Island\nnatural=coastline\nplace=island\nwikidata=Q4915121","country":"Fiji"}},
{"type":"Feature","geometry":{"type":"LineString","coordinates":[[166.106,-22.082],[166.092,-22.092],[166.106,-22.093],[166.106,-22.082]]},"properties":{"fid":2531,"name":"Île Mathieu","desc":"name=Île Mathieu\nnatural=coastline\nplace=island\nsource=bing","country":"New Caledonia"}},
{"type":"Feature","geometry":{"type":"LineString","coordinates":[[178.233,-17.329],[178.24,-17.317],[178.236,-17.311],[178.227,-17.318],[178.219,-17.329],[178.233,-17.329]]},"properties":{"fid":2539,"name":"Nananu-i-Cake","desc":"alt_name=Nananu-i-Thake\nalt_name_1=Ananugata\nalt_name_2=Nananugata\nalt_name_3=Yananu\nname=Nananu-i-Cake\nnatural=coastline\nplace=island\nwikidata=Q3024335\nwikipedia=en:Nananu-i-Cake","country":"Fiji"}},
{"type":"Feature","geometry":{"type":"LineString","coordinates":[[179.394,-17.776],[179.386,-17.789],[179.395,-17.8],[179.398,-17.812],[179.397,-17.821],[179.414,-17.844],[179.425,-17.846],[179.435,-17.829],[179.429,-17.823],[179.424,-17.8],[179.43,-17.794],[179.444,-17.789],[179.423,-17.78],[179.402,-17.782],[179.394,-17.776]]},"properties":{"fid":2544,"name":"Nairai","desc":"name=Nairai\nnatural=coastline\nplace=island\nwikidata=Q1962375","country":"Fiji"}},
{"type":"Feature","geometry":{"type":"LineString","coordinates":[[167.835,-16.535],[167.837,-16.524],[167.828,-16.516],[167.824,-16.524],[167.835,-16.535]]},"properties":{"fid":2545,"name":"Île Koivou","desc":"alt_name=Khunévéo\nname=Île Koivou\nnatural=coastline\nplace=island\nwikidata=Q32605792","country":"Vanuatu"}},
{"type":"Feature","geometry":{"type":"LineString","coordinates":[[167.23,-15.395],[167.241,-15.389],[167.239,-15.379],[167.228,-15.373],[167.219,-15.374],[167.217,-15.379],[167.225,-15.393],[167.23,-15.395]]},"properties":{"fid":2552,"name":"Mavea","desc":"name=Mavea\nnatural=coastline\nplace=island\nsource=Mapbox\nwikidata=Q3301937\nwikipedia:en=Mavea Island","country":"Vanuatu"}},
{"type":"Feature","geometry":{"type":"LineString","coordinates":[[178.533,-18.846],[178.538,-18.841],[178.534,-18.832],[178.525,-18.836],[178.528,-18.846],[178.533,-18.846]]},"properties":{"fid":2554,"name":"Buliya","desc":"name=Buliya\nnatural=coastline\nplace=island\nwikidata=Q24569730","country":"Fiji"}},
{"type":"Feature","geometry":{"type":"LineString","coordinates":[[167.393,-15.993],[167.397,-15.988],[167.391,-15.98],[167.383,-15.988],[167.393,-15.993]]},"properties":{"fid":2566,"name":"Rano Island","desc":"name=Rano Island\nnatural=coastline\nplace=island\nwikidata=Q32006214\nwikipedia:en=Rano (island)","country":"Vanuatu"}},
{"type":"Feature","geometry":{"type":"LineString","coordinates":[[167.091,-15.044],[167.098,-15.042],[167.101,-15.033],[167.096,-15.028],[167.087,-15.029],[167.087,-15.044],[167.091,-15.044]]},"properties":{"fid":2568,"name":"Thion Island","desc":"name=Thion Island\nnatural=coastline\nnote='Thi-on'.\nplace=island\nsource=Mapbox\nwikidata=Q32028782\nwikipedia:en=Thion (Vanuatu)","country":"Vanuatu"}},
{"type":"Feature","geometry":{"type":"LineString","coordinates":[[178.181,-19.091],[178.188,-19.088],[178.193,-19.078],[178.18,-19.069],[178.173,-19.069],[178.177,-19.078],[178.174,-19.082],[178.181,-19.091]]},"properties":{"fid":2579,"name":"Galoa Island","desc":"name=Galoa Island\nnatural=coastline\nplace=island","country":"Fiji"}},
{"type":"Feature","geometry":{"type":"LineString","coordinates":[[166.051,-22.067],[166.046,-22.055],[166.056,-22.049],[166.053,-22.041],[166.054,-22.033],[166.043,-22.029],[166.039,-22.037],[166.03,-22.041],[166.029,-22.05],[166.038,-22.056],[166.042,-22.067],[166.051,-22.067]]},"properties":{"fid":2591,"name":"Îlot Hugon","desc":"name=Îlot Hugon\nnatural=coastline\nplace=island","country":"New Caledonia"}},
{"type":"Feature","geometry":{"type":"LineString","coordinates":[[178.78,-17.768],[178.783,-17.758],[178.772,-17.761],[178.78,-17.768]]},"properties":{"fid":2592,"name":"Yanuca Levu","desc":"name=Yanuca Levu\nnatural=coastline\nplace=island","country":"Fiji"}},
{"type":"Feature","geometry":{"type":"LineString","coordinates":[[177.169,-17.763],[177.185,-17.76],[177.182,-17.737],[177.167,-17.733],[177.15,-17.736],[177.149,-17.745],[177.157,-17.762],[177.169,-17.763]]},"properties":{"fid":2595,"name":"Malolo Island","desc":"name=Malolo Island\nnatural=coastline\nplace=island\nwikidata=Q2430941\nwikipedia=en:Malolo","country":"Fiji"}},
{"type":"Feature","geometry":{"type":"LineString","coordinates":[[168.407,-17.504],[168.42,-17.5],[168.418,-17.493],[168.4,-17.482],[168.393,-17.488],[168.407,-17.504]]},"properties":{"fid":2601,"name":"Pele","desc":"alt_name=Pay-lay\nname=Pele\nnatural=coastline\nplace=island\npopulation=330\npopulation:date=2009\npopulation:source=National Population and Housing Census\nsource=Bing\nwikidata=Q12290106\nwikipedia=en:Pele Island","country":"Vanuatu"}},
{"type":"Feature","geometry":{"type":"LineString","coordinates":[[177.361,-16.933],[177.366,-16.925],[177.36,-16.917],[177.353,-16.931],[177.361,-16.933]]},"properties":{"fid":2605,"name":"Tavewa","desc":"name=Tavewa\nnatural=coastline\nplace=island\nwikidata=Q7689087\nwikipedia=en:Tavewa","country":"Fiji"}},
{"type":"Feature","geometry":{"type":"LineString","coordinates":[[178.691,-16.625],[178.689,-16.61],[178.683,-16.613],[178.691,-16.625]]},"properties":{"fid":2616,"name":"way/22574226","desc":"natural=coastline\nplace=island","country":"Fiji"}},
{"type":"Feature","geometry":{"type":"LineString","coordinates":[[164.99,-21.351],[164.984,-21.358],[164.994,-21.373],[165.004,-21.37],[165.01,-21.36],[165.001,-21.351],[164.99,-21.351]]},"properties":{"fid":2624,"name":"Île Grimault","desc":"name=Île Grimault\nnatural=coastline\nplace=island\nsource=bing\nwikidata=Q23013016","country":"New Caledonia"}},
{"type":"Feature","geometry":{"type":"LineString","coordinates":[[167.822,-16.491],[167.806,-16.497],[167.811,-16.506],[167.824,-16.504],[167.837,-16.495],[167.837,-16.489],[167.829,-16.487],[167.822,-16.491]]},"properties":{"fid":2627,"name":"Sakao Island","desc":"name=Sakao Island\nnatural=coastline\nplace=island\nwikidata=Q32014775\nwikipedia:en=Sakao Island (Malampa, Vanuatu)","country":"Vanuatu"}},
{"type":"Feature","geometry":{"type":"LineString","coordinates":[[163.977,-20.097],[163.976,-20.086],[163.963,-20.086],[163.962,-20.093],[163.977,-20.097]]},"properties":{"fid":2631,"name":"Île Yenghébane","desc":"name=Île Yenghébane\nnatural=coastline\nplace=island","country":"New Caledonia"}},
{"type":"Feature","geometry":{"type":"LineString","coordinates":[[167.355,-13.519],[167.358,-13.513],[167.346,-13.507],[167.327,-13.503],[167.317,-13.503],[167.298,-13.519],[167.29,-13.535],[167.297,-13.551],[167.302,-13.557],[167.319,-13.566],[167.334,-13.568],[167.352,-13.561],[167.366,-13.543],[167.365,-13.531],[167.355,-13.531],[167.338,-13.544],[167.332,-13.538],[167.342,-13.524],[167.355,-13.519]]},"properties":{"fid":2632,"name":"Ureparapara","desc":"alt_name=Noypēypay;Aö\nname=Ureparapara\nnatural=coastline\nplace=island\nunocha:pcode=VUT0101027\nwikidata=Q1788711","country":"Vanuatu"}},
{"type":"Feature","geometry":{"type":"LineString","coordinates":[[167.215,-15.295],[167.221,-15.292],[167.22,-15.283],[167.213,-15.283],[167.21,-15.29],[167.215,-15.295]]},"properties":{"fid":2633,"name":"Le-theroa","desc":"name=Le-theroa\nnatural=coastline\nplace=island\nsource=Mapbox","country":"Vanuatu"}},
{"type":"Feature","geometry":{"type":"LineString","coordinates":[[167.738,-21.379],[167.737,-21.361],[167.744,-21.352],[167.741,-21.342],[167.734,-21.346],[167.731,-21.357],[167.734,-21.364],[167.733,-21.375],[167.738,-21.379]]},"properties":{"fid":2636,"name":"Île Dudune","desc":"name=Île Dudune\nnatural=coastline\nplace=island\nwikidata=Q24932075","country":"New Caledonia"}},
{"type":"Feature","geometry":{"type":"LineString","coordinates":[[170.197,-19.527],[170.204,-19.533],[170.209,-19.546],[170.225,-19.549],[170.232,-19.53],[170.232,-19.522],[170.238,-19.513],[170.211,-19.517],[170.197,-19.527]]},"properties":{"fid":2637,"name":"Futuna","desc":"name=Futuna\nnatural=coastline\nplace=island\nwikidata=Q543031","country":"Vanuatu"}},
{"type":"Feature","geometry":{"type":"LineString","coordinates":[[168.336,-16.533],[168.356,-16.535],[168.368,-16.529],[168.369,-16.516],[168.357,-16.49],[168.351,-16.485],[168.323,-16.486],[168.312,-16.492],[168.307,-16.498],[168.308,-16.506],[168.317,-16.522],[168.323,-16.528],[168.336,-16.533]]},"properties":{"fid":2639,"name":"Lopevi","desc":"name=Lopevi\nnatural=coastline\nnote='Lopevi'. Local name Mulveah ('Mool-vay-ah').\nplace=island\nsource=Mapbox\nwikidata=Q1869839\nwikipedia=en:Lopevi","country":"Vanuatu"}},
{"type":"Feature","geometry":{"type":"LineString","coordinates":[[177.438,-16.819],[177.443,-16.83],[177.437,-16.838],[177.441,-16.846],[177.451,-16.84],[177.468,-16.843],[177.483,-16.828],[177.483,-16.816],[177.495,-16.802],[177.504,-16.802],[177.51,-16.807],[177.524,-16.788],[177.525,-16.778],[177.53,-16.772],[177.549,-16.761],[177.557,-16.754],[177.57,-16.736],[177.579,-16.727],[177.589,-16.708],[177.58,-16.698],[177.579,-16.711],[177.575,-16.721],[177.566,-16.727],[177.565,-16.734],[177.548,-16.74],[177.548,-16.748],[177.535,-16.761],[177.522,-16.769],[177.522,-16.773],[177.51,-16.779],[177.495,-16.796],[177.489,-16.798],[177.483,-16.807],[177.468,-16.819],[177.463,-16.827],[177.454,-16.831],[177.451,-16.827],[177.447,-16.811],[177.438,-16.819]]},"properties":{"fid":2658,"name":"Yasawa Island","desc":"name=Yasawa Island\nnatural=coastline\nplace=island\nwikidata=Q3055364","country":"Fiji"}},
{"type":"Feature","geometry":{"type":"LineString","coordinates":[[167.481,-16.602],[167.48,-16.589],[167.472,-16.581],[167.463,-16.588],[167.481,-16.602]]},"properties":{"fid":2661,"name":"Tomman","desc":"name=Tomman\nnatural=coastline\nplace=island\nwikidata=Q7819043","country":"Vanuatu"}},
{"type":"Feature","geometry":{"type":"LineString","coordinates":[[178.314,-16.829],[178.328,-16.826],[178.323,-16.817],[178.315,-16.817],[178.322,-16.806],[178.315,-16.8],[178.31,-16.805],[178.303,-16.8],[178.289,-16.799],[178.279,-16.803],[178.288,-16.811],[178.287,-16.823],[178.305,-16.829],[178.314,-16.829]]},"properties":{"fid":2664,"name":"Yadua","desc":"name=Yadua\nnatural=coastline\nplace=island","country":"Fiji"}},
{"type":"Feature","geometry":{"type":"LineString","coordinates":[[179.092,-16.239],[179.097,-16.235],[179.098,-16.224],[179.093,-16.22],[179.088,-16.228],[179.092,-16.239]]},"properties":{"fid":2675,"name":"Kia Island","desc":"name=Kia Island\nnatural=coastline\nplace=island\nsource=Bing","country":"Fiji"}},
{"type":"Feature","geometry":{"type":"LineString","coordinates":[[168.211,-16.499],[168.22,-16.51],[168.239,-16.511],[168.248,-16.5],[168.253,-16.488],[168.253,-16.462],[168.256,-16.451],[168.26,-16.444],[168.261,-16.435],[168.255,-16.432],[168.238,-16.43],[168.229,-16.435],[168.227,-16.447],[168.219,-16.462],[168.217,-16.475],[168.211,-16.499]]},"properties":{"fid":2681,"name":"Paama","desc":"alt_name=Voum\nalt_name:2=Pa-Ma\nname=Paama\nnatural=coastline\nplace=island\npopulation=1627\npopulation:date=2009\npopulation:source=National Population and Housing Census\nsource=Mapbox\nwikidata=Q1812964\nwikipedia=en:Paama","country":"Vanuatu"}},
{"type":"Feature","geometry":{"type":"LineString","coordinates":[[166.96,-15.64],[166.961,-15.632],[166.952,-15.623],[166.944,-15.632],[166.952,-15.64],[166.96,-15.64]]},"properties":{"fid":2682,"name":"Araki","desc":"name=Araki\nname:en=Araki Island\nnatural=coastline\nplace=island\npopulation=140\npopulation:date=2009\npopulation:source=National Population and Housing Census\nsource=Bing\nwikidata=Q1107766","country":"Vanuatu"}},
{"type":"Feature","geometry":{"type":"LineString","coordinates":[[166.692,-13.447],[166.701,-13.446],[166.705,-13.439],[166.705,-13.43],[166.713,-13.421],[166.715,-13.415],[166.708,-13.397],[166.694,-13.392],[166.675,-13.401],[166.671,-13.406],[166.681,-13.428],[166.685,-13.441],[166.692,-13.447]]},"properties":{"fid":2686,"name":"Toga","desc":"name=Toga\nnatural=coastline\nplace=island\npopulation=276\npopulation:date=2009\npopulation:source=National Population and Housing Census\nunocha:pcode=VUT0101025\nwikidata=Q1867998","country":"Vanuatu"}},
{"type":"Feature","geometry":{"type":"LineString","coordinates":[[167.127,-14.949],[167.119,-14.944],[167.106,-14.942],[167.106,-14.95],[167.121,-14.967],[167.146,-14.981],[167.156,-14.983],[167.161,-14.972],[167.146,-14.966],[167.127,-14.949]]},"properties":{"fid":2687,"name":"Sakao Island","desc":"name=Sakao Island\nnatural=coastline\nnote='Sah-kow'.\nplace=island\nsource=Mapbox\nwikidata=Q31942322\nwikipedia:en=Sakao Island (Sanma, Vanuatu)","country":"Vanuatu"}},
{"type":"Feature","geometry":{"type":"LineString","coordinates":[[178.569,-16.587],[178.553,-16.595],[178.561,-16.6],[178.575,-16.597],[178.579,-16.602],[178.587,-16.602],[178.596,-16.595],[178.601,-16.596],[178.613,-16.58],[178.586,-16.579],[178.577,-16.587],[178.569,-16.587]]},"properties":{"fid":2690,"name":"Yaqaga Island","desc":"name=Yaqaga Island\nnatural=coastline\nplace=island","country":"Fiji"}},
{"type":"Feature","geometry":{"type":"LineString","coordinates":[[178.715,-16.574],[178.721,-16.576],[178.731,-16.564],[178.738,-16.562],[178.737,-16.555],[178.724,-16.55],[178.72,-16.562],[178.712,-16.565],[178.694,-16.561],[178.699,-16.57],[178.706,-16.568],[178.715,-16.574]]},"properties":{"fid":2696,"name":"Nukuira Island","desc":"name=Nukuira Island\nnatural=coastline\nplace=island","country":"Fiji"}},
{"type":"Feature","geometry":{"type":"LineString","coordinates":[[-151.771,-16.518],[-151.77,-16.528],[-151.763,-16.529],[-151.765,-16.513],[-151.771,-16.518]]},"properties":{"fid":2702,"name":"To’opua","desc":"alt_name=Toopua\nname=To’opua\nnatural=coastline\nplace=island\nsource=SAU\nsource:geometry=Satellite photogrammetry\nsource:geometry:date=2010\nwikidata=Q31932279\nwikipedia=en:Toopua","country":"French Polynesia"}},
{"type":"Feature","geometry":{"type":"LineString","coordinates":[[152.841,-4.808],[152.849,-4.8],[152.853,-4.807],[152.862,-4.809],[152.858,-4.799],[152.852,-4.795],[152.849,-4.787],[152.84,-4.794],[152.836,-4.801],[152.841,-4.808]]},"properties":{"fid":2707,"name":"Lambom Island","desc":"GNS:id=-2193674\ngns:dsg=ISL\ngns:uni=-3036218\nname=Lambom Island\nnatural=coastline\nplace=island\nsource=GNS","country":null}},
{"type":"Feature","geometry":{"type":"LineString","coordinates":[[152.769,-4.704],[152.771,-4.694],[152.763,-4.686],[152.762,-4.699],[152.769,-4.704]]},"properties":{"fid":2708,"name":"Lamassa Island","desc":"GNS:id=-2193663\ngns:dsg=ISL\ngns:uni=-3036204\nis_in:country=Papua New Guinea\nis_in:country_code=PG\nis_in:state=New Ireland Province\nname=Lamassa Island\nnatural=coastline\nnote=Check my location!\nplace=island\nsource=GNS","country":null}},
{"type":"Feature","geometry":{"type":"LineString","coordinates":[[152.48,-4.196],[152.481,-4.19],[152.497,-4.179],[152.496,-4.16],[152.489,-4.152],[152.477,-4.147],[152.468,-4.136],[152.467,-4.13],[152.459,-4.124],[152.454,-4.127],[152.452,-4.136],[152.446,-4.146],[152.433,-4.15],[152.425,-4.148],[152.414,-4.162],[152.424,-4.167],[152.442,-4.182],[152.439,-4.196],[152.427,-4.205],[152.436,-4.216],[152.446,-4.211],[152.457,-4.212],[152.462,-4.207],[152.475,-4.202],[152.48,-4.196]]},"properties":{"fid":2710,"name":"Duke of York Island","desc":"name=Duke of York Island\nname:de=Duke-of-York-Insel\nnatural=coastline\nold_name=Amacata\nold_name:de:1885-1918=Neu Lauenburg\nplace=island\nwikidata=Q1264383","country":"Papua New Guinea"}},
{"type":"Feature","geometry":{"type":"LineString","coordinates":[[152.432,-4.125],[152.411,-4.109],[152.407,-4.118],[152.415,-4.12],[152.424,-4.133],[152.432,-4.125]]},"properties":{"fid":2711,"name":"Makada Island","desc":"gns:dsg=ISL\ngns:uni=-3037445\nname=Makada Island\nnatural=coastline\nplace=island\nsource=GNS","country":"Papua New Guinea"}},
{"type":"Feature","geometry":{"type":"LineString","coordinates":[[152.43,-4.221],[152.413,-4.202],[152.399,-4.206],[152.397,-4.22],[152.414,-4.22],[152.423,-4.225],[152.426,-4.233],[152.433,-4.233],[152.43,-4.221]]},"properties":{"fid":2713,"name":"Ulu Island","desc":"gns:dsg=ISL\ngns:uni=-3047925\nname=Ulu Island\nnatural=coastline\nplace=island\nsource=GNS","country":"Papua New Guinea"}},
{"type":"Feature","geometry":{"type":"LineString","coordinates":[[-179.162,-16.085],[-179.169,-16.09],[-179.156,-16.096],[-179.154,-16.09],[-179.162,-16.085]]},"properties":{"fid":2725,"name":"Qelelevu Island","desc":"name=Qelelevu Island\nname:fj=Nggelelevu\nnatural=coastline\nplace=island\nwikidata=Q3490985\nwikipedia=en:Qelelevu","country":null}},
{"type":"Feature","geometry":{"type":"LineString","coordinates":[[149.3,6.674],[149.307,6.692],[149.306,6.701],[149.297,6.699],[149.296,6.679],[149.3,6.674]]},"properties":{"fid":2756,"name":"Pulusuk","desc":"alt_name=Houk Island\nele=0\ngnis:county_id=002\ngnis:created=07/02/1984\ngnis:feature_id=1394633\ngnis:state_id=64\nname=Pulusuk\nnatural=coastline\nplace=island","country":"Micronesia"}},
{"type":"Feature","geometry":{"type":"LineString","coordinates":[[149.697,8.6],[149.681,8.585],[149.685,8.569],[149.692,8.572],[149.687,8.584],[149.697,8.6]]},"properties":{"fid":2768,"name":"Onoun Island","desc":"alt_name=Ulul Island\nele=0\ngnis:county_id=002\ngnis:created=07/02/1984\ngnis:feature_id=1394812\ngnis:state_id=64\nname=Onoun Island\nnatural=coastline\nplace=island","country":"Micronesia"}},
{"type":"Feature","geometry":{"type":"LineString","coordinates":[[143.912,7.38],[143.907,7.382],[143.904,7.37],[143.912,7.369],[143.912,7.38]]},"properties":{"fid":2771,"name":"Woleai","desc":"name=Woleai\nnatural=coastline\nplace=island","country":"Micronesia"}},
{"type":"Feature","geometry":{"type":"LineString","coordinates":[[132.225,5.317],[132.226,5.333],[132.219,5.327],[132.225,5.317]]},"properties":{"fid":2781,"name":"Sonsorol","desc":"alt_name=Dongosaro\nname=Sonsorol\nnatural=coastline\nplace=island\nwikidata=Q2299763","country":"Palau"}},
{"type":"Feature","geometry":{"type":"LineString","coordinates":[[138.159,9.609],[138.163,9.613],[138.159,9.621],[138.162,9.628],[138.154,9.638],[138.145,9.632],[138.143,9.623],[138.159,9.609]]},"properties":{"fid":2785,"name":"Rumung","desc":"gnis:county_id=060\ngnis:created=07/02/1984\ngnis:feature_id=1391137\ngnis:state_id=64\nis_in:country_code=FM\nname=Rumung\nnatural=coastline\nplace=island\nsource=PGS and Bing\nwikidata=Q533797\nwikipedia=de:Rumung","country":"Micronesia"}},
{"type":"Feature","geometry":{"type":"LineString","coordinates":[[140.525,9.763],[140.527,9.772],[140.517,9.77],[140.508,9.758],[140.514,9.753],[140.525,9.763]]},"properties":{"fid":2790,"name":"Fais Island","desc":"ele=23\ngnis:county_id=060\ngnis:created=07/02/1984\ngnis:feature_id=1390768\ngnis:state_id=64\nname=Fais Island\nnatural=coastline\nplace=island\nwikidata=Q1393489","country":"Micronesia"}},
{"type":"Feature","geometry":{"type":"LineString","coordinates":[[134.151,6.914],[134.144,6.92],[134.125,6.923],[134.13,6.907],[134.128,6.897],[134.132,6.888],[134.147,6.9],[134.154,6.911],[134.151,6.914]]},"properties":{"fid":2799,"name":"Angaur","desc":"alt_name=Ngeaur\nele=5\ngnis:county_id=010\ngnis:created=01/01/2000\ngnis:feature_id=1391643\ngnis:state_id=70\nname=Angaur\nnatural=coastline\nplace=island\nwikidata=Q43387998","country":"Palau"}},
{"type":"Feature","geometry":{"type":"LineString","coordinates":[[151.576,7.379],[151.57,7.371],[151.58,7.363],[151.586,7.365],[151.6,7.375],[151.582,7.385],[151.576,7.379]]},"properties":{"fid":2823,"name":"Paata","desc":"alt_name=Faichuk Island Group\nis_in:archipelago=Caroline Islands\nis_in:municipality=Paata-Tupunion\nname=Paata\nnatural=coastline\nold_name:ja=木曜島\nplace=island\nsource=PGS & Bing","country":"Micronesia"}},
{"type":"Feature","geometry":{"type":"LineString","coordinates":[[151.736,7.377],[151.723,7.38],[151.712,7.393],[151.704,7.388],[151.707,7.376],[151.715,7.377],[151.719,7.372],[151.731,7.369],[151.736,7.377]]},"properties":{"fid":2837,"name":"Udot","desc":"is_in:archipelago=Caroline Islands\nis_in:municipality=Udot-Fonuweisom\nname=Udot\nnatural=coastline\nold_name=Uatschaluk\nold_name:ja=月曜島\nplace=island\nsource=PGS & Bing\nwikidata=Q938932","country":"Micronesia"}},
{"type":"Feature","geometry":{"type":"LineString","coordinates":[[151.88,7.286],[151.889,7.296],[151.887,7.308],[151.873,7.316],[151.873,7.3],[151.88,7.286]]},"properties":{"fid":2844,"name":"Uman","desc":"is_in:archipelago=Caroline Islands\nis_in:municipality=Uman-Fonuweisom\nname=Uman\nnatural=coastline\nold_name:ja=冬島\nplace=island\nsource=PGS & Bing\nwikidata=Q1604758\nwikipedia=en:Uman Island","country":"Micronesia"}},
{"type":"Feature","geometry":{"type":"LineString","coordinates":[[151.561,7.335],[151.569,7.333],[151.576,7.325],[151.583,7.328],[151.591,7.326],[151.601,7.339],[151.605,7.341],[151.609,7.351],[151.596,7.352],[151.591,7.347],[151.567,7.341],[151.561,7.335]]},"properties":{"fid":2875,"name":"Polle","desc":"alt_name=Faichuk Island Group\nis_in:archipelago=Caroline Islands\nis_in:municipality=Polle\nname=Polle\nnatural=coastline\nold_name:ja=金曜島\nplace=island\nsource=PGS & Bing\nwikidata=Q3395315","country":"Micronesia"}},
{"type":"Feature","geometry":{"type":"LineString","coordinates":[[151.668,7.36],[151.657,7.361],[151.669,7.345],[151.672,7.356],[151.668,7.36]]},"properties":{"fid":2876,"name":"Fanapanges","desc":"alt_name=Fala-Beguets\nis_in:archipelago=Caroline Islands\nis_in:municipality=Fanapanges\nname=Fanapanges\nnatural=coastline\nold_name:ja=火曜島\nplace=island\nsource=PGS & Bing\nwikidata=Q3066319","country":"Micronesia"}},
{"type":"Feature","geometry":{"type":"LineString","coordinates":[[151.852,7.319],[151.852,7.342],[151.849,7.345],[151.852,7.358],[151.826,7.37],[151.818,7.367],[151.824,7.351],[151.838,7.341],[151.84,7.326],[151.838,7.317],[151.849,7.314],[151.852,7.319]]},"properties":{"fid":2880,"name":"Fefan","desc":"alt_name=Fefen\nboundary=place\nis_in:archipelago=Caroline Islands\nis_in:municipality=Fefan\nname=Fefan\nnatural=coastline\nold_name:ja=秋島\nplace=island\nsource=PGS & Bing\nwikidata=Q2570108\nwikipedia=en:Fefan","country":"Micronesia"}},
{"type":"Feature","geometry":{"type":"LineString","coordinates":[[153.723,5.32],[153.733,5.324],[153.739,5.331],[153.734,5.339],[153.73,5.326],[153.723,5.32]]},"properties":{"fid":2887,"name":"Satawan","desc":"ele=0\ngnis:county_id=002\ngnis:created=07/02/1984\ngnis:feature_id=1394699\ngnis:state_id=64\nname=Satawan\nnatural=coastline\nplace=island","country":"Micronesia"}},
{"type":"Feature","geometry":{"type":"LineString","coordinates":[[157.165,5.784],[157.154,5.791],[157.152,5.785],[157.165,5.784]]},"properties":{"fid":2909,"name":"Ngatik Island","desc":"gnis:feature_id=1395584\nname=Ngatik Island\nnatural=coastline\nplace=island","country":"Micronesia"}},
{"type":"Feature","geometry":{"type":"LineString","coordinates":[[170.231,9.465],[170.24,9.446],[170.244,9.459],[170.241,9.465],[170.231,9.465]]},"properties":{"fid":2914,"name":"Wotje","desc":"ele=0\ngnis:county_id=430\ngnis:created=01/01/2000\ngnis:feature_id=1392941\ngnis:state_id=68\nname=Wotje\nname:hu=Wotje\nnatural=coastline\nplace=island\npopulation=775","country":"Marshall Islands"}},
{"type":"Feature","geometry":{"type":"LineString","coordinates":[[168.658,4.626],[168.653,4.639],[168.646,4.637],[168.658,4.626]]},"properties":{"fid":2927,"name":"Toka","desc":"gnis:feature_id=1392892\nname=Toka\nnatural=coastline\nplace=islet","country":"Marshall Islands"}},
{"type":"Feature","geometry":{"type":"LineString","coordinates":[[170.85,8.898],[170.84,8.903],[170.833,8.888],[170.842,8.885],[170.85,8.898]]},"properties":{"fid":2928,"name":"Kaven","desc":"alt_name=Kaben\ngnis:feature_id=1396847\nname=Kaven\nnatural=coastline\nplace=island\nwikidata=Q6344047","country":"Marshall Islands"}},
{"type":"Feature","geometry":{"type":"LineString","coordinates":[[168.758,4.602],[168.748,4.596],[168.736,4.584],[168.711,4.575],[168.7,4.58],[168.691,4.589],[168.689,4.581],[168.694,4.577],[168.707,4.573],[168.725,4.578],[168.739,4.586],[168.758,4.602]]},"properties":{"fid":2930,"name":"way/23709451","desc":"natural=coastline\nplace=island","country":"Marshall Islands"}},
{"type":"Feature","geometry":{"type":"LineString","coordinates":[[168.554,7.407],[168.55,7.434],[168.553,7.45],[168.548,7.449],[168.546,7.437],[168.554,7.407]]},"properties":{"fid":2935,"name":"Wotja Island","desc":"gnis:feature_id=1392940\nname=Wotja Island\nnatural=coastline\nplace=island","country":"Marshall Islands"}},
{"type":"Feature","geometry":{"type":"LineString","coordinates":[[167.714,8.727],[167.718,8.718],[167.734,8.718],[167.74,8.722],[167.736,8.73],[167.727,8.722],[167.714,8.727]]},"properties":{"fid":2949,"name":"Kuwajleen","desc":"description=Mostly a US military base.\nheritage=2\nheritage:operator=nrhp\nlocal_name=Kwaj\nname=Kuwajleen\nnatural=coastline\nnrhp:criteria=(A)\nnrhp:inscription_date=February 4, 1985\nnrhp:nhl=yes\nplace=island\nprotection_title=*\nref:nrhp=85001757\nwikidata=Q309172","country":"Marshall Islands"}},
{"type":"Feature","geometry":{"type":"LineString","coordinates":[[166.834,9.322],[166.828,9.331],[166.82,9.326],[166.834,9.322]]},"properties":{"fid":2964,"name":"way/23709953","desc":"natural=coastline\nplace=islet","country":"Marshall Islands"}},
{"type":"Feature","geometry":{"type":"LineString","coordinates":[[172.891,3.11],[172.899,3.114],[172.907,3.131],[172.915,3.138],[172.946,3.156],[172.97,3.177],[172.962,3.179],[172.949,3.161],[172.907,3.135],[172.891,3.113],[172.891,3.11]]},"properties":{"fid":2971,"name":"way/23715545","desc":"natural=coastline\nplace=island\nsource=PGS & Bing","country":"Kiribati"}},
{"type":"Feature","geometry":{"type":"LineString","coordinates":[[172.995,3.379],[173.009,3.384],[173.007,3.39],[172.995,3.393],[172.977,3.375],[172.981,3.368],[172.988,3.367],[172.995,3.374],[172.995,3.379]]},"properties":{"fid":2973,"name":"Makin","desc":"alt_name=Makin Meang\nname=Makin\nnatural=coastline\nplace=island\nsource=bing\nwikidata=Q3280825","country":"Kiribati"}},
{"type":"Feature","geometry":{"type":"LineString","coordinates":[[171.104,7.099],[171.062,7.116],[171.052,7.124],[171.041,7.139],[171.038,7.155],[171.029,7.151],[171.028,7.144],[171.042,7.135],[171.049,7.124],[171.062,7.114],[171.096,7.1],[171.104,7.099]]},"properties":{"fid":2976,"name":"Rairik","desc":"name=Rairik\nnatural=coastline\nplace=island\nsource=Bing","country":"Marshall Islands"}},
{"type":"Feature","geometry":{"type":"LineString","coordinates":[[173.785,0.386],[173.774,0.393],[173.762,0.392],[173.768,0.382],[173.793,0.379],[173.785,0.386]]},"properties":{"fid":2980,"name":"Abatiku","desc":"name=Abatiku\nnatural=coastline\nplace=island\nsource=Bing\nwikidata=Q27220960","country":"Kiribati"}},
{"type":"Feature","geometry":{"type":"LineString","coordinates":[[173.637,0.176],[173.637,0.162],[173.629,0.141],[173.611,0.121],[173.622,0.123],[173.63,0.13],[173.644,0.168],[173.644,0.177],[173.639,0.191],[173.629,0.185],[173.637,0.176]]},"properties":{"fid":3002,"name":"Buariki","desc":"name=Buariki\nnatural=coastline\nplace=island\nsource=Bing\nwikidata=Q997365","country":"Kiribati"}},
{"type":"Feature","geometry":{"type":"LineString","coordinates":[[171.758,6.965],[171.748,6.958],[171.727,6.966],[171.704,6.98],[171.694,6.991],[171.681,6.994],[171.671,7.004],[171.666,7.006],[171.658,7.006],[171.648,7.004],[171.641,6.999],[171.621,6.994],[171.608,6.996],[171.596,7.003],[171.591,7.009],[171.572,7.043],[171.557,7.06],[171.552,7.075],[171.546,7.066],[171.553,7.056],[171.566,7.049],[171.571,7.043],[171.58,7.027],[171.583,7.019],[171.591,7.005],[171.608,6.994],[171.621,6.993],[171.643,6.998],[171.654,7.005],[171.666,7.005],[171.674,7.001],[171.678,6.992],[171.69,6.991],[171.697,6.987],[171.702,6.978],[171.719,6.971],[171.727,6.963],[171.738,6.959],[171.754,6.957],[171.758,6.965]]},"properties":{"fid":3016,"name":"way/23716131","desc":"natural=coastline\nplace=island\nsource=Bing","country":"Marshall Islands"}},
{"type":"Feature","geometry":{"type":"LineString","coordinates":[[171.913,6.066],[171.928,6.056],[171.936,6.047],[171.942,6.037],[171.947,6.037],[171.931,6.053],[171.93,6.054],[171.921,6.061],[171.913,6.066]]},"properties":{"fid":3018,"name":"way/23716164","desc":"natural=coastline\nplace=island","country":"Marshall Islands"}},
{"type":"Feature","geometry":{"type":"LineString","coordinates":[[173.114,1.411],[173.118,1.398],[173.124,1.404],[173.114,1.411]]},"properties":{"fid":3027,"name":"Abatao","desc":"name=Abatao\nname:zh=阿巴塔奥\nnatural=coastline\nplace=island\nwikidata=Q3603142","country":"Kiribati"}},
{"type":"Feature","geometry":{"type":"LineString","coordinates":[[151.88,7.459],[151.878,7.46],[151.864,7.458],[151.849,7.469],[151.836,7.456],[151.841,7.454],[151.838,7.435],[151.841,7.428],[151.84,7.418],[151.848,7.416],[151.866,7.424],[151.868,7.437],[151.875,7.438],[151.882,7.444],[151.901,7.446],[151.897,7.452],[151.887,7.45],[151.88,7.459]]},"properties":{"fid":3030,"name":"Weno","desc":"is_in:archipelago=Caroline Islands\nis_in:municipality=Weno\nname=Weno\nnatural=coastline\nold_name=Moen\nold_name:ja=春島\nplace=island\nsource=PGS & Bing\nwikidata=Q1009384\nwikipedia=en:Weno","country":"Micronesia"}},
{"type":"Feature","geometry":{"type":"LineString","coordinates":[[145.634,16.353],[145.64,16.339],[145.65,16.332],[145.655,16.335],[145.703,16.333],[145.717,16.339],[145.725,16.351],[145.721,16.362],[145.706,16.369],[145.68,16.368],[145.666,16.37],[145.637,16.37],[145.633,16.367],[145.634,16.353]]},"properties":{"fid":3031,"name":"Anatahan Island","desc":"gnis:feature_id=1390315\nname=Anatahan Island\nname:mk=Анатахан\nname:ru=Анатахан\nnatural=coastline\nplace=island\nsource=Bing\nwikidata=Q487319\nwikipedia=en:Anatahan","country":"Northern Mariana Islands"}},
{"type":"Feature","geometry":{"type":"LineString","coordinates":[[145.845,17.297],[145.85,17.308],[145.85,17.317],[145.842,17.322],[145.832,17.315],[145.833,17.303],[145.845,17.297]]},"properties":{"fid":3032,"name":"Guguan Island","desc":"gnis:feature_id=1390419\nname=Guguan Island\nname:mk=Гугуан\nname:ru=Гугуан\nnatural=coastline\nplace=island\nwikidata=Q498899\nwikipedia=en:Guguan","country":"Northern Mariana Islands"}},
{"type":"Feature","geometry":{"type":"LineString","coordinates":[[145.839,17.616],[145.835,17.62],[145.824,17.619],[145.815,17.602],[145.817,17.59],[145.825,17.581],[145.838,17.58],[145.85,17.591],[145.851,17.602],[145.845,17.612],[145.839,17.616]]},"properties":{"fid":3034,"name":"Alamagan Island","desc":"gnis:feature_id=1390314\nname=Alamagan Island\nname:ru=Аламаган\nnatural=coastline\nplace=island\nwikidata=Q478663\nwikipedia=en:Alamagan","country":"Northern Mariana Islands"}},
{"type":"Feature","geometry":{"type":"LineString","coordinates":[[145.546,14.841],[145.563,14.844],[145.577,14.854],[145.579,14.86],[145.574,14.866],[145.54,14.853],[145.539,14.842],[145.546,14.841]]},"properties":{"fid":3036,"name":"Aguijan","desc":"gnis:feature_id=1390307\nname=Aguijan\nnatural=coastline\nplace=island\npopulation=0\nwikidata=Q398309\nwikipedia=en:Aguigan","country":"Northern Mariana Islands"}},
{"type":"Feature","geometry":{"type":"LineString","coordinates":[[169.001,10.047],[168.992,10.043],[168.999,10.035],[169.005,10.043],[169.001,10.047]]},"properties":{"fid":3045,"name":"way/23720138","desc":"natural=coastline\nplace=island","country":"Marshall Islands"}},
{"type":"Feature","geometry":{"type":"LineString","coordinates":[[165.551,11.611],[165.555,11.614],[165.554,11.625],[165.548,11.633],[165.536,11.631],[165.55,11.621],[165.551,11.611]]},"properties":{"fid":3079,"name":"Bikini","desc":"name=Bikini\nnatural=coastline\nplace=island\nwikidata=Q152225","country":"Marshall Islands"}},
{"type":"Feature","geometry":{"type":"LineString","coordinates":[[166.856,11.155],[166.879,11.157],[166.894,11.156],[166.892,11.162],[166.883,11.159],[166.865,11.158],[166.856,11.155]]},"properties":{"fid":3092,"name":"Rongelap","desc":"name=Rongelap\nnatural=coastline\nplace=island\nsource=Bing\nwikidata=Q542619","country":"Marshall Islands"}},
{"type":"Feature","geometry":{"type":"LineString","coordinates":[[151.977,-2.658],[151.982,-2.661],[152.006,-2.663],[152.015,-2.66],[152.021,-2.651],[152.02,-2.641],[152.027,-2.638],[152.025,-2.627],[152.018,-2.608],[152,-2.597],[151.977,-2.592],[151.967,-2.598],[151.955,-2.611],[151.948,-2.624],[151.942,-2.652],[151.944,-2.659],[151.956,-2.658],[151.974,-2.661],[151.977,-2.658]]},"properties":{"fid":3143,"name":"Simberi Island","desc":"gns:dsg=ISL\ngns:uni=-3045086\nis_in:country=Papua New Guinea\nis_in:country_code=PG\nis_in:state=New Ireland Province\nname=Simberi Island\nnatural=coastline\nnote=Check my location!\nplace=island\nsource=GNS\nwikidata=Q1859939\nwikipedia=en:Simberi Island","country":"Papua New Guinea"}},
{"type":"Feature","geometry":{"type":"LineString","coordinates":[[149.572,-1.567],[149.567,-1.572],[149.58,-1.582],[149.586,-1.58],[149.593,-1.585],[149.599,-1.585],[149.585,-1.57],[149.583,-1.566],[149.572,-1.567]]},"properties":{"fid":3148,"name":"Emananus Island","desc":"name=Emananus Island\nnatural=coastline\nplace=island\nwikidata=Q49637595","country":"Papua New Guinea"}},
{"type":"Feature","geometry":{"type":"LineString","coordinates":[[152.673,-3.033],[152.691,-3.038],[152.694,-3.032],[152.678,-3.027],[152.673,-3.033]]},"properties":{"fid":3170,"name":"Mali Island","desc":"GNS:id=-2194683\ngns:dsg=ISL\ngns:uni=-3037615\nis_in:country=Papua New Guinea\nis_in:country_code=PG\nis_in:state=New Ireland Province\nname=Mali Island\nnatural=coastline\nplace=island\nsource=GNS","country":"Papua New Guinea"}},
{"type":"Feature","geometry":{"type":"LineString","coordinates":[[152.746,-10.631],[152.744,-10.633],[152.725,-10.642],[152.714,-10.642],[152.691,-10.657],[152.675,-10.657],[152.666,-10.65],[152.652,-10.649],[152.638,-10.639],[152.628,-10.635],[152.62,-10.637],[152.601,-10.633],[152.595,-10.629],[152.574,-10.625],[152.567,-10.62],[152.554,-10.618],[152.542,-10.611],[152.535,-10.618],[152.521,-10.621],[152.529,-10.634],[152.543,-10.64],[152.55,-10.652],[152.558,-10.652],[152.581,-10.66],[152.587,-10.659],[152.594,-10.667],[152.616,-10.673],[152.625,-10.682],[152.637,-10.677],[152.649,-10.675],[152.672,-10.69],[152.699,-10.703],[152.723,-10.713],[152.742,-10.714],[152.761,-10.718],[152.769,-10.715],[152.768,-10.697],[152.779,-10.698],[152.814,-10.691],[152.826,-10.697],[152.847,-10.693],[152.848,-10.686],[152.861,-10.682],[152.873,-10.674],[152.879,-10.675],[152.878,-10.662],[152.866,-10.658],[152.849,-10.642],[152.833,-10.636],[152.828,-10.629],[152.815,-10.627],[152.813,-10.621],[152.805,-10.621],[152.799,-10.612],[152.789,-10.61],[152.778,-10.617],[152.765,-10.63],[152.746,-10.631]]},"properties":{"fid":3171,"name":"Misima Island","desc":"fixme=rough outline only\ngns:dsg=ISL\ngns:uni=-3039108\nname=Misima Island\nnatural=coastline\nold_name=St. Aignan\nplace=island\nsource=landsat, GNS\nwikidata=Q1938851","country":"Papua New Guinea"}},
{"type":"Feature","geometry":{"type":"LineString","coordinates":[[153.435,-11.338],[153.446,-11.34],[153.455,-11.345],[153.478,-11.345],[153.463,-11.328],[153.439,-11.314],[153.414,-11.315],[153.407,-11.312],[153.401,-11.316],[153.403,-11.323],[153.416,-11.333],[153.435,-11.338]]},"properties":{"fid":3172,"name":"Yeina Island","desc":"GNS:id=-2204134\ngns:dsg=ISL\ngns:uni=-3050521\nname=Yeina Island\nnatural=coastline\nplace=island\nsource=GNS\nwikidata=Q2599991","country":"Papua New Guinea"}},
{"type":"Feature","geometry":{"type":"LineString","coordinates":[[159.809,-9.164],[159.817,-9.163],[159.825,-9.155],[159.836,-9.147],[159.84,-9.125],[159.819,-9.101],[159.809,-9.1],[159.793,-9.109],[159.787,-9.118],[159.784,-9.134],[159.794,-9.15],[159.809,-9.164]]},"properties":{"fid":3175,"name":"Savo Island","desc":"name=Savo Island\nnatural=coastline\nplace=island\nsource=landsat\nwikidata=Q1059040\nwikipedia=en:Savo Island","country":"Solomon Islands"}},
{"type":"Feature","geometry":{"type":"LineString","coordinates":[[151.128,-4.931],[151.138,-4.941],[151.148,-4.945],[151.162,-4.958],[151.178,-4.958],[151.201,-4.949],[151.208,-4.949],[151.208,-4.939],[151.227,-4.934],[151.233,-4.921],[151.228,-4.916],[151.217,-4.912],[151.201,-4.895],[151.192,-4.894],[151.185,-4.885],[151.163,-4.884],[151.145,-4.893],[151.134,-4.904],[151.119,-4.914],[151.112,-4.926],[151.125,-4.928],[151.128,-4.931]]},"properties":{"fid":3176,"name":"Lolobau Island","desc":"GNS:id=-2194120\ngns:dsg=ISL\ngns:uni=-3036856\nname=Lolobau Island\nnatural=coastline\nplace=island\nsource=GNS","country":"Papua New Guinea"}},
{"type":"Feature","geometry":{"type":"LineString","coordinates":[[150.865,-9.766],[150.886,-9.763],[150.886,-9.758],[150.878,-9.751],[150.878,-9.746],[150.869,-9.737],[150.86,-9.742],[150.856,-9.748],[150.855,-9.758],[150.858,-9.764],[150.865,-9.766]]},"properties":{"fid":3184,"name":"Watoa Island","desc":"GNS:id=-2187573\nalt_name=Dobu Island\ngns:dsg=ISL\ngns:uni=99873\nis_in:country=Papua New Guinea\nis_in:country_code=PG\nis_in:state=Milne Bay Province\nname=Watoa Island\nname:de=Dobu\nname:en=Dobu Island\nname:fr=Île Dobu\nname:it=Dobu\nnatural=coastline\nplace=island\nsource=GNS\nwikidata=Q1233656\nwikipedia=en:Dobu Island","country":"Papua New Guinea"}},
{"type":"Feature","geometry":{"type":"LineString","coordinates":[[150.898,-9.739],[150.899,-9.728],[150.894,-9.727],[150.893,-9.737],[150.898,-9.739]]},"properties":{"fid":3185,"name":"Nekumara Island","desc":"alt_name=Neumara Island\ngns:dsg=ISL\ngns:uni=-3040459\nname=Nekumara Island\nnatural=coastline\nplace=island\nsource=landsat;GNS\nwikidata=Q49662307","country":"Papua New Guinea"}},
{"type":"Feature","geometry":{"type":"LineString","coordinates":[[147.932,-5.899],[147.945,-5.9],[147.943,-5.89],[147.932,-5.899]]},"properties":{"fid":3189,"name":"Malai Island","desc":"gns:dsg=ISL\ngns:uni=-3037520\nname=Malai Island\nnatural=coastline\nplace=island\nsource=GNS","country":"Papua New Guinea"}},
{"type":"Feature","geometry":{"type":"LineString","coordinates":[[150.083,-5.313],[150.088,-5.298],[150.078,-5.294],[150.074,-5.288],[150.059,-5.298],[150.055,-5.308],[150.059,-5.313],[150.072,-5.317],[150.076,-5.309],[150.083,-5.313]]},"properties":{"fid":3190,"name":"Garua Island","desc":"GNS:id=-2188667\ngns:dsg=ISL\ngns:uni=-3029586\nname=Garua Island\nnatural=coastline\nplace=island\nsource=GNS\nwikidata=Q49638834\nwikipedia=de:Garua Island","country":null}},
{"type":"Feature","geometry":{"type":"LineString","coordinates":[[151.006,-8.752],[151.017,-8.733],[151.014,-8.73],[151.003,-8.738],[151.006,-8.752]]},"properties":{"fid":3191,"name":"Muwo Island","desc":"GNS:id=-2196318\ngns:dsg=ISL\ngns:uni=-3039884\nname=Muwo Island\nnatural=coastline\nplace=island\nsource=GNS\nwikidata=Q49660993","country":"Papua New Guinea"}},
{"type":"Feature","geometry":{"type":"LineString","coordinates":[[151.094,-8.603],[151.104,-8.601],[151.102,-8.587],[151.106,-8.581],[151.095,-8.568],[151.088,-8.573],[151.095,-8.593],[151.094,-8.603]]},"properties":{"fid":3192,"name":"Bomapau Island","desc":"alt_name=Baimapu Island\ngns:dsg=ISL\ngns:uni=-3026239\nname=Bomapau Island\nnatural=coastline\nplace=island\nsource=landsat;GNS","country":"Papua New Guinea"}},
{"type":"Feature","geometry":{"type":"LineString","coordinates":[[150.922,-8.579],[150.937,-8.573],[150.972,-8.554],[150.968,-8.549],[150.971,-8.533],[150.975,-8.525],[150.975,-8.502],[150.969,-8.486],[150.954,-8.477],[150.944,-8.481],[150.933,-8.491],[150.929,-8.507],[150.925,-8.509],[150.925,-8.524],[150.935,-8.542],[150.92,-8.571],[150.922,-8.579]]},"properties":{"fid":3193,"name":"Kaileuna Island","desc":"gns:dsg=ISL\ngns:uni=-3032796\nis_in:state=Milne Bay Province\nname=Kaileuna Island\nnatural=coastline\nplace=island\nsource=landsat;GNS","country":"Papua New Guinea"}},
{"type":"Feature","geometry":{"type":"LineString","coordinates":[[152.378,-10.776],[152.391,-10.777],[152.404,-10.786],[152.417,-10.778],[152.417,-10.772],[152.41,-10.77],[152.405,-10.756],[152.399,-10.754],[152.382,-10.77],[152.378,-10.776]]},"properties":{"fid":3194,"name":"Panapompom Island","desc":"GNS:id=-2197904\ngns:dsg=ISL\ngns:uni=-3042057\nname=Panapompom Island\nnatural=coastline\nplace=island\nsource=GNS","country":"Papua New Guinea"}},
{"type":"Feature","geometry":{"type":"LineString","coordinates":[[152.424,-8.999],[152.42,-8.99],[152.424,-8.984],[152.424,-8.973],[152.447,-8.963],[152.454,-8.966],[152.469,-8.967],[152.476,-8.979],[152.485,-8.99],[152.496,-8.991],[152.5,-8.982],[152.496,-8.975],[152.484,-8.969],[152.481,-8.959],[152.474,-8.95],[152.449,-8.943],[152.441,-8.956],[152.425,-8.97],[152.415,-8.974],[152.408,-8.972],[152.394,-8.987],[152.395,-9],[152.416,-9.034],[152.425,-9.029],[152.423,-9.019],[152.429,-9.012],[152.424,-8.999]]},"properties":{"fid":3196,"name":"Madau Island","desc":"gns:dsg=ISL\ngns:uni=-3037193\nname=Madau Island\nnatural=coastline\nplace=island\nsource=landsat;GNS","country":"Papua New Guinea"}},
{"type":"Feature","geometry":{"type":"LineString","coordinates":[[152.564,-11.099],[152.574,-11.09],[152.588,-11.091],[152.583,-11.077],[152.566,-11.077],[152.549,-11.073],[152.549,-11.082],[152.559,-11.09],[152.564,-11.099]]},"properties":{"fid":3197,"name":"Motorina Island","desc":"GNS:id=-2196055\nalt_name=Moturina Island;Mewstone Island\ngns:dsg=ISL\ngns:uni=-3039527\nname=Motorina Island\nnatural=coastline\nplace=island\nsource=GNS\nwikidata=Q15256577","country":"Papua New Guinea"}},
{"type":"Feature","geometry":{"type":"LineString","coordinates":[[152.667,-11.138],[152.677,-11.147],[152.681,-11.139],[152.687,-11.137],[152.693,-11.143],[152.709,-11.138],[152.688,-11.117],[152.678,-11.122],[152.673,-11.133],[152.667,-11.138]]},"properties":{"fid":3200,"name":"Bagaman Island","desc":"GNS:id=-2185267\nalt_name=Stanton Island\ngns:dsg=ISL\ngns:uni=-3024803\nname=Bagaman Island\nnatural=coastline\nplace=island\nsource=GNS\nwikidata=Q15195966","country":"Papua New Guinea"}},
{"type":"Feature","geometry":{"type":"LineString","coordinates":[[152.774,-11.162],[152.788,-11.158],[152.783,-11.152],[152.774,-11.162]]},"properties":{"fid":3201,"name":"Pana Numara Island","desc":"GNS:id=-2197899\nalt_name=Pnaumala Island\ngns:dsg=ISL\ngns:uni=-3042052\nname=Pana Numara Island\nnatural=coastline\nplace=island\nsource=GNS\nwikidata=Q25059125","country":"Papua New Guinea"}},
{"type":"Feature","geometry":{"type":"LineString","coordinates":[[153.039,-11.155],[153.031,-11.154],[153.021,-11.161],[153.007,-11.159],[153.003,-11.15],[152.991,-11.157],[152.998,-11.173],[152.986,-11.18],[152.973,-11.179],[152.969,-11.187],[152.995,-11.194],[152.997,-11.204],[153.009,-11.196],[153.02,-11.212],[153.027,-11.201],[153.021,-11.193],[153.026,-11.186],[153.036,-11.184],[153.031,-11.17],[153.039,-11.155]]},"properties":{"fid":3203,"name":"Pana-Wina Island","desc":"GNS:id=-2197931\nalt_name=Panawina Island;Pana-wina Island;Kaluma Island\ngns:dsg=ISL\ngns:uni=-3042093\nname=Pana-Wina Island\nnatural=coastline\nplace=island\nsource=GNS","country":"Papua New Guinea"}},
{"type":"Feature","geometry":{"type":"LineString","coordinates":[[152.923,-11.183],[152.928,-11.165],[152.917,-11.158],[152.914,-11.168],[152.923,-11.183]]},"properties":{"fid":3204,"name":"Kuanak Island","desc":"GNS:id=-2192936\nalt_name=Kuwanak Island;Abagagaheia Island\ngns:dsg=ISL\ngns:uni=-3035264\nname=Kuanak Island\nnatural=coastline\nplace=island\nsource=GNS\nwikidata=Q49649274","country":"Papua New Guinea"}},
{"type":"Feature","geometry":{"type":"LineString","coordinates":[[153.069,-11.112],[153.083,-11.12],[153.102,-11.127],[153.122,-11.141],[153.118,-11.13],[153.106,-11.122],[153.076,-11.109],[153.069,-11.112]]},"properties":{"fid":3205,"name":"Sabari Island","desc":"GNS:id=-2199247\nalt_name=Sabara Island\ngns:dsg=ISL\ngns:uni=-3043883\nname=Sabari Island\nnatural=coastline\nplace=island\nsource=GNS\nwikidata=Q25059126","country":"Papua New Guinea"}},
{"type":"Feature","geometry":{"type":"LineString","coordinates":[[152.728,-11.136],[152.74,-11.132],[152.738,-11.122],[152.729,-11.115],[152.726,-11.131],[152.728,-11.136]]},"properties":{"fid":3206,"name":"Bobo Eina Island","desc":"GNS:id=-2186177\nalt_name=Boboeina Island;Huxley Island;Bobiana Island\ngns:dsg=ISL\ngns:uni=-3026069\nname=Bobo Eina Island\nnatural=coastline\nplace=island\nsource=GNS\nwikidata=Q25059129","country":"Papua New Guinea"}},
{"type":"Feature","geometry":{"type":"LineString","coordinates":[[152.659,-11.14],[152.663,-11.128],[152.659,-11.123],[152.653,-11.134],[152.659,-11.14]]},"properties":{"fid":3207,"name":"Bonna Wan Islet","desc":"alt_name=Bonawana Islet\nname=Bonna Wan Islet\nnatural=coastline\nplace=islet\nwikidata=Q49633739","country":"Papua New Guinea"}},
{"type":"Feature","geometry":{"type":"LineString","coordinates":[[-147.842,-14.917],[-147.851,-14.918],[-147.854,-14.925],[-147.835,-14.923],[-147.804,-14.928],[-147.806,-14.922],[-147.842,-14.917]]},"properties":{"fid":3210,"name":"way/29470975","desc":"natural=coastline\nplace=island\nsource:geometry=Satellite photogrammetry\nsource:geometry:date=2015","country":"French Polynesia"}},
{"type":"Feature","geometry":{"type":"LineString","coordinates":[[-147.44,-15.306],[-147.447,-15.314],[-147.42,-15.31],[-147.44,-15.306]]},"properties":{"fid":3250,"name":"way/29506797","desc":"natural=coastline\nplace=island\nsource:geometry=Satellite photogrammetry\nsource:geometry:date=2015","country":"French Polynesia"}},
{"type":"Feature","geometry":{"type":"LineString","coordinates":[[150.72,-9.302],[150.716,-9.311],[150.707,-9.303],[150.708,-9.292],[150.693,-9.296],[150.704,-9.304],[150.712,-9.315],[150.721,-9.311],[150.72,-9.302]]},"properties":{"fid":3274,"name":"Watota Island","desc":"GNS:id=-2203381\nalt_name=Kwatota Island\ngns:dsg=ISL\ngns:uni=-3049499\nname=Watota Island\nnatural=coastline\nplace=island\nsource=GNS","country":"Papua New Guinea"}},
{"type":"Feature","geometry":{"type":"LineString","coordinates":[[150.755,-9.297],[150.764,-9.3],[150.773,-9.287],[150.762,-9.28],[150.757,-9.269],[150.757,-9.262],[150.743,-9.263],[150.741,-9.279],[150.747,-9.281],[150.748,-9.29],[150.755,-9.297]]},"properties":{"fid":3275,"name":"Wawiwa Island","desc":"GNS:id=-2203435\ngns:dsg=ISL\ngns:uni=-3049564\nname=Wawiwa Island\nnatural=coastline\nplace=island\nsource=GNS","country":"Papua New Guinea"}},
{"type":"Feature","geometry":{"type":"LineString","coordinates":[[150.779,-9.301],[150.781,-9.304],[150.801,-9.293],[150.801,-9.288],[150.788,-9.279],[150.779,-9.287],[150.782,-9.292],[150.779,-9.301]]},"properties":{"fid":3276,"name":"Yabwaia Island","desc":"GNS:id=-2203862\ngns:dsg=ISL\ngns:uni=-3050158\nname=Yabwaia Island\nnatural=coastline\nplace=island\nsource=GNS\nwikidata=Q34784025","country":"Papua New Guinea"}},
{"type":"Feature","geometry":{"type":"LineString","coordinates":[[150.9,-9.259],[150.914,-9.252],[150.902,-9.244],[150.896,-9.251],[150.9,-9.259]]},"properties":{"fid":3286,"name":"Wamena Island","desc":"GNS:id=-2203052\nalt_name=Wamea Island;Dum Dum Island\ngns:dsg=ISL\ngns:uni=-3049060\nname=Wamena Island\nnatural=coastline\nplace=island\nsource=GNS","country":"Papua New Guinea"}},
{"type":"Feature","geometry":{"type":"LineString","coordinates":[[150.866,-9.224],[150.877,-9.222],[150.881,-9.214],[150.871,-9.208],[150.866,-9.211],[150.866,-9.224]]},"properties":{"fid":3287,"name":"Urasi Island","desc":"alt_name=Gumawana Island\ngns:dsg=ISL\ngns:uni=-3048177\nname=Urasi Island\nnatural=coastline\nplace=island\nsource=landsat, DigitalGlobe;GNS","country":"Papua New Guinea"}},
{"type":"Feature","geometry":{"type":"LineString","coordinates":[[151.043,-9.653],[151.028,-9.632],[151.026,-9.617],[151.032,-9.601],[151.032,-9.592],[151.024,-9.586],[151.011,-9.585],[151.007,-9.578],[150.994,-9.576],[150.976,-9.585],[150.969,-9.582],[150.957,-9.589],[150.952,-9.604],[150.97,-9.618],[150.991,-9.626],[150.998,-9.626],[151.004,-9.642],[151.011,-9.643],[151.015,-9.655],[151.025,-9.669],[151.033,-9.665],[151.043,-9.653]]},"properties":{"fid":3296,"name":"Sanaroa Island","desc":"GNS:id=-2199493\nis_in:country=Papua New Guinea\nis_in:country_code=PG\nis_in:state=Milne Bay Province\nname=Sanaroa Island\nname:de=Sanaroa\nname:en=Sanaroa Island\nname:fr=Île Sanaroa\nname:it=Sanaroa\nnatural=coastline\nplace=island\nsource:name=GNS\nwikidata=Q3695601","country":"Papua New Guinea"}},
{"type":"Feature","geometry":{"type":"LineString","coordinates":[[146.403,-2.108],[146.389,-2.101],[146.392,-2.116],[146.401,-2.118],[146.403,-2.108]]},"properties":{"fid":3318,"name":"Bipi Island","desc":"GNS:id=-2186042\ngns:dsg=ISL\ngns:uni=-3025878\nis_in:country=Papua New Guinea\nis_in:country_code=PG\nis_in:state=Manus Province\nname=Bipi Island\nnatural=coastline\nplace=island\nsource=GNS\nsource:name=out of copyright map https://openresearch-repository.anu.edu.au/handle/1885/115218","country":"Papua New Guinea"}},
{"type":"Feature","geometry":{"type":"LineString","coordinates":[[146.431,-2.092],[146.423,-2.088],[146.42,-2.095],[146.425,-2.101],[146.431,-2.092]]},"properties":{"fid":3319,"name":"Sisi Liu Island","desc":"GNS:id=-2200274\nalt_name=Sisi Island\ngns:dsg=ISL\ngns:uni=-3045300\nis_in:country=Papua New Guinea\nis_in:country_code=PG\nis_in:state=Manus Province\nname=Sisi Liu Island\nnatural=coastline\nplace=island\nsource=GNS","country":"Papua New Guinea"}},
{"type":"Feature","geometry":{"type":"LineString","coordinates":[[147.301,-2.56],[147.303,-2.555],[147.299,-2.541],[147.278,-2.542],[147.267,-2.549],[147.262,-2.57],[147.274,-2.576],[147.288,-2.575],[147.296,-2.569],[147.301,-2.56]]},"properties":{"fid":3326,"name":"Baluan Island","desc":"gns:dsg=ISL\ngns:uni=-3025049\nis_in:country=Papua New Guinea\nis_in:country_code=PG\nis_in:state=Manus Province\nname=Baluan Island\nnatural=coastline\nplace=island\nsource=GNS\nwikidata=Q805832\nwikipedia=en:Baluan Island","country":"Papua New Guinea"}},
{"type":"Feature","geometry":{"type":"LineString","coordinates":[[147.324,-2.421],[147.327,-2.415],[147.339,-2.406],[147.346,-2.404],[147.364,-2.404],[147.383,-2.397],[147.389,-2.385],[147.389,-2.375],[147.355,-2.374],[147.34,-2.366],[147.332,-2.378],[147.331,-2.391],[147.31,-2.406],[147.31,-2.416],[147.305,-2.424],[147.307,-2.435],[147.313,-2.442],[147.317,-2.428],[147.324,-2.421]]},"properties":{"fid":3329,"name":"Lou Island","desc":"gns:dsg=ISL\ngns:uni=-3036979\nis_in:country=Papua New Guinea\nis_in:country_code=PG\nis_in:state=Manus Province\nname=Lou Island\nnatural=coastline\nplace=island\nsource=landsat/bing/maxar\nsource:name=out of copyright Australian Army map: https://openresearch-repository.anu.edu.au/handle/1885/115247","country":"Papua New Guinea"}},
{"type":"Feature","geometry":{"type":"LineString","coordinates":[[147.225,-2.223],[147.238,-2.223],[147.235,-2.216],[147.225,-2.223]]},"properties":{"fid":3331,"name":"Big Ndrova Island","desc":"gns:dsg=ISL\ngns:uni=-3025761\nis_in:country=Papua New Guinea\nis_in:state=Manus Province\nname=Big Ndrova Island\nnatural=coastline\nnote=Check my location!\nplace=island","country":"Papua New Guinea"}},
{"type":"Feature","geometry":{"type":"LineString","coordinates":[[147.715,-2.335],[147.726,-2.334],[147.73,-2.338],[147.742,-2.34],[147.742,-2.347],[147.751,-2.353],[147.766,-2.352],[147.779,-2.345],[147.812,-2.35],[147.832,-2.345],[147.839,-2.338],[147.849,-2.336],[147.858,-2.324],[147.854,-2.317],[147.87,-2.308],[147.879,-2.299],[147.878,-2.294],[147.862,-2.288],[147.852,-2.282],[147.848,-2.276],[147.839,-2.272],[147.83,-2.255],[147.822,-2.249],[147.819,-2.241],[147.805,-2.237],[147.811,-2.25],[147.8,-2.265],[147.788,-2.27],[147.788,-2.304],[147.775,-2.324],[147.749,-2.329],[147.737,-2.318],[147.728,-2.319],[147.715,-2.335]]},"properties":{"fid":3334,"name":"Rambutyo Island","desc":"name=Rambutyo Island\nname:de=Jesus-Maria-Insel\nnatural=coastline\nplace=island\nsource=landsat\nwikidata=Q2130110\nwikipedia=en:Rambutyo Island","country":"Papua New Guinea"}},
{"type":"Feature","geometry":{"type":"LineString","coordinates":[[147.783,-2.229],[147.776,-2.219],[147.782,-2.21],[147.779,-2.202],[147.766,-2.195],[147.766,-2.203],[147.773,-2.211],[147.777,-2.221],[147.783,-2.229]]},"properties":{"fid":3335,"name":"Bundro Island","desc":"name=Bundro Island\nnatural=coastline\nplace=island\nsource=landsat","country":"Papua New Guinea"}},
{"type":"Feature","geometry":{"type":"LineString","coordinates":[[147.734,-2.193],[147.727,-2.185],[147.722,-2.194],[147.727,-2.201],[147.734,-2.193]]},"properties":{"fid":3339,"name":"Patuam Island","desc":"name=Patuam Island\nnatural=coastline\nplace=island","country":"Papua New Guinea"}},
{"type":"Feature","geometry":{"type":"LineString","coordinates":[[147.741,-2.056],[147.747,-2.06],[147.745,-2.068],[147.765,-2.07],[147.786,-2.064],[147.793,-2.058],[147.795,-2.048],[147.789,-2.036],[147.784,-2.034],[147.762,-2.036],[147.755,-2.039],[147.746,-2.047],[147.741,-2.056]]},"properties":{"fid":3340,"name":"Tong Island","desc":"GNS:id=-2201690\ngns:dsg=ISL\ngns:uni=-3047246\nis_in:country=Papua New Guinea\nis_in:country_code=PG\nis_in:state=Manus Province\nname=Tong Island\nnatural=coastline\nnote=Check my location!\nplace=island\nsource=GNS","country":"Papua New Guinea"}},
{"type":"Feature","geometry":{"type":"LineString","coordinates":[[153.652,-4.017],[153.649,-4.012],[153.636,-4.015],[153.623,-4.025],[153.615,-4.028],[153.603,-4.046],[153.594,-4.049],[153.583,-4.06],[153.58,-4.069],[153.573,-4.075],[153.58,-4.084],[153.569,-4.088],[153.57,-4.099],[153.577,-4.106],[153.588,-4.105],[153.59,-4.114],[153.602,-4.13],[153.614,-4.133],[153.626,-4.14],[153.634,-4.134],[153.645,-4.131],[153.643,-4.123],[153.645,-4.112],[153.66,-4.108],[153.663,-4.095],[153.663,-4.082],[153.654,-4.067],[153.652,-4.051],[153.644,-4.042],[153.646,-4.033],[153.651,-4.027],[153.652,-4.017]]},"properties":{"fid":3341,"name":"Ambitle Island","desc":"gns:dsg=ISL\ngns:uni=-3023650\nis_in:country=Papua New Guinea\nis_in:state=New Ireland Province\nname=Ambitle Island\nnatural=coastline\nplace=island\nwikidata=Q457596","country":"Papua New Guinea"}},
{"type":"Feature","geometry":{"type":"LineString","coordinates":[[153.654,-4.021],[153.663,-4.029],[153.674,-4.027],[153.679,-4.022],[153.691,-4.02],[153.704,-4.029],[153.703,-4.038],[153.713,-4.037],[153.718,-4.042],[153.736,-4.03],[153.744,-4.027],[153.742,-4.017],[153.734,-4.017],[153.73,-4.013],[153.728,-4.003],[153.721,-3.998],[153.701,-3.996],[153.698,-4.007],[153.69,-4.011],[153.663,-4.014],[153.654,-4.021]]},"properties":{"fid":3342,"name":"Babase Island","desc":"gns:dsg=ISL\ngns:uni=-3024745\nis_in:country=Papua New Guinea\nis_in:state=New Ireland Province\nname=Babase Island\nnatural=coastline\nplace=island\nwikidata=Q797590","country":"Papua New Guinea"}},
{"type":"Feature","geometry":{"type":"LineString","coordinates":[[154.131,-4.356],[154.119,-4.365],[154.129,-4.378],[154.128,-4.394],[154.133,-4.406],[154.138,-4.408],[154.133,-4.388],[154.136,-4.369],[154.131,-4.356]]},"properties":{"fid":3343,"name":"Pinipel Island","desc":"GNS:id=-2198303\ngns:dsg=ISL\ngns:uni=-3042597\nis_in:country=Papua New Guinea\nis_in:country_code=PG\nis_in:state=North Solomons Province\nname=Pinipel Island\nnatural=coastline\nnote=Check my location!\nplace=island\nsource=GNS\nwikidata=Q7195908\nwikipedia=en:Pinipel Island","country":"Papua New Guinea"}},
{"type":"Feature","geometry":{"type":"LineString","coordinates":[[154.165,-4.456],[154.174,-4.46],[154.189,-4.464],[154.195,-4.472],[154.209,-4.475],[154.217,-4.483],[154.233,-4.532],[154.229,-4.552],[154.234,-4.568],[154.226,-4.568],[154.218,-4.558],[154.212,-4.563],[154.197,-4.543],[154.191,-4.53],[154.186,-4.527],[154.181,-4.518],[154.17,-4.51],[154.165,-4.519],[154.181,-4.528],[154.19,-4.541],[154.194,-4.555],[154.203,-4.569],[154.21,-4.574],[154.225,-4.573],[154.235,-4.575],[154.238,-4.567],[154.236,-4.561],[154.237,-4.548],[154.248,-4.533],[154.236,-4.515],[154.232,-4.505],[154.229,-4.491],[154.229,-4.47],[154.197,-4.459],[154.181,-4.449],[154.17,-4.451],[154.165,-4.456]]},"properties":{"fid":3344,"name":"Nissan Island","desc":"gns:dsg=ISL\ngns:uni=-3040770\nis_in:country=Papua New Guinea\nis_in:state=North Solomons Province\nname=Nissan Island\nnatural=coastline\nplace=island\nwikidata=Q1343504\nwikipedia=en:Nissan Island","country":"Papua New Guinea"}},
{"type":"Feature","geometry":{"type":"LineString","coordinates":[[154.658,-5.563],[154.662,-5.565],[154.673,-5.552],[154.68,-5.535],[154.666,-5.529],[154.663,-5.5],[154.645,-5.49],[154.637,-5.494],[154.637,-5.515],[154.639,-5.528],[154.647,-5.539],[154.658,-5.547],[154.658,-5.563]]},"properties":{"fid":3346,"name":"Taiof","desc":"name=Taiof\nnatural=coastline\nplace=island\nsource=landsat\nwikidata=Q7676249","country":"Papua New Guinea"}},
{"type":"Feature","geometry":{"type":"LineString","coordinates":[[154.631,-5.478],[154.641,-5.47],[154.641,-5.463],[154.637,-5.455],[154.631,-5.458],[154.624,-5.475],[154.631,-5.478]]},"properties":{"fid":3347,"name":"Madehas Island","desc":"GNS:id=-2194368\ngns:dsg=ISL\ngns:uni=-3037194\nname=Madehas Island\nnatural=coastline\nplace=island\nsource=GNS","country":"Papua New Guinea"}},
{"type":"Feature","geometry":{"type":"LineString","coordinates":[[156.085,-6.672],[156.086,-6.685],[156.094,-6.684],[156.104,-6.696],[156.107,-6.69],[156.098,-6.685],[156.093,-6.676],[156.085,-6.672]]},"properties":{"fid":3350,"name":"Oema","desc":"name=Oema\nnatural=coastline\nplace=island\nsource=landsat\nwikidata=Q49665453","country":"Solomon Islands"}},
{"type":"Feature","geometry":{"type":"LineString","coordinates":[[145.559,-0.875],[145.549,-0.883],[145.556,-0.886],[145.567,-0.878],[145.559,-0.875]]},"properties":{"fid":3352,"name":"Suf Island","desc":"name=Suf Island\nnatural=coastline\nplace=island\nsource=landsat","country":null}},
{"type":"Feature","geometry":{"type":"LineString","coordinates":[[145.063,-1.526],[145.052,-1.538],[145.06,-1.547],[145.073,-1.526],[145.08,-1.524],[145.077,-1.517],[145.063,-1.526]]},"properties":{"fid":3355,"name":"Luf Island","desc":"name=Luf Island\nnatural=coastline\nplace=island\nsource=aerial imagery;https://upload.wikimedia.org/wikipedia/commons/3/3e/Hermit_Islands_1949_nautical_chart.jpg","country":null}},
{"type":"Feature","geometry":{"type":"LineString","coordinates":[[144.412,-1.149],[144.403,-1.159],[144.41,-1.161],[144.42,-1.153],[144.422,-1.145],[144.42,-1.135],[144.412,-1.149]]},"properties":{"fid":3359,"name":"Analtin Island","desc":"GNS:id=-2184500\ngns:dsg=ISL\ngns:uni=-3023795\nis_in:country=Papua New Guinea\nis_in:country_code=PG\nis_in:state=Manus Province\nname=Analtin Island\nnatural=coastline\nnote=Check my location!\nplace=island\nsource=GNS","country":null}},
{"type":"Feature","geometry":{"type":"LineString","coordinates":[[144.173,-1.385],[144.171,-1.397],[144.178,-1.409],[144.186,-1.414],[144.189,-1.408],[144.176,-1.4],[144.173,-1.385]]},"properties":{"fid":3360,"name":"Mal Island","desc":"GNS:id=-2194691\ngns:dsg=ISL\ngns:uni=-3037627\nis_in:country=Papua New Guinea\nis_in:country_code=PG\nis_in:state=Manus Province\nname=Mal Island\nnatural=coastline\nplace=island\nsource=GNS\nwikidata=Q49656276","country":null}},
{"type":"Feature","geometry":{"type":"LineString","coordinates":[[144.044,-1.456],[144.039,-1.46],[144.048,-1.468],[144.053,-1.476],[144.053,-1.489],[144.06,-1.483],[144.044,-1.456]]},"properties":{"fid":3361,"name":"Samasuma","desc":"GNS:id=-2200674\nalt_name=Sumasuma Atoll\ngns:dsg=ATOL\ngns:uni=-3045874\nis_in:country=Papua New Guinea\nis_in:country_code=PG\nis_in:state=Manus Province\nname=Samasuma\nnatural=coastline\nnote=Check my location!\nplace=island\nsource=GNS","country":null}},
{"type":"Feature","geometry":{"type":"LineString","coordinates":[[143.293,-3.214],[143.283,-3.214],[143.276,-3.219],[143.303,-3.244],[143.308,-3.239],[143.32,-3.235],[143.302,-3.215],[143.293,-3.214]]},"properties":{"fid":3363,"name":"Walis Island","desc":"alt_name=Valif Island\ngns:dsg=ISL\ngns:uni=-3049004\nname=Walis Island\nnatural=coastline\nplace=island\nsource=GNS","country":"Papua New Guinea"}},
{"type":"Feature","geometry":{"type":"LineString","coordinates":[[143.258,-3.195],[143.248,-3.197],[143.251,-3.211],[143.265,-3.217],[143.268,-3.212],[143.264,-3.2],[143.258,-3.195]]},"properties":{"fid":3364,"name":"Tarawai Island","desc":"alt_name=Tendanye Island\ngns:dsg=ISL\ngns:uni=-3046438\nname=Tarawai Island\nnatural=coastline\nplace=island\nsource=GNS","country":"Papua New Guinea"}},
{"type":"Feature","geometry":{"type":"LineString","coordinates":[[144.205,-3.349],[144.197,-3.35],[144.196,-3.359],[144.203,-3.363],[144.212,-3.362],[144.219,-3.356],[144.215,-3.351],[144.205,-3.349]]},"properties":{"fid":3365,"name":"Koil","desc":"gns:dsg=ISL\ngns:uni=-3034664\nname=Koil\nname:en=Koil Island\nnatural=coastline\nplace=island\nsource=GNS, Landsat","country":"Papua New Guinea"}},
{"type":"Feature","geometry":{"type":"LineString","coordinates":[[147.063,-9.523],[147.069,-9.516],[147.054,-9.513],[147.047,-9.509],[147.039,-9.513],[147.044,-9.519],[147.06,-9.52],[147.063,-9.523]]},"properties":{"fid":3368,"name":"Daugo Island","desc":"GNS:id=-2187305\nalt_name=Fishermans Island\ngns:dsg=ISL\ngns:uni=-3027691\nname=Daugo Island\nnatural=coastline\nplace=island\nsource=GNS\nwikidata=Q49636289","country":"Papua New Guinea"}},
{"type":"Feature","geometry":{"type":"LineString","coordinates":[[166.426,-22.268],[166.404,-22.261],[166.392,-22.249],[166.39,-22.264],[166.399,-22.27],[166.413,-22.269],[166.424,-22.272],[166.426,-22.268]]},"properties":{"fid":3371,"name":"Nouville","desc":"name=Nouville\nnatural=coastline\nold_name=Île de Nou\nplace=island\nwikidata=Q34792626","country":"New Caledonia"}},
{"type":"Feature","geometry":{"type":"LineString","coordinates":[[155.668,-6.213],[155.676,-6.207],[155.671,-6.203],[155.664,-6.186],[155.656,-6.183],[155.65,-6.191],[155.657,-6.21],[155.663,-6.217],[155.668,-6.213]]},"properties":{"fid":3378,"name":"Bakawari Island","desc":"GNS:id=-2185377\ngns:dsg=ISL\ngns:uni=-3024951\nname=Bakawari Island\nnatural=coastline\nplace=island\nsource=GNS","country":"Papua New Guinea"}},
{"type":"Feature","geometry":{"type":"LineString","coordinates":[[155.824,-7.017],[155.816,-7.006],[155.811,-7.013],[155.824,-7.017]]},"properties":{"fid":3379,"name":"Pioghi","desc":"name=Pioghi\nnatural=coastline\nplace=island\nsource=Yahoo\nwikidata=Q49669612","country":"Solomon Islands"}},
{"type":"Feature","geometry":{"type":"LineString","coordinates":[[142.838,-1.753],[142.844,-1.742],[142.856,-1.74],[142.87,-1.752],[142.875,-1.749],[142.88,-1.738],[142.88,-1.728],[142.87,-1.726],[142.86,-1.728],[142.846,-1.728],[142.833,-1.719],[142.824,-1.745],[142.828,-1.759],[142.838,-1.753]]},"properties":{"fid":3386,"name":"Wuvulu Island","desc":"GNS:id=-2203835\ngns:dsg=ISL\ngns:uni=-3050123\nis_in:country=Papua New Guinea\nis_in:country_code=PG\nis_in:state=Manus Province\nname=Wuvulu Island\nnatural=coastline\nplace=island\nsource=GNS\nwikidata=Q1670773\nwikipedia=en:Wuvulu Island","country":null}},
{"type":"Feature","geometry":{"type":"LineString","coordinates":[[143.05,-1.476],[143.057,-1.475],[143.064,-1.47],[143.081,-1.465],[143.074,-1.459],[143.057,-1.455],[143.048,-1.456],[143.046,-1.471],[143.05,-1.476]]},"properties":{"fid":3387,"name":"Aua Island","desc":"is_in:country=Papua New Guinea\nis_in:state=Manus Province\nname=Aua Island\nnatural=coastline\nplace=island\nsource=DigitalGlobe\nwikidata=Q758394\nwikipedia=en:Aua Island","country":null}},
{"type":"Feature","geometry":{"type":"LineString","coordinates":[[150.883,-8.395],[150.878,-8.381],[150.873,-8.372],[150.869,-8.358],[150.86,-8.338],[150.856,-8.353],[150.868,-8.367],[150.873,-8.379],[150.883,-8.395]]},"properties":{"fid":3399,"name":"Tuma Island","desc":"GNS:id=-2201899\ngns:dsg=ISL\ngns:uni=-3047542\nname=Tuma Island\nnatural=coastline\nplace=island\nsource=GNS","country":"Papua New Guinea"}},
{"type":"Feature","geometry":{"type":"LineString","coordinates":[[151.18,-8.837],[151.169,-8.832],[151.155,-8.82],[151.142,-8.804],[151.135,-8.804],[151.159,-8.836],[151.167,-8.841],[151.173,-8.851],[151.162,-8.861],[151.145,-8.865],[151.154,-8.872],[151.174,-8.876],[151.183,-8.875],[151.198,-8.87],[151.198,-8.86],[151.18,-8.837]]},"properties":{"fid":3403,"name":"Vakuta Island","desc":"gns:dsg=ISL\ngns:uni=-3048359\nname=Vakuta Island\nnatural=coastline\nplace=island\nsource=GNS\nwikidata=Q7909037","country":"Papua New Guinea"}},
{"type":"Feature","geometry":{"type":"LineString","coordinates":[[151.329,-8.651],[151.335,-8.651],[151.346,-8.643],[151.355,-8.627],[151.358,-8.614],[151.358,-8.596],[151.355,-8.593],[151.342,-8.598],[151.336,-8.604],[151.313,-8.617],[151.309,-8.625],[151.309,-8.632],[151.322,-8.648],[151.329,-8.651]]},"properties":{"fid":3405,"name":"Kitava Island","desc":"gns:dsg=ISL\ngns:uni=-3034481\nis_in:state=Milne Bay Province\nname=Kitava Island\nnatural=coastline\nplace=island\nsource=Yahoo;GNS\nwikidata=Q118647","country":"Papua New Guinea"}},
{"type":"Feature","geometry":{"type":"LineString","coordinates":[[151.677,-8.71],[151.685,-8.7],[151.675,-8.693],[151.668,-8.703],[151.671,-8.712],[151.677,-8.71]]},"properties":{"fid":3407,"name":"Iwa Island","desc":"GNS:id=-2190742\nalt_name=Jouveney Island\ngns:dsg=ISL\ngns:uni=-3032347\nname=Iwa Island\nnatural=coastline\nplace=island\nsource=GNS\nwikidata=Q6100255","country":"Papua New Guinea"}},
{"type":"Feature","geometry":{"type":"LineString","coordinates":[[151.916,-8.808],[151.923,-8.804],[151.922,-8.797],[151.912,-8.801],[151.916,-8.808]]},"properties":{"fid":3408,"name":"Dugumenu Island","desc":"GNS:id=-2187757\ngns:dsg=ISL\ngns:uni=-3028303\nname=Dugumenu Island\nnatural=coastline\nplace=island\nsource=GNS\nwikidata=Q15215294","country":"Papua New Guinea"}},
{"type":"Feature","geometry":{"type":"LineString","coordinates":[[151.922,-8.923],[151.925,-8.914],[151.923,-8.908],[151.913,-8.902],[151.906,-8.905],[151.902,-8.913],[151.907,-8.926],[151.915,-8.927],[151.922,-8.923]]},"properties":{"fid":3409,"name":"Kwaiawata Island","desc":"GNS:id=-2193355\ngns:dsg=ISL\ngns:uni=-3035816\nname=Kwaiawata Island\nnatural=coastline\nplace=island\nsource=GNS\nwikidata=Q49649970","country":"Papua New Guinea"}},
{"type":"Feature","geometry":{"type":"LineString","coordinates":[[151.96,-8.958],[151.959,-8.971],[151.977,-8.989],[151.992,-8.989],[151.999,-8.98],[151.999,-8.967],[151.985,-8.954],[151.974,-8.95],[151.96,-8.958]]},"properties":{"fid":3410,"name":"Gawa Island","desc":"GNS:id=-2188728\ngns:dsg=ISL\ngns:uni=-3029664\nname=Gawa Island\nnatural=coastline\nplace=island\nsource=GNS\nwikidata=Q49638867","country":"Papua New Guinea"}},
{"type":"Feature","geometry":{"type":"LineString","coordinates":[[153.688,-9.275],[153.681,-9.27],[153.672,-9.258],[153.667,-9.262],[153.683,-9.273],[153.688,-9.275]]},"properties":{"fid":3412,"name":"Wabomat Island","desc":"alt_name=Lisilus Island\ngns:dsg=ISL\ngns:uni=-3048676\nname=Wabomat Island\nnatural=coastline\nplace=island\nsource=Yahoo;GNS","country":"Papua New Guinea"}},
{"type":"Feature","geometry":{"type":"LineString","coordinates":[[153.69,-9.301],[153.698,-9.291],[153.698,-9.286],[153.686,-9.289],[153.685,-9.297],[153.69,-9.301]]},"properties":{"fid":3413,"name":"Budelun Island","desc":"gns:dsg=ISL\ngns:uni=-3026660\nname=Budelun Island\nnatural=coastline\nplace=island\nsource=Yahoo;GNS\nwikidata=Q49634046","country":"Papua New Guinea"}},
{"type":"Feature","geometry":{"type":"LineString","coordinates":[[152.416,-9.568],[152.43,-9.557],[152.45,-9.56],[152.448,-9.55],[152.442,-9.552],[152.428,-9.548],[152.42,-9.556],[152.416,-9.568]]},"properties":{"fid":3416,"name":"Alcester Island","desc":"gns:dsg=ISL\ngns:uni=-3023502\nname=Alcester Island\nnatural=coastline\nplace=island\nwikidata=Q49631562","country":"Papua New Guinea"}},
{"type":"Feature","geometry":{"type":"LineString","coordinates":[[142.029,-8.027],[142.027,-8.003],[142.025,-7.997],[142.012,-7.99],[141.989,-7.993],[141.988,-7.998],[142,-8.013],[142.018,-8.024],[142.029,-8.027]]},"properties":{"fid":3421,"name":"Tidal Island","desc":"gns:dsg=ISL\ngns:uni=-3046872\nname=Tidal Island\nplace=island\nsource=GNS","country":"Papua New Guinea"}},
{"type":"Feature","geometry":{"type":"LineString","coordinates":[[142.135,-8.232],[142.141,-8.228],[142.121,-8.221],[142.106,-8.212],[142.094,-8.213],[142.096,-8.229],[142.104,-8.234],[142.135,-8.232]]},"properties":{"fid":3422,"name":"D’Albertis Island","desc":"gns:dsg=ISL\ngns:uni=-3027511\nname=D’Albertis Island\nnatural=wood\nplace=island\nsource=GNS\nwikidata=Q49636146","country":"Papua New Guinea"}},
{"type":"Feature","geometry":{"type":"LineString","coordinates":[[-165.419,-11.556],[-165.416,-11.565],[-165.408,-11.561],[-165.419,-11.556]]},"properties":{"fid":3423,"name":"Nassau","desc":"name=Nassau\nnatural=coastline\nplace=island\nwikidata=Q961641","country":"Cook Islands"}},
{"type":"Feature","geometry":{"type":"LineString","coordinates":[[153.195,-3.54],[153.203,-3.543],[153.21,-3.537],[153.192,-3.534],[153.195,-3.54]]},"properties":{"fid":3426,"name":"Tefa Island","desc":"GNS:id=-2201285\ngns:dsg=ISL\ngns:uni=-3046703\nis_in:country=Papua New Guinea\nis_in:country_code=PG\nis_in:state=New Ireland Province\nname=Tefa Island\nnatural=coastline\nnote=Check my location!\nplace=island\nsource=GNS\nwikidata=Q7694617\nwikipedia=en:Tefa Island","country":"Papua New Guinea"}},
{"type":"Feature","geometry":{"type":"LineString","coordinates":[[153.246,-3.497],[153.248,-3.489],[153.239,-3.468],[153.233,-3.465],[153.226,-3.44],[153.215,-3.431],[153.204,-3.436],[153.202,-3.443],[153.19,-3.451],[153.188,-3.457],[153.177,-3.454],[153.182,-3.467],[153.197,-3.489],[153.203,-3.493],[153.211,-3.487],[153.221,-3.496],[153.228,-3.498],[153.246,-3.497]]},"properties":{"fid":3427,"name":"Malendok Island","desc":"GNS:id=-2194674\ngns:dsg=ISL\ngns:uni=-3037601\nname=Malendok Island\nnatural=coastline\nplace=island\nsource=GNS\nwikidata=Q6743083\nwikipedia=en:Malendok Island","country":"Papua New Guinea"}},
{"type":"Feature","geometry":{"type":"LineString","coordinates":[[153.273,-3.366],[153.267,-3.376],[153.256,-3.377],[153.249,-3.381],[153.252,-3.389],[153.26,-3.393],[153.279,-3.393],[153.288,-3.382],[153.3,-3.385],[153.307,-3.39],[153.311,-3.398],[153.321,-3.404],[153.329,-3.416],[153.336,-3.408],[153.337,-3.392],[153.342,-3.383],[153.33,-3.371],[153.31,-3.368],[153.305,-3.363],[153.281,-3.359],[153.273,-3.366]]},"properties":{"fid":3428,"name":"Boang Island","desc":"GNS:id=-2186166\ngns:dsg=ISL\ngns:uni=-3026055\nname=Boang Island\nnatural=coastline\nplace=island\nsource=GNS\nwikidata=Q4931253\nwikipedia=en:Boang Island","country":"Papua New Guinea"}},
{"type":"Feature","geometry":{"type":"LineString","coordinates":[[154.698,-3.361],[154.691,-3.352],[154.686,-3.355],[154.693,-3.363],[154.698,-3.361]]},"properties":{"fid":3429,"name":"way/44197783","desc":"natural=coastline\nplace=islet\nsource=landsat","country":"Papua New Guinea"}},
{"type":"Feature","geometry":{"type":"LineString","coordinates":[[158.574,-7.713],[158.564,-7.719],[158.564,-7.725],[158.571,-7.731],[158.579,-7.727],[158.586,-7.719],[158.584,-7.712],[158.574,-7.713]]},"properties":{"fid":3437,"name":"way/49137611","desc":"natural=coastline\nplace=island\nsource=SRTM","country":"Solomon Islands"}},
{"type":"Feature","geometry":{"type":"LineString","coordinates":[[157.539,-8.759],[157.552,-8.76],[157.564,-8.767],[157.57,-8.775],[157.594,-8.787],[157.602,-8.787],[157.606,-8.792],[157.622,-8.8],[157.635,-8.799],[157.653,-8.803],[157.651,-8.785],[157.657,-8.775],[157.643,-8.768],[157.63,-8.751],[157.601,-8.721],[157.575,-8.713],[157.559,-8.698],[157.548,-8.692],[157.537,-8.7],[157.534,-8.709],[157.525,-8.711],[157.505,-8.71],[157.496,-8.713],[157.488,-8.708],[157.48,-8.711],[157.471,-8.702],[157.449,-8.702],[157.449,-8.707],[157.439,-8.71],[157.443,-8.723],[157.453,-8.724],[157.46,-8.734],[157.47,-8.737],[157.485,-8.749],[157.496,-8.746],[157.507,-8.752],[157.537,-8.757],[157.539,-8.759]]},"properties":{"fid":3506,"name":"Tetepare Island","desc":"name=Tetepare Island\nnatural=coastline\nplace=island\nsource=SRTM\nwikidata=Q1136145","country":"Solomon Islands"}},
{"type":"Feature","geometry":{"type":"LineString","coordinates":[[157.565,-8.363],[157.566,-8.347],[157.56,-8.343],[157.565,-8.363]]},"properties":{"fid":3507,"name":"Petani Island","desc":"name=Petani Island\nnatural=coastline\nplace=island\nsource=SRTM\nwikidata=Q49668859","country":"Solomon Islands"}},
{"type":"Feature","geometry":{"type":"LineString","coordinates":[[157.146,-8.31],[157.139,-8.301],[157.134,-8.305],[157.139,-8.314],[157.146,-8.31]]},"properties":{"fid":3521,"name":"Kauvi","desc":"name=Kauvi\nnatural=coastline\nplace=islet\nsource=SRTM\nwikidata=Q49645591","country":"Solomon Islands"}},
{"type":"Feature","geometry":{"type":"LineString","coordinates":[[157.886,-8.389],[157.894,-8.397],[157.9,-8.396],[157.92,-8.414],[157.925,-8.429],[157.928,-8.428],[157.92,-8.411],[157.903,-8.393],[157.894,-8.389],[157.886,-8.389]]},"properties":{"fid":3606,"name":"Avavasa","desc":"name=Avavasa\nnatural=coastline\nplace=island\nsource=SRTM\nwikidata=Q31893545","country":"Solomon Islands"}},
{"type":"Feature","geometry":{"type":"LineString","coordinates":[[157.856,-8.349],[157.847,-8.335],[157.845,-8.346],[157.856,-8.349]]},"properties":{"fid":3610,"name":"Nduhiri","desc":"name=Nduhiri\nnatural=coastline\nplace=islet\nsource=SRTM\nwikidata=Q49662073","country":"Solomon Islands"}},
{"type":"Feature","geometry":{"type":"LineString","coordinates":[[157.8,-8.268],[157.791,-8.256],[157.791,-8.27],[157.8,-8.268]]},"properties":{"fid":3615,"name":"Tomba Kokorarapa","desc":"name=Tomba Kokorarapa\nnatural=coastline\nplace=island\nsource=SRTM\nwikidata=Q136131375","country":"Solomon Islands"}},
{"type":"Feature","geometry":{"type":"LineString","coordinates":[[157.692,-8.189],[157.681,-8.187],[157.681,-8.197],[157.689,-8.199],[157.692,-8.189]]},"properties":{"fid":3618,"name":"Mbaghumbaghu Island","desc":"name=Mbaghumbaghu Island\nnatural=coastline\nplace=island\nsource=SRTM\nwikidata=Q49657730","country":"Solomon Islands"}},
{"type":"Feature","geometry":{"type":"LineString","coordinates":[[157.635,-8.107],[157.632,-8.094],[157.625,-8.099],[157.635,-8.107]]},"properties":{"fid":3621,"name":"Singgo Island","desc":"name=Singgo Island\nnatural=coastline\nplace=island\nsource=SRTM\nwikidata=Q136131390","country":"Solomon Islands"}},
{"type":"Feature","geometry":{"type":"LineString","coordinates":[[156.572,-7.788],[156.566,-7.779],[156.561,-7.783],[156.564,-7.792],[156.572,-7.788]]},"properties":{"fid":3645,"name":"Turovilu Island","desc":"name=Turovilu Island\nnatural=coastline\nplace=island\nsource=SRTM\nwikidata=Q136111353","country":"Solomon Islands"}},
{"type":"Feature","geometry":{"type":"LineString","coordinates":[[155.994,-7.011],[155.993,-7.021],[156.004,-7.017],[155.994,-7.011]]},"properties":{"fid":3652,"name":"Mania","desc":"name=Mania\nnatural=coastline\nplace=island\nwikidata=Q49656650","country":"Solomon Islands"}},
{"type":"Feature","geometry":{"type":"LineString","coordinates":[[159.242,-9.129],[159.256,-9.119],[159.256,-9.109],[159.248,-9.104],[159.242,-9.106],[159.235,-9.114],[159.236,-9.13],[159.242,-9.129]]},"properties":{"fid":3655,"name":"Luon","desc":"name=Luon\nnatural=coastline\nplace=island\nsource=SRTM\nwikidata=Q49654849","country":"Solomon Islands"}},
{"type":"Feature","geometry":{"type":"LineString","coordinates":[[160.614,-9.512],[160.621,-9.511],[160.622,-9.504],[160.611,-9.504],[160.614,-9.512]]},"properties":{"fid":3660,"name":"Rua Sura Island","desc":"name=Rua Sura Island\nnatural=coastline\nplace=island","country":"Solomon Islands"}},
{"type":"Feature","geometry":{"type":"LineString","coordinates":[[156.043,-7.009],[156.051,-7.01],[156.052,-7.003],[156.045,-7],[156.043,-7.009]]},"properties":{"fid":3675,"name":"Rohae Island","desc":"name=Rohae Island\nnatural=coastline\nplace=island\nwikidata=Q49675137","country":"Solomon Islands"}},
{"type":"Feature","geometry":{"type":"LineString","coordinates":[[156.146,-6.867],[156.155,-6.863],[156.148,-6.853],[156.139,-6.857],[156.139,-6.866],[156.146,-6.867]]},"properties":{"fid":3676,"name":"Piru Island","desc":"name=Piru Island\nnatural=coastline\nplace=island\nsource=SRTM\nwikidata=Q49669659","country":"Solomon Islands"}},
{"type":"Feature","geometry":{"type":"LineString","coordinates":[[156.142,-6.819],[156.145,-6.81],[156.131,-6.806],[156.128,-6.816],[156.133,-6.823],[156.142,-6.819]]},"properties":{"fid":3682,"name":"Masamasa","desc":"name=Masamasa\nnatural=coastline\nplace=island\nsource=SRTM\nwikidata=Q49657315","country":"Solomon Islands"}},
{"type":"Feature","geometry":{"type":"LineString","coordinates":[[176.321,-6.275],[176.313,-6.287],[176.319,-6.3],[176.326,-6.292],[176.327,-6.283],[176.321,-6.275]]},"properties":{"fid":3701,"name":"Nanumanga","desc":"name=Nanumanga\nname:en=Nanumanga\nname:zh=纳努曼加岛\nnatural=coastline\nplace=island\nwikidata=Q367027\nwikipedia=en:Nanumanga","country":"Tuvalu"}},
{"type":"Feature","geometry":{"type":"LineString","coordinates":[[177.338,-6.103],[177.331,-6.105],[177.338,-6.114],[177.35,-6.113],[177.35,-6.104],[177.338,-6.103]]},"properties":{"fid":3703,"name":"Niutao","desc":"name=Niutao\nnatural=coastline\nplace=island\nwikidata=Q475219\nwikipedia=en:Niutao","country":"Tuvalu"}},
{"type":"Feature","geometry":{"type":"LineString","coordinates":[[178.396,-8.024],[178.386,-8.037],[178.385,-8.046],[178.38,-8.054],[178.379,-8.06],[178.372,-8.064],[178.38,-8.072],[178.381,-8.054],[178.385,-8.05],[178.386,-8.039],[178.396,-8.024]]},"properties":{"fid":3705,"name":"Motulalo","desc":"landuse=forest\nname=Motulalo\nnatural=coastline\nplace=island\nwikidata=Q3394461","country":"Tuvalu"}},
{"type":"Feature","geometry":{"type":"LineString","coordinates":[[141.675,-7.825],[141.689,-7.823],[141.688,-7.816],[141.679,-7.813],[141.675,-7.825]]},"properties":{"fid":3706,"name":"Ellangowan Island","desc":"gns:dsg=ISL\ngns:uni=-3028659\nname=Ellangowan Island\nplace=island\nsource=GNS\nwikidata=Q49637555","country":"Papua New Guinea"}},
{"type":"Feature","geometry":{"type":"LineString","coordinates":[[141.931,-7.961],[141.933,-7.973],[141.948,-7.981],[141.953,-7.971],[141.964,-7.982],[141.972,-7.974],[141.968,-7.965],[141.953,-7.956],[141.933,-7.958],[141.931,-7.961]]},"properties":{"fid":3707,"name":"Minnetonka Island","desc":"name=Minnetonka Island\nplace=island","country":"Papua New Guinea"}},
{"type":"Feature","geometry":{"type":"LineString","coordinates":[[141.38,-7.63],[141.392,-7.637],[141.401,-7.635],[141.399,-7.626],[141.392,-7.618],[141.38,-7.63]]},"properties":{"fid":3709,"name":"Nivani Island","desc":"gns:dsg=ISL\ngns:uni=-3040786\nname=Nivani Island\nplace=island\nsource=GNS\nwikidata=Q49663267","country":"Papua New Guinea"}},
{"type":"Feature","geometry":{"type":"LineString","coordinates":[[161.93,-10.143],[161.933,-10.132],[161.923,-10.132],[161.917,-10.146],[161.923,-10.15],[161.93,-10.143]]},"properties":{"fid":3711,"name":"Ali'ite","desc":"alt_name=Ali’ite Island\nname=Ali'ite\nnatural=coastline\nplace=island\nsource=SRTM\nwikidata=Q4724487\nwikipedia=en:Ali'ite","country":"Solomon Islands"}},
{"type":"Feature","geometry":{"type":"LineString","coordinates":[[161.691,-10.175],[161.686,-10.168],[161.677,-10.164],[161.674,-10.172],[161.681,-10.187],[161.693,-10.182],[161.691,-10.175]]},"properties":{"fid":3712,"name":"Pio","desc":"name=Pio\nnatural=coastline\nplace=island\nwikidata=Q7196593","country":"Solomon Islands"}},
{"type":"Feature","geometry":{"type":"LineString","coordinates":[[143.258,-8.393],[143.247,-8.396],[143.244,-8.4],[143.246,-8.41],[143.256,-8.431],[143.265,-8.439],[143.278,-8.443],[143.286,-8.443],[143.298,-8.438],[143.286,-8.422],[143.275,-8.402],[143.267,-8.396],[143.258,-8.393]]},"properties":{"fid":3716,"name":"Daura Island","desc":"GNS:id=-2187315\ngns:dsg=ISL\ngns:uni=-3027710\nis_in:country=Papua New Guinea\nis_in:country_code=PG\nis_in:state=Western Province\nname=Daura Island\nnatural=coastline\nplace=island\nsource=GNS\nwikidata=Q49636291","country":"Papua New Guinea"}},
{"type":"Feature","geometry":{"type":"LineString","coordinates":[[149.955,-6.294],[149.97,-6.289],[149.967,-6.284],[149.96,-6.287],[149.955,-6.294]]},"properties":{"fid":3725,"name":"Aivet Island","desc":"GNS:id=-2184175\ngns:dsg=ISL\ngns:uni=-3023356\nname=Aivet Island\nnatural=coastline\nplace=island\nsource=GNS","country":null}},
{"type":"Feature","geometry":{"type":"LineString","coordinates":[[149.789,-6.306],[149.785,-6.31],[149.789,-6.317],[149.798,-6.314],[149.789,-6.306]]},"properties":{"fid":3726,"name":"Amge Island","desc":"GNS:id=-2184437\ngns:dsg=ISL\ngns:uni=-3023706\nname=Amge Island\nnatural=coastline\nplace=island\nsource=GNS","country":null}},
{"type":"Feature","geometry":{"type":"LineString","coordinates":[[150.636,-2.669],[150.648,-2.662],[150.648,-2.651],[150.639,-2.647],[150.63,-2.652],[150.629,-2.658],[150.636,-2.669]]},"properties":{"fid":3729,"name":"Wadei Island","desc":"gns:dsg=ISL\ngns:uni=-3048710\nis_in:country=Papua New Guinea\nis_in:country_code=PG\nis_in:state=New Ireland Province\nname=Wadei Island\nnatural=coastline\nplace=island\nsource=GNS","country":"Papua New Guinea"}},
{"type":"Feature","geometry":{"type":"LineString","coordinates":[[-136.301,-18.579],[-136.292,-18.576],[-136.29,-18.57],[-136.293,-18.56],[-136.303,-18.549],[-136.329,-18.528],[-136.356,-18.515],[-136.38,-18.493],[-136.405,-18.483],[-136.438,-18.465],[-136.45,-18.461],[-136.465,-18.465],[-136.466,-18.472],[-136.45,-18.465],[-136.439,-18.468],[-136.425,-18.477],[-136.403,-18.487],[-136.38,-18.495],[-136.363,-18.513],[-136.351,-18.521],[-136.332,-18.529],[-136.306,-18.549],[-136.298,-18.558],[-136.296,-18.566],[-136.312,-18.578],[-136.301,-18.579]]},"properties":{"fid":3730,"name":"way/55177069","desc":"natural=coastline\nplace=island","country":"French Polynesia"}},
{"type":"Feature","geometry":{"type":"LineString","coordinates":[[144.124,-3.212],[144.117,-3.206],[144.111,-3.206],[144.102,-3.196],[144.09,-3.19],[144.075,-3.2],[144.067,-3.202],[144.064,-3.214],[144.076,-3.235],[144.078,-3.244],[144.085,-3.251],[144.104,-3.25],[144.113,-3.243],[144.122,-3.241],[144.126,-3.232],[144.133,-3.227],[144.124,-3.212]]},"properties":{"fid":3735,"name":"Vokeo","desc":"gns:dsg=ISL\ngns:uni=-3048538\nname=Vokeo\nname:en=Vokeo Island\nnatural=coastline\nplace=island\nsource=GNS, Landsat","country":"Papua New Guinea"}},
{"type":"Feature","geometry":{"type":"LineString","coordinates":[[144.819,-3.626],[144.827,-3.622],[144.833,-3.616],[144.832,-3.609],[144.823,-3.598],[144.811,-3.604],[144.804,-3.614],[144.808,-3.62],[144.819,-3.626]]},"properties":{"fid":3736,"name":"Bam","desc":"alt_name=Biem Island\ngns:dsg=ISL\ngns:uni=-3025088\nname=Bam\nname:en=Bam Island\nnatural=coastline\nplace=island\nsource=GNS, Landsat","country":"Papua New Guinea"}},
{"type":"Feature","geometry":{"type":"LineString","coordinates":[[149.436,-5.522],[149.447,-5.52],[149.442,-5.513],[149.433,-5.515],[149.436,-5.522]]},"properties":{"fid":3743,"name":"Nuvarege","desc":"GNS:id=-2197222\ngns:dsg=ISL\ngns:uni=-3041151\nis_in:country=Papua New Guinea\nis_in:country_code=PG\nis_in:state=West New Britain Province\nname=Nuvarege\nnatural=coastline\nnote=Check my location!\nplace=island\nsource=GNS","country":null}},
{"type":"Feature","geometry":{"type":"LineString","coordinates":[[149.548,-6.254],[149.55,-6.262],[149.56,-6.272],[149.562,-6.264],[149.554,-6.255],[149.548,-6.254]]},"properties":{"fid":3763,"name":"Geglep Island","desc":"GNS:id=-2188752\ngns:dsg=ISL\ngns:uni=-3029701\nis_in:country=Papua New Guinea\nis_in:country_code=PG\nis_in:state=West New Britain Province\nname=Geglep Island\nnatural=coastline\nnote=Check my location!\nplace=island\nsource=GNS","country":null}},
{"type":"Feature","geometry":{"type":"LineString","coordinates":[[150.068,-6.291],[150.068,-6.298],[150.072,-6.309],[150.08,-6.309],[150.08,-6.291],[150.074,-6.287],[150.068,-6.291]]},"properties":{"fid":3766,"name":"Ablingi Island","desc":"GNS:id=-2183921\ngns:dsg=ISL\ngns:uni=-3023022\nname=Ablingi Island\nnatural=coastline\nplace=island\nsource=GNS\nwikidata=Q49631344","country":null}},
{"type":"Feature","geometry":{"type":"LineString","coordinates":[[165.986,-21.98],[165.996,-21.987],[166.014,-21.978],[166.008,-21.974],[165.979,-21.963],[165.971,-21.965],[165.986,-21.98]]},"properties":{"fid":3773,"name":"Îlot Leprédour","desc":"name=Îlot Leprédour\nnatural=coastline\nplace=island\nsource=bing","country":"New Caledonia"}},
{"type":"Feature","geometry":{"type":"LineString","coordinates":[[175.98,-2.502],[175.991,-2.514],[176,-2.51],[175.981,-2.49],[175.971,-2.484],[175.965,-2.491],[175.98,-2.502]]},"properties":{"fid":3782,"name":"Tamana","desc":"name=Tamana\nname:zh=塔马纳岛\nnatural=coastline\nplace=island\nsource=Bing","country":"Kiribati"}},
{"type":"Feature","geometry":{"type":"LineString","coordinates":[[150.32,-6.286],[150.316,-6.293],[150.325,-6.295],[150.327,-6.284],[150.32,-6.286]]},"properties":{"fid":3783,"name":"Awrin Island","desc":"GNS:id=-2185196\ngns:dsg=ISL\ngns:uni=-3024707\nis_in:country=Papua New Guinea\nis_in:country_code=PG\nis_in:state=West New Britain Province\nname=Awrin Island\nnatural=coastline\nnote=Check my location!\nplace=island\nsource=GNS","country":null}},
{"type":"Feature","geometry":{"type":"LineString","coordinates":[[150.381,-6.271],[150.374,-6.269],[150.358,-6.27],[150.368,-6.278],[150.375,-6.278],[150.381,-6.271]]},"properties":{"fid":3785,"name":"Avahain Island","desc":"GNS:id=-2185091\ngns:dsg=ISL\ngns:uni=-3024560\nis_in:country=Papua New Guinea\nis_in:country_code=PG\nis_in:state=West New Britain Province\nname=Avahain Island\nnatural=coastline\nnote=Check my location!\nplace=island\nsource=GNS","country":null}},
{"type":"Feature","geometry":{"type":"LineString","coordinates":[[165.965,-21.966],[165.951,-21.963],[165.946,-21.967],[165.951,-21.975],[165.967,-21.981],[165.965,-21.966]]},"properties":{"fid":3786,"name":"Îlot Puen","desc":"name=Îlot Puen\nnatural=coastline\nplace=island\nsource=bing","country":"New Caledonia"}},
{"type":"Feature","geometry":{"type":"LineString","coordinates":[[149.049,-6.183],[149.046,-6.17],[149.041,-6.169],[149.04,-6.182],[149.049,-6.183]]},"properties":{"fid":3788,"name":"Pilelo Island","desc":"GNS:id=-2198272\nalt_name=Pililo Island\ngns:dsg=ISL\ngns:uni=-3042559\nname=Pilelo Island\nnatural=coastline\nplace=island\nsource=GNS","country":"Papua New Guinea"}},
{"type":"Feature","geometry":{"type":"LineString","coordinates":[[149.005,-6.147],[148.995,-6.149],[148.996,-6.159],[149.007,-6.157],[149.005,-6.147]]},"properties":{"fid":3790,"name":"Kumbun Island","desc":"GNS:id=-2193105\ngns:dsg=ISL\ngns:uni=-3035498\nname=Kumbun Island\nnatural=coastline\nplace=island\nsource=GNS","country":"Papua New Guinea"}},
{"type":"Feature","geometry":{"type":"LineString","coordinates":[[148.993,-6.124],[148.994,-6.129],[149.004,-6.135],[149.006,-6.126],[148.999,-6.119],[148.993,-6.124]]},"properties":{"fid":3792,"name":"way/81853448","desc":"natural=coastline\nplace=island\nsource=landsat","country":"Papua New Guinea"}},
{"type":"Feature","geometry":{"type":"LineString","coordinates":[[-160.351,4.681],[-160.355,4.687],[-160.371,4.691],[-160.381,4.697],[-160.401,4.699],[-160.41,4.694],[-160.408,4.686],[-160.394,4.677],[-160.377,4.67],[-160.363,4.669],[-160.352,4.674],[-160.351,4.681]]},"properties":{"fid":3813,"name":"Teraina","desc":"name=Teraina\nname:en=Teraina Island\nname:zh=泰拉伊纳岛\nnatural=coastline\nplace=island\nsource=Bing\nwikidata=Q911037","country":null}},
{"type":"Feature","geometry":{"type":"LineString","coordinates":[[176.493,-1.404],[176.49,-1.389],[176.482,-1.379],[176.466,-1.366],[176.457,-1.35],[176.449,-1.324],[176.436,-1.314],[176.411,-1.312],[176.405,-1.318],[176.416,-1.325],[176.44,-1.348],[176.469,-1.373],[176.473,-1.379],[176.476,-1.393],[176.489,-1.404],[176.493,-1.404]]},"properties":{"fid":3831,"name":"Nikunau","desc":"name=Nikunau\nname:tr=Nikunau\nname:zh=尼库瑙岛\nnatural=coastline\nplace=island\nwikidata=Q1059287","country":"Kiribati"}},
{"type":"Feature","geometry":{"type":"LineString","coordinates":[[145.767,16.706],[145.778,16.693],[145.787,16.691],[145.789,16.705],[145.787,16.712],[145.777,16.717],[145.77,16.712],[145.767,16.706]]},"properties":{"fid":3836,"name":"Sarigan","desc":"alt_name=Sarigan Island\ngnis:feature_id=1390596\nname=Sarigan\nname:mk=Сариган\nname:ru=Сариган\nnatural=coastline\nplace=island\nsource=PGS;Bing Sat\nwikidata=Q1144360\nwikipedia=en:Sarigan","country":"Northern Mariana Islands"}},
{"type":"Feature","geometry":{"type":"LineString","coordinates":[[173.091,1.427],[173.104,1.419],[173.106,1.423],[173.091,1.427]]},"properties":{"fid":3872,"name":"Namakaina","desc":"name=Namakaina\nnatural=coastline\nplace=island","country":"Kiribati"}},
{"type":"Feature","geometry":{"type":"LineString","coordinates":[[138.154,9.569],[138.162,9.579],[138.172,9.583],[138.178,9.59],[138.18,9.603],[138.173,9.616],[138.165,9.613],[138.161,9.605],[138.146,9.582],[138.147,9.572],[138.154,9.569]]},"properties":{"fid":3873,"name":"Maap","desc":"gnis:county_id=060\ngnis:created=07/02/1984\ngnis:feature_id=1390940\ngnis:state_id=64\nname=Maap\nnatural=coastline\nplace=island\nsource=PGS and Bing\nwikidata=Q1133174\nwikipedia=de:Maap","country":"Micronesia"}},
{"type":"Feature","geometry":{"type":"LineString","coordinates":[[166.627,-13.331],[166.619,-13.33],[166.62,-13.342],[166.624,-13.346],[166.641,-13.35],[166.646,-13.36],[166.644,-13.372],[166.654,-13.374],[166.662,-13.359],[166.657,-13.346],[166.641,-13.34],[166.635,-13.333],[166.627,-13.331]]},"properties":{"fid":3878,"name":"Loh","desc":"name=Loh\nnatural=coastline\nplace=island\npopulation=210\npopulation:date=2009\npopulation:source=National Population and Housing Census\nunocha:pcode=VUT0101012\nwikidata=Q1827439","country":"Vanuatu"}},
{"type":"Feature","geometry":{"type":"LineString","coordinates":[[147.041,7.383],[147.031,7.386],[147.026,7.382],[147.028,7.374],[147.041,7.383]]},"properties":{"fid":3884,"name":"Satawal Island","desc":"ele=0\ngnis:county_id=060\ngnis:created=07/02/1984\ngnis:feature_id=1391153\ngnis:state_id=64\nname=Satawal Island\nname:uk=Сатавал\nnatural=coastline\nplace=island","country":"Micronesia"}},
{"type":"Feature","geometry":{"type":"LineString","coordinates":[[142.464,-3.132],[142.475,-3.127],[142.471,-3.121],[142.464,-3.132]]},"properties":{"fid":3887,"name":"Ali Island","desc":"gns:dsg=ISL\ngns:uni=-3023537\nname=Ali Island\nnatural=coastline\nplace=islet\nsource=GNS","country":"Papua New Guinea"}},
{"type":"Feature","geometry":{"type":"LineString","coordinates":[[176.026,-1.362],[176.005,-1.337],[175.999,-1.323],[175.98,-1.293],[175.966,-1.281],[175.96,-1.274],[175.953,-1.271],[175.951,-1.28],[175.944,-1.287],[175.945,-1.294],[175.952,-1.295],[175.954,-1.28],[175.963,-1.282],[175.959,-1.297],[175.969,-1.296],[175.978,-1.3],[175.984,-1.308],[175.994,-1.328],[175.993,-1.337],[175.984,-1.34],[175.994,-1.357],[176.007,-1.362],[176.019,-1.374],[176.029,-1.369],[176.026,-1.362]]},"properties":{"fid":3895,"name":"Beru","desc":"name=Beru\nname:zh=贝鲁岛\nnatural=coastline\nplace=island\nsource=Bing\nwikidata=Q613386","country":"Kiribati"}},
{"type":"Feature","geometry":{"type":"LineString","coordinates":[[166.411,-21.697],[166.413,-21.7],[166.43,-21.704],[166.438,-21.7],[166.438,-21.688],[166.427,-21.689],[166.411,-21.697]]},"properties":{"fid":3896,"name":"Île Tupéti","desc":"name=Île Tupéti\nnatural=coastline\nplace=island\nwikidata=Q28039987","country":"New Caledonia"}},
{"type":"Feature","geometry":{"type":"LineString","coordinates":[[177.12,-17.274],[177.11,-17.272],[177.107,-17.264],[177.1,-17.267],[177.106,-17.275],[177.103,-17.288],[177.106,-17.3],[177.101,-17.308],[177.104,-17.319],[177.113,-17.316],[177.117,-17.309],[177.128,-17.311],[177.132,-17.321],[177.142,-17.314],[177.139,-17.303],[177.151,-17.288],[177.146,-17.273],[177.148,-17.264],[177.139,-17.259],[177.135,-17.269],[177.12,-17.274]]},"properties":{"fid":3906,"name":"Waya Island","desc":"int_name=Waya\nname=Waya Island\nname:en=Waya Island\nnatural=coastline\nplace=island\nwikidata=Q3566797\nwikipedia=en:Waya Island","country":"Fiji"}},
{"type":"Feature","geometry":{"type":"LineString","coordinates":[[175.007,-1.443],[175.021,-1.444],[175.027,-1.441],[175.011,-1.434],[175.007,-1.443]]},"properties":{"fid":3935,"name":"Tabiteuea","desc":"name=Tabiteuea\nname:zh=塔比特韦亚环礁\nnatural=coastline\nplace=island\nsource=Bing","country":"Kiribati"}},
{"type":"Feature","geometry":{"type":"LineString","coordinates":[[175.025,-1.447],[175.033,-1.456],[175.038,-1.454],[175.032,-1.442],[175.025,-1.447]]},"properties":{"fid":3944,"name":"Tabiteuea","desc":"name=Tabiteuea\nname:zh=塔比特韦亚环礁\nnatural=coastline\nplace=island\nsource=Bing","country":"Kiribati"}},
{"type":"Feature","geometry":{"type":"LineString","coordinates":[[-154.727,-21.815],[-154.703,-21.826],[-154.696,-21.825],[-154.691,-21.811],[-154.691,-21.802],[-154.698,-21.794],[-154.71,-21.793],[-154.726,-21.81],[-154.727,-21.815]]},"properties":{"fid":3947,"name":"Îles Maria","desc":"alt_name=Hull Island\nborder_type=baseline\nboundary=maritime\nis_in:archipelago=Îles Australes\nis_in:country=French Polynesia\nis_in:municipality=Rimatara\nname=Îles Maria\nname:en=Maria Islands\nname:fr=Îles Maria\nnatural=atoll\nplace=island\nsource=Bing\nwikidata=Q1632713\nwikipedia=en:Îles Maria","country":"French Polynesia"}},
{"type":"Feature","geometry":{"type":"LineString","coordinates":[[-171.415,-14.022],[-171.417,-14.021],[-171.415,-14.022]]},"properties":{"fid":3950,"name":"Namu'a Island","desc":"name=Namu'a Island\nplace=island","country":"Samoa"}},
{"type":"Feature","geometry":{"type":"LineString","coordinates":[[-171.399,-14.012],[-171.4,-14.012],[-171.401,-14.013],[-171.4,-14.013],[-171.399,-14.012]]},"properties":{"fid":3951,"name":"Fanuatapu Island","desc":"name=Fanuatapu Island\nplace=island","country":"Samoa"}},
{"type":"Feature","geometry":{"type":"LineString","coordinates":[[175.053,-1.47],[175.05,-1.473],[175.059,-1.482],[175.069,-1.484],[175.068,-1.495],[175.074,-1.506],[175.079,-1.479],[175.075,-1.478],[175.065,-1.469],[175.053,-1.47]]},"properties":{"fid":3956,"name":"Tabiteuea","desc":"name=Tabiteuea\nname:zh=塔比特韦亚环礁\nnatural=coastline\nplace=island\nsource=Bing","country":"Kiribati"}},
{"type":"Feature","geometry":{"type":"LineString","coordinates":[[168.12,5.633],[168.13,5.627],[168.131,5.634],[168.12,5.633]]},"properties":{"fid":3958,"name":"Naṃdik","desc":"ele=2\nname=Naṃdik\nname:en=Namdrik\nname:mh=Naṃdik\nname:ru=Наморик\nnatural=coastline\nplace=island\nsurface=sand","country":"Marshall Islands"}},
{"type":"Feature","geometry":{"type":"LineString","coordinates":[[165.813,-10.398],[165.818,-10.393],[165.818,-10.382],[165.806,-10.37],[165.796,-10.375],[165.791,-10.396],[165.801,-10.402],[165.813,-10.398]]},"properties":{"fid":3976,"name":"Tinakula","desc":"name=Tinakula\nnatural=coastline\nplace=island\nwikidata=Q986896\nwikimedia_commons=Category:Tinakula\nwikipedia=en:Tinakula","country":"Solomon Islands"}},
{"type":"Feature","geometry":{"type":"LineString","coordinates":[[-174.507,-4.687],[-174.496,-4.697],[-174.492,-4.695],[-174.498,-4.683],[-174.508,-4.674],[-174.527,-4.663],[-174.54,-4.654],[-174.542,-4.664],[-174.533,-4.662],[-174.525,-4.668],[-174.513,-4.673],[-174.504,-4.679],[-174.507,-4.687]]},"properties":{"fid":3982,"name":"Nikumaroro","desc":"name=Nikumaroro\nname:zh=尼库马罗罗环礁\nnatural=coastline\nold_name=Kemins Island;Gardner Island\nplace=island\nwikidata=Q1050891\nwikipedia=en:Nikumaroro","country":null}},
{"type":"Feature","geometry":{"type":"LineString","coordinates":[[154.546,-5.311],[154.55,-5.307],[154.538,-5.298],[154.534,-5.304],[154.546,-5.311]]},"properties":{"fid":4112,"name":"Yame","desc":"name=Yame\nnatural=coastline\nplace=island\nsource=Bing","country":"Papua New Guinea"}},
{"type":"Feature","geometry":{"type":"LineString","coordinates":[[154.564,-5.353],[154.567,-5.346],[154.556,-5.325],[154.551,-5.327],[154.561,-5.352],[154.564,-5.353]]},"properties":{"fid":4117,"name":"Petats","desc":"name=Petats\nnatural=coastline\nplace=island\nsource=Bing","country":"Papua New Guinea"}},
{"type":"Feature","geometry":{"type":"LineString","coordinates":[[160.145,-9.097],[160.135,-9.09],[160.134,-9.098],[160.141,-9.1],[160.15,-9.112],[160.159,-9.109],[160.145,-9.097]]},"properties":{"fid":4151,"name":"Tulagi","desc":"name=Tulagi\nnatural=coastline\nplace=island","country":"Solomon Islands"}},
{"type":"Feature","geometry":{"type":"LineString","coordinates":[[150.346,-9.508],[150.35,-9.499],[150.363,-9.478],[150.361,-9.468],[150.353,-9.467],[150.344,-9.474],[150.334,-9.467],[150.334,-9.461],[150.34,-9.457],[150.346,-9.448],[150.348,-9.431],[150.356,-9.421],[150.365,-9.418],[150.37,-9.409],[150.386,-9.387],[150.367,-9.375],[150.362,-9.369],[150.364,-9.353],[150.356,-9.337],[150.355,-9.323],[150.341,-9.291],[150.337,-9.271],[150.322,-9.259],[150.31,-9.24],[150.301,-9.24],[150.286,-9.234],[150.28,-9.226],[150.279,-9.219],[150.26,-9.209],[150.238,-9.208],[150.232,-9.203],[150.233,-9.196],[150.22,-9.199],[150.206,-9.196],[150.194,-9.2],[150.179,-9.21],[150.166,-9.214],[150.16,-9.219],[150.148,-9.225],[150.137,-9.242],[150.124,-9.25],[150.117,-9.26],[150.116,-9.272],[150.109,-9.285],[150.109,-9.29],[150.1,-9.299],[150.095,-9.311],[150.099,-9.321],[150.097,-9.335],[150.106,-9.347],[150.108,-9.356],[150.105,-9.371],[150.118,-9.369],[150.125,-9.373],[150.122,-9.383],[150.126,-9.389],[150.141,-9.4],[150.159,-9.428],[150.185,-9.443],[150.196,-9.453],[150.208,-9.454],[150.221,-9.45],[150.243,-9.453],[150.253,-9.47],[150.249,-9.486],[150.257,-9.484],[150.274,-9.493],[150.28,-9.493],[150.295,-9.501],[150.298,-9.509],[150.307,-9.52],[150.322,-9.516],[150.326,-9.52],[150.342,-9.52],[150.346,-9.508]]},"properties":{"fid":4160,"name":"Goodenough Island","desc":"fixme=coastline needs detailing\nname=Goodenough Island\nname:de=Goodenough-Insel\nname:en=Goodenough Island\nname:es=Isla Goodenough\nname:fr=Île Goodenough\nname:it=Isola Goodenough\nnatural=coastline\nplace=island\nsource=landsat\nwikidata=Q616107\nwikipedia=en:Goodenough Island","country":"Papua New Guinea"}},
{"type":"Feature","geometry":{"type":"LineString","coordinates":[[168.446,-17.136],[168.435,-17.129],[168.433,-17.139],[168.443,-17.142],[168.446,-17.136]]},"properties":{"fid":4257,"name":"Makura","desc":"alt_name=Makira\nname=Makura\nname:en=Makura Island\nname:fr=Ile Makura\nnatural=coastline\nplace=island\nsource=bing\nsource:alt_name=Vanuatu Gov. Map\nwikidata=Q3843698\nwikipedia:en=Makura (island)","country":"Vanuatu"}},
{"type":"Feature","geometry":{"type":"LineString","coordinates":[[148.196,-2.219],[148.206,-2.219],[148.206,-2.212],[148.198,-2.205],[148.192,-2.211],[148.196,-2.219]]},"properties":{"fid":4288,"name":"Nauna Island","desc":"gns:dsg=ISL\ngns:uni=-3040345\nis_in:country=Papua New Guinea\nis_in:country_code=PG\nis_in:state=Manus Province\nname=Nauna Island\nnatural=coastline\nplace=island\nsource=GNS\nwikidata=Q49661922","country":"Papua New Guinea"}},
{"type":"Feature","geometry":{"type":"LineString","coordinates":[[153.113,-11.18],[153.105,-11.184],[153.091,-11.18],[153.082,-11.198],[153.093,-11.197],[153.102,-11.207],[153.104,-11.215],[153.096,-11.228],[153.104,-11.237],[153.106,-11.223],[153.119,-11.228],[153.135,-11.237],[153.14,-11.251],[153.168,-11.252],[153.173,-11.26],[153.183,-11.267],[153.186,-11.273],[153.172,-11.28],[153.186,-11.288],[153.188,-11.293],[153.196,-11.295],[153.207,-11.291],[153.201,-11.28],[153.206,-11.274],[153.223,-11.274],[153.233,-11.265],[153.242,-11.263],[153.243,-11.254],[153.238,-11.251],[153.222,-11.25],[153.207,-11.234],[153.189,-11.223],[153.174,-11.222],[153.165,-11.209],[153.155,-11.202],[153.141,-11.201],[153.131,-11.198],[153.125,-11.189],[153.113,-11.18]]},"properties":{"fid":4317,"name":"Pana Tinani Island","desc":"GNS:id=-2197923\nalt_name=Panatinane Island;Joannett Island\ngns:dsg=ISL\ngns:uni=-3042083\nname=Pana Tinani Island\nnatural=coastline\nplace=island\nsource=GNS\nwikidata=Q7129738","country":"Papua New Guinea"}},
{"type":"Feature","geometry":{"type":"LineString","coordinates":[[153.052,-11.156],[153.053,-11.17],[153.064,-11.172],[153.09,-11.167],[153.091,-11.157],[153.085,-11.149],[153.077,-11.146],[153.073,-11.15],[153.064,-11.148],[153.052,-11.156]]},"properties":{"fid":4319,"name":"Hemenahei Island","desc":"GNS:id=-2189733\nalt_name=Flat Island\ngns:dsg=ISL\ngns:uni=-3031007\nname=Hemenahei Island\nnatural=coastline\nplace=island\nsource=GNS\nwikidata=Q5711287","country":"Papua New Guinea"}},
{"type":"Feature","geometry":{"type":"LineString","coordinates":[[-178.949,-17.343],[-178.96,-17.338],[-178.964,-17.343],[-178.973,-17.339],[-178.975,-17.345],[-178.963,-17.355],[-178.949,-17.343]]},"properties":{"fid":4368,"name":"Susui Island","desc":"name=Susui Island\nnatural=coastline\nplace=island","country":null}},
{"type":"Feature","geometry":{"type":"LineString","coordinates":[[171.763,6.073],[171.746,6.078],[171.739,6.084],[171.735,6.093],[171.73,6.096],[171.725,6.079],[171.746,6.078],[171.763,6.073]]},"properties":{"fid":4394,"name":"Mili","desc":"description=this is the name of the main island with airstrip, (not the atoll)\nname=Mili\nnatural=coastline\nplace=island","country":"Marshall Islands"}},
{"type":"Feature","geometry":{"type":"LineString","coordinates":[[167.382,8.308],[167.385,8.317],[167.375,8.318],[167.376,8.311],[167.382,8.308]]},"properties":{"fid":4396,"name":"Lib","desc":"ele=3\nname=Lib\nname:en=Lib\nname:mh=Ellep\nnatural=coastline\nold_name:es=Los Nadadores\nplace=island\npopulation=155\nsource=Bing\nwikidata=Q376862\nwikipedia=en:Lib Island","country":"Marshall Islands"}},
{"type":"Feature","geometry":{"type":"LineString","coordinates":[[-159.769,-18.824],[-159.778,-18.827],[-159.782,-18.835],[-159.795,-18.847],[-159.794,-18.852],[-159.802,-18.871],[-159.795,-18.881],[-159.792,-18.893],[-159.783,-18.891],[-159.773,-18.88],[-159.777,-18.864],[-159.774,-18.848],[-159.764,-18.834],[-159.769,-18.824]]},"properties":{"fid":4430,"name":"Aitutaki","desc":"name=Aitutaki\nname:ru=Аитутаки\nnatural=coastline\nplace=island\nwikidata=Q223379\nwikimedia_commons=Category:Aitutaki\nwikipedia=en:Aitutaki","country":"Cook Islands"}},
{"type":"Feature","geometry":{"type":"LineString","coordinates":[[151.614,7.377],[151.608,7.393],[151.595,7.395],[151.593,7.386],[151.61,7.372],[151.613,7.364],[151.604,7.354],[151.608,7.351],[151.613,7.353],[151.614,7.347],[151.609,7.344],[151.609,7.336],[151.604,7.332],[151.605,7.323],[151.609,7.319],[151.62,7.322],[151.639,7.331],[151.633,7.339],[151.636,7.349],[151.635,7.36],[151.638,7.369],[151.624,7.378],[151.614,7.377]]},"properties":{"fid":4438,"name":"Tol","desc":"alt_name=Faichuk Island Group\nis_in:archipelago=Caroline Islands\nname=Tol\nnatural=coastline\nold_name:ja=水曜島\nplace=island\nsource=PGS & Bing;Bing\nwikidata=Q2198810\nwikipedia=en:Tol (island)","country":"Micronesia"}},
{"type":"Feature","geometry":{"type":"LineString","coordinates":[[162.94,-8.417],[162.95,-8.408],[162.941,-8.407],[162.934,-8.414],[162.94,-8.417]]},"properties":{"fid":4446,"name":"way/267293622","desc":"fixme=name\nnatural=coastline\nplace=island","country":"Solomon Islands"}},
{"type":"Feature","geometry":{"type":"LineString","coordinates":[[168.589,-17.028],[168.594,-17.022],[168.589,-17.017],[168.58,-17.025],[168.589,-17.028]]},"properties":{"fid":4572,"name":"Buninga","desc":"name=Buninga\nname:en=Buninga Island\nname:fr=Ile Buninga\nnatural=coastline\nplace=island\npopulation=128\npopulation:date=2009\npopulation:source=National Population and Housing Census\nsource=mapbox\nwikidata=Q3647029\nwikipedia:en=Buninga","country":"Vanuatu"}},
{"type":"Feature","geometry":{"type":"LineString","coordinates":[[168.619,-17.015],[168.622,-17.011],[168.647,-17.006],[168.644,-16.998],[168.638,-16.996],[168.622,-16.995],[168.611,-17.01],[168.619,-17.015]]},"properties":{"fid":4573,"name":"Tongariki","desc":"name=Tongariki\nname:en=Tongariki Island\nname:fr=Ile Tongariki\nnatural=coastline\nplace=island\npopulation=267\npopulation:date=2009\npopulation:source=National Population and Housing Census\nsource=https://commons.wikimedia.org/wiki/File:ShepherdIslandsMap.png\nwikidata=Q32034387\nwikipedia:en=Tongariki","country":"Vanuatu"}},
{"type":"Feature","geometry":{"type":"LineString","coordinates":[[-174.311,-18.013],[-174.325,-18.016],[-174.327,-18.031],[-174.313,-18.033],[-174.305,-18.02],[-174.311,-18.013]]},"properties":{"fid":4732,"name":"Fonualei","desc":"name=Fonualei\nnatural=coastline\nplace=island\nwikidata=Q1427939\nwikipedia=en:Fonualei","country":"Tonga"}},
{"type":"Feature","geometry":{"type":"LineString","coordinates":[[-176.207,-22.349],[-176.198,-22.34],[-176.204,-22.333],[-176.213,-22.336],[-176.207,-22.349]]},"properties":{"fid":4769,"name":"ʻAta","desc":"alt_name=Pylstaart\nname=ʻAta\nnatural=coastline\nplace=island\nwikidata=Q423507\nwikipedia=en:'Ata","country":"Tonga"}},
{"type":"Feature","geometry":{"type":"LineString","coordinates":[[151.879,7.378],[151.893,7.384],[151.89,7.39],[151.883,7.387],[151.873,7.39],[151.866,7.389],[151.86,7.375],[151.863,7.365],[151.872,7.363],[151.883,7.366],[151.884,7.372],[151.897,7.372],[151.9,7.38],[151.879,7.378]]},"properties":{"fid":4857,"name":"Tonowas","desc":"alt_name=Tonoas;Toloas\nboundary=place\ngnis:county_id=002\ngnis:created=07/02/1984\ngnis:state_id=64\nis_in:archipelago=Caroline Islands\nis_in:municipality=Tonowas\nname=Tonowas\nnatural=coastline\nold_name=Dublon\nold_name:ja=夏島\nplace=island\nsource=PGS & Bing\nwikidata=Q2330097\nwikipedia=en:Tonowas","country":"Micronesia"}},
{"type":"Feature","geometry":{"type":"LineString","coordinates":[[144.885,-7.443],[144.885,-7.435],[144.874,-7.437],[144.862,-7.436],[144.854,-7.438],[144.852,-7.449],[144.86,-7.457],[144.868,-7.457],[144.877,-7.453],[144.885,-7.443]]},"properties":{"fid":4882,"name":"way/351662603","desc":"place=island","country":"Papua New Guinea"}},
{"type":"Feature","geometry":{"type":"LineString","coordinates":[[150.677,-2.665],[150.689,-2.663],[150.69,-2.656],[150.682,-2.652],[150.677,-2.665]]},"properties":{"fid":4891,"name":"Kabotteron Island","desc":"gns:dsg=ISL\ngns:uni=-3032666\nis_in:country=Papua New Guinea\nis_in:country_code=PG\nis_in:state=New Ireland Province\nname=Kabotteron Island\nnatural=coastline\nplace=island\nsource=GNS","country":"Papua New Guinea"}},
{"type":"Feature","geometry":{"type":"LineString","coordinates":[[150.629,-2.674],[150.631,-2.682],[150.64,-2.682],[150.638,-2.675],[150.629,-2.674]]},"properties":{"fid":4892,"name":"Nonowaul Island","desc":"gns:dsg=ISL\ngns:uni=-3040855\nis_in:country=Papua New Guinea\nis_in:country_code=PG\nis_in:state=New Ireland Province\nname=Nonowaul Island\nnatural=coastline\nplace=island\nsource=GNS","country":"Papua New Guinea"}},
{"type":"Feature","geometry":{"type":"LineString","coordinates":[[150.739,-2.682],[150.735,-2.672],[150.729,-2.672],[150.732,-2.683],[150.739,-2.682]]},"properties":{"fid":4898,"name":"Lisseno Number 2 Island","desc":"gns:dsg=ISL\ngns:uni=-3036759\nis_in:country=Papua New Guinea\nis_in:country_code=PG\nis_in:state=New Ireland Province\nname=Lisseno Number 2 Island\nnatural=coastline\nplace=island\nsource=GNS","country":"Papua New Guinea"}},
{"type":"Feature","geometry":{"type":"LineString","coordinates":[[150.698,-2.725],[150.709,-2.724],[150.717,-2.712],[150.732,-2.702],[150.723,-2.691],[150.726,-2.684],[150.722,-2.677],[150.716,-2.677],[150.71,-2.682],[150.699,-2.685],[150.691,-2.695],[150.69,-2.707],[150.698,-2.725]]},"properties":{"fid":4900,"name":"Manne Island","desc":"gns:dsg=ISL\ngns:uni=-3037871\nis_in:country=Papua New Guinea\nname=Manne Island\nnatural=coastline\nplace=island\nsource=GNS\nwikidata=Q6750789\nwikipedia=en:Manne Island","country":"Papua New Guinea"}},
{"type":"Feature","geometry":{"type":"LineString","coordinates":[[150.561,-2.631],[150.548,-2.632],[150.551,-2.637],[150.561,-2.631]]},"properties":{"fid":4909,"name":"Kawang Island","desc":"gns:dsg=ISL\ngns:uni=-3033827\nis_in:country=Papua New Guinea\nis_in:country_code=PG\nis_in:state=New Ireland Province\nname=Kawang Island\nnatural=coastline\nplace=island\nsource=GNS","country":"Papua New Guinea"}},
{"type":"Feature","geometry":{"type":"LineString","coordinates":[[150.535,-2.637],[150.54,-2.628],[150.532,-2.619],[150.528,-2.626],[150.53,-2.636],[150.535,-2.637]]},"properties":{"fid":4910,"name":"Nubils Island","desc":"gns:dsg=ISL\ngns:uni=-3040977\nis_in:country=Papua New Guinea\nis_in:country_code=PG\nis_in:state=New Ireland Province\nname=Nubils Island\nnatural=coastline\nplace=island\nsource=GNS","country":"Papua New Guinea"}},
{"type":"Feature","geometry":{"type":"LineString","coordinates":[[150.545,-2.61],[150.55,-2.597],[150.544,-2.583],[150.538,-2.581],[150.527,-2.592],[150.528,-2.604],[150.545,-2.61]]},"properties":{"fid":4913,"name":"Patio Island","desc":"gns:dsg=ISL\ngns:uni=-3042282\nis_in:country=Papua New Guinea\nis_in:country_code=PG\nis_in:state=New Ireland Province\nname=Patio Island\nnatural=coastline\nplace=island\nsource=GNS","country":"Papua New Guinea"}},
{"type":"Feature","geometry":{"type":"LineString","coordinates":[[150.58,-2.612],[150.57,-2.614],[150.574,-2.622],[150.58,-2.612]]},"properties":{"fid":4914,"name":"Tagalop Island","desc":"gns:dsg=ISL\ngns:uni=-3046081\nis_in:country=Papua New Guinea\nis_in:country_code=PG\nis_in:state=New Ireland Province\nname=Tagalop Island\nnatural=coastline\nplace=island\nsource=GNS","country":"Papua New Guinea"}},
{"type":"Feature","geometry":{"type":"LineString","coordinates":[[150.536,-2.565],[150.544,-2.562],[150.544,-2.548],[150.538,-2.537],[150.528,-2.528],[150.523,-2.527],[150.518,-2.527],[150.514,-2.531],[150.515,-2.542],[150.521,-2.547],[150.536,-2.565]]},"properties":{"fid":4915,"name":"Tsoilaunung Island","desc":"gns:dsg=ISL\ngns:uni=-3047439\nis_in:country=Papua New Guinea\nis_in:country_code=PG\nis_in:state=New Ireland Province\nname=Tsoilaunung Island\nnatural=coastline\nplace=island\nsource=GNS","country":"Papua New Guinea"}},
{"type":"Feature","geometry":{"type":"LineString","coordinates":[[150.578,-2.639],[150.587,-2.647],[150.594,-2.645],[150.604,-2.657],[150.615,-2.653],[150.61,-2.64],[150.603,-2.614],[150.597,-2.607],[150.573,-2.625],[150.572,-2.633],[150.578,-2.639]]},"properties":{"fid":4916,"name":"Bangatang Island","desc":"gns:dsg=ISL\ngns:uni=-3025139\nis_in:country=Papua New Guinea\nis_in:country_code=PG\nis_in:state=New Ireland Province\nname=Bangatang Island\nnatural=coastline\nplace=island\nsource=GNS","country":"Papua New Guinea"}},
{"type":"Feature","geometry":{"type":"LineString","coordinates":[[150.491,-2.471],[150.486,-2.46],[150.479,-2.464],[150.478,-2.474],[150.487,-2.48],[150.491,-2.471]]},"properties":{"fid":4926,"name":"Bingbingseng Island","desc":"gns:dsg=ISL\ngns:uni=-3025847\nis_in:country=Papua New Guinea\nis_in:country_code=PG\nis_in:state=New Ireland Province\nname=Bingbingseng Island\nnatural=coastline\nplace=island\nsource=GNS","country":"Papua New Guinea"}},
{"type":"Feature","geometry":{"type":"LineString","coordinates":[[150.5,-2.662],[150.495,-2.647],[150.496,-2.636],[150.489,-2.637],[150.483,-2.646],[150.485,-2.655],[150.492,-2.662],[150.5,-2.662]]},"properties":{"fid":4927,"name":"Nuselawa Island","desc":"gns:dsg=ISL\ngns:uni=-3041134\nis_in:country=Papua New Guinea\nis_in:country_code=PG\nis_in:state=New Ireland Province\nname=Nuselawa Island\nnatural=coastline\nplace=island\nsource=GNS","country":"Papua New Guinea"}},
{"type":"Feature","geometry":{"type":"LineString","coordinates":[[150.488,-2.583],[150.493,-2.572],[150.489,-2.565],[150.481,-2.566],[150.477,-2.577],[150.488,-2.583]]},"properties":{"fid":4929,"name":"Anelaua Island","desc":"gns:dsg=ISL\ngns:uni=-3023850\nis_in:country=Papua New Guinea\nis_in:country_code=PG\nis_in:state=New Ireland Province\nname=Anelaua Island\nnatural=coastline\nplace=island\nsource=GNS","country":"Papua New Guinea"}},
{"type":"Feature","geometry":{"type":"LineString","coordinates":[[150.465,-2.66],[150.465,-2.677],[150.476,-2.676],[150.484,-2.671],[150.487,-2.663],[150.476,-2.665],[150.465,-2.66]]},"properties":{"fid":4931,"name":"Enang Island","desc":"gns:dsg=ISL\ngns:uni=-3028740\nis_in:country=Papua New Guinea\nis_in:country_code=PG\nis_in:state=New Ireland Province\nname=Enang Island\nnatural=coastline\nplace=island\nsource=GNS","country":"Papua New Guinea"}},
{"type":"Feature","geometry":{"type":"LineString","coordinates":[[150.516,-2.528],[150.518,-2.527],[150.526,-2.526],[150.527,-2.517],[150.522,-2.504],[150.522,-2.496],[150.512,-2.482],[150.495,-2.472],[150.489,-2.481],[150.498,-2.489],[150.509,-2.504],[150.516,-2.528]]},"properties":{"fid":4932,"name":"Kawulikiau Island","desc":"gns:dsg=ISL\ngns:uni=-3033850\nis_in:country=Papua New Guinea\nis_in:country_code=PG\nis_in:state=New Ireland Province\nname=Kawulikiau Island\nnatural=coastline\nnote=Check my location!\nplace=island\nsource=GNS","country":"Papua New Guinea"}},
{"type":"Feature","geometry":{"type":"LineString","coordinates":[[150.434,-2.659],[150.441,-2.67],[150.454,-2.671],[150.46,-2.666],[150.462,-2.659],[150.453,-2.655],[150.446,-2.659],[150.434,-2.659]]},"properties":{"fid":4933,"name":"Tungelo Island","desc":"gns:dsg=ISL\ngns:uni=-3047600\nis_in:country=Papua New Guinea\nis_in:country_code=PG\nis_in:state=New Ireland Province\nname=Tungelo Island\nnatural=coastline\nplace=island\nsource=GNS","country":"Papua New Guinea"}},
{"type":"Feature","geometry":{"type":"LineString","coordinates":[[150.437,-2.424],[150.435,-2.435],[150.442,-2.434],[150.449,-2.439],[150.455,-2.455],[150.479,-2.462],[150.477,-2.453],[150.47,-2.447],[150.46,-2.445],[150.449,-2.438],[150.445,-2.429],[150.437,-2.424]]},"properties":{"fid":4934,"name":"Tsalui Island","desc":"gns:dsg=ISL\ngns:uni=-3047417\nis_in:country=Papua New Guinea\nis_in:country_code=PG\nis_in:state=New Ireland Province\nname=Tsalui Island\nnatural=coastline\nplace=island\nsource=GNS","country":"Papua New Guinea"}},
{"type":"Feature","geometry":{"type":"LineString","coordinates":[[150.315,-2.347],[150.307,-2.341],[150.302,-2.349],[150.312,-2.357],[150.315,-2.347]]},"properties":{"fid":4937,"name":"Nemto Island","desc":"GNS:id=-2196760\ngns:dsg=ISL\ngns:uni=-3040489\nis_in:country=Papua New Guinea\nis_in:country_code=PG\nis_in:state=New Ireland Province\nname=Nemto Island\nnatural=coastline\nplace=island\nsource=GNS","country":"Papua New Guinea"}},
{"type":"Feature","geometry":{"type":"LineString","coordinates":[[179.377,-16.341],[179.365,-16.337],[179.352,-16.339],[179.345,-16.336],[179.337,-16.341],[179.333,-16.349],[179.355,-16.349],[179.36,-16.353],[179.373,-16.346],[179.377,-16.341]]},"properties":{"fid":4938,"name":"Mali Island","desc":"name=Mali Island\nnatural=coastline\nplace=island","country":"Fiji"}},
{"type":"Feature","geometry":{"type":"LineString","coordinates":[[150.783,-9.808],[150.783,-9.801],[150.767,-9.802],[150.765,-9.807],[150.774,-9.812],[150.783,-9.808]]},"properties":{"fid":4942,"name":"Ubuia Island","desc":"gns:dsg=ISL\ngns:uni=-3047770\nname=Ubuia Island\nnatural=coastline\nplace=island\nsource=bing sat;GNS","country":"Papua New Guinea"}},
{"type":"Feature","geometry":{"type":"LineString","coordinates":[[142.254,-8.17],[142.268,-8.168],[142.271,-8.162],[142.258,-8.16],[142.254,-8.17]]},"properties":{"fid":4943,"name":"Sturt Island","desc":"gns:dsg=ISL\ngns:uni=-3045726\nname=Sturt Island\nnatural=coastline\nplace=island\nsource=GNS","country":"Papua New Guinea"}},
{"type":"Feature","geometry":{"type":"LineString","coordinates":[[146.945,-5.106],[146.942,-5.108],[146.94,-5.121],[146.948,-5.134],[146.961,-5.138],[146.969,-5.134],[146.977,-5.126],[146.976,-5.107],[146.967,-5.097],[146.959,-5.097],[146.945,-5.106]]},"properties":{"fid":5015,"name":"Crown Island","desc":"name=Crown Island\nnatural=coastline\nplace=island\nsource=GNS","country":"Papua New Guinea"}},
{"type":"Feature","geometry":{"type":"LineString","coordinates":[[158,-8.5],[157.999,-8.505],[157.989,-8.509],[157.985,-8.514],[157.988,-8.521],[157.992,-8.527],[158.001,-8.524],[158.016,-8.503],[158,-8.5]]},"properties":{"fid":5016,"name":"Marovo Island","desc":"name=Marovo Island\nnatural=coastline\nplace=island\nsource=SRTM\nwikidata=Q6772427","country":"Solomon Islands"}},
{"type":"Feature","geometry":{"type":"LineString","coordinates":[[150.58,-2.609],[150.585,-2.615],[150.591,-2.607],[150.587,-2.602],[150.58,-2.609]]},"properties":{"fid":5020,"name":"Konokorr","desc":"gns:dsg=ISL\ngns:uni=6234441\nis_in:country=Papua New Guinea\nis_in:country_code=PG\nis_in:state=New Ireland Province\nname=Konokorr\nnatural=coastline\nplace=island\nsource=GNS","country":"Papua New Guinea"}},
{"type":"Feature","geometry":{"type":"LineString","coordinates":[[-154.892,-3.99],[-154.895,-3.987],[-154.909,-3.989],[-154.919,-3.995],[-154.932,-3.996],[-154.967,-3.999],[-154.972,-4.014],[-154.925,-4.051],[-154.919,-4.051],[-154.905,-4.045],[-154.903,-4.041],[-154.905,-4.022],[-154.892,-3.99]]},"properties":{"fid":5021,"name":"Malden Island","desc":"is_in=Kiribati\nname=Malden Island\nname:en=Malden Island\nname:pl=Wyspa Malden\nname:zh=莫尔登岛\nnatural=coastline\nplace=island\nsource=mapbox\nwikidata=Q532590\nwikipedia=pl:Malden Island","country":null}},
{"type":"Feature","geometry":{"type":"LineString","coordinates":[[150.363,-9.495],[150.371,-9.502],[150.376,-9.494],[150.37,-9.491],[150.363,-9.495]]},"properties":{"fid":5057,"name":"Wagifa Island","desc":"alt_name=Wagipa Island\ngns:dsg=ISL\ngns:uni=-3048770\nname=Wagifa Island\nname:en=Wagifa Island\nnatural=coastline\nplace=island\nsource=Bing\nwikidata=Q17059149\nwikipedia=en:Wagifa Island","country":"Papua New Guinea"}},
{"type":"Feature","geometry":{"type":"LineString","coordinates":[[151.05,-10.959],[151.049,-10.966],[151.07,-10.959],[151.08,-10.961],[151.083,-10.955],[151.07,-10.955],[151.05,-10.959]]},"properties":{"fid":5155,"name":"Wari Island","desc":"GNS:id=-2203267\ngns:dsg=ISL\ngns:uni=-3049342\nname=Wari Island\nnatural=coastline\nplace=island\nsource=GNS","country":"Papua New Guinea"}},
{"type":"Feature","geometry":{"type":"LineString","coordinates":[[151.421,-10.4],[151.422,-10.392],[151.415,-10.386],[151.411,-10.394],[151.421,-10.4]]},"properties":{"fid":5201,"name":"Dawson Island","desc":"GNS:id=-2187338\ngns:dsg=ISL\ngns:uni=-3027744\nname=Dawson Island\nnatural=coastline\nplace=island\nsource=GNS","country":"Papua New Guinea"}},
{"type":"Feature","geometry":{"type":"LineString","coordinates":[[152.093,-10.394],[152.093,-10.401],[152.112,-10.398],[152.119,-10.391],[152.098,-10.39],[152.093,-10.394]]},"properties":{"fid":5206,"name":"East Island","desc":"gns:dsg=ISL\ngns:uni=-3028466\nname=East Island\nnatural=coastline\nplace=island\nsource=GNS\nwikidata=Q49637318","country":"Papua New Guinea"}},
{"type":"Feature","geometry":{"type":"LineString","coordinates":[[152.963,-10.835],[152.958,-10.84],[152.976,-10.844],[152.988,-10.853],[152.99,-10.848],[152.978,-10.84],[152.963,-10.835]]},"properties":{"fid":5210,"name":"Kimuta Island","desc":"GNS:id=-2192241\ngns:dsg=ISL\ngns:uni=-3034361\nname=Kimuta Island\nnatural=coastline\nplace=island\nsource=GNS\nwikidata=Q49645973","country":"Papua New Guinea"}},
{"type":"Feature","geometry":{"type":"LineString","coordinates":[[143.318,-8.338],[143.336,-8.333],[143.332,-8.329],[143.314,-8.333],[143.318,-8.338]]},"properties":{"fid":5281,"name":"Baiabe Island","desc":"gns:dsg=ISL\ngns:uni=-3024851\nis_in:country=Papua New Guinea\nis_in:country_code=PG\nis_in:state=Western Province\nname=Baiabe Island\nnatural=coastline\nplace=island\nsource=GNS\nwikidata=Q49632210","country":"Papua New Guinea"}},
{"type":"Feature","geometry":{"type":"LineString","coordinates":[[143.44,-8.433],[143.447,-8.439],[143.462,-8.448],[143.474,-8.451],[143.493,-8.462],[143.536,-8.483],[143.543,-8.489],[143.554,-8.504],[143.575,-8.508],[143.584,-8.5],[143.585,-8.49],[143.607,-8.447],[143.601,-8.433],[143.588,-8.41],[143.57,-8.404],[143.558,-8.431],[143.55,-8.437],[143.537,-8.442],[143.526,-8.443],[143.498,-8.433],[143.483,-8.42],[143.471,-8.42],[143.443,-8.43],[143.44,-8.433]]},"properties":{"fid":5282,"name":"Aibinio Island","desc":"GNS:id=-2184082\ngns:dsg=ISL\ngns:uni=-3023227\nis_in:country=Papua New Guinea\nis_in:country_code=PG\nis_in:state=Western Province\nname=Aibinio Island\nnatural=coastline\nplace=island\nsource=GNS\nwikidata=Q49631455","country":"Papua New Guinea"}},
{"type":"Feature","geometry":{"type":"LineString","coordinates":[[143.616,-8.439],[143.625,-8.431],[143.615,-8.42],[143.607,-8.404],[143.597,-8.394],[143.575,-8.376],[143.571,-8.399],[143.587,-8.405],[143.599,-8.414],[143.612,-8.437],[143.616,-8.439]]},"properties":{"fid":5283,"name":"Ura Island","desc":"gns:dsg=ISL\ngns:uni=-3048151\nis_in:country=Papua New Guinea\nis_in:country_code=PG\nis_in:state=Western Province\nname=Ura Island\nnatural=coastline\nplace=island\nsource=GNS","country":"Papua New Guinea"}},
{"type":"Feature","geometry":{"type":"LineString","coordinates":[[143.289,-8.396],[143.287,-8.408],[143.294,-8.422],[143.306,-8.43],[143.351,-8.444],[143.358,-8.443],[143.354,-8.428],[143.343,-8.417],[143.319,-8.4],[143.301,-8.395],[143.289,-8.396]]},"properties":{"fid":5284,"name":"Kuragimini Island","desc":"GNS:id=-2193241\ngns:dsg=ISL\ngns:uni=-3035660\nis_in:country=Papua New Guinea\nis_in:country_code=PG\nis_in:state=Western Province\nname=Kuragimini Island\nnatural=coastline\nplace=island\nsource=GNS","country":"Papua New Guinea"}},
{"type":"Feature","geometry":{"type":"LineString","coordinates":[[148.731,-10.202],[148.739,-10.193],[148.728,-10.193],[148.731,-10.202]]},"properties":{"fid":5303,"name":"Daubodai Island","desc":"gns:dsg=ISL\ngns:uni=-3027684\nname=Daubodai Island\nnatural=coastline\nplace=island\nsource=GNS\nwikidata=Q49636285","country":null}},
{"type":"Feature","geometry":{"type":"MultiLineString","coordinates":[[[166.436,-22.313],[166.436,-22.312],[166.435,-22.312]],[[166.435,-22.312],[166.435,-22.313],[166.436,-22.314],[166.436,-22.313]]]},"properties":{"fid":5336,"name":"way/548031908","desc":"place=islet","country":"New Caledonia"}},
{"type":"Feature","geometry":{"type":"LineString","coordinates":[[157.598,-7.307],[157.593,-7.311],[157.593,-7.32],[157.602,-7.318],[157.606,-7.309],[157.598,-7.307]]},"properties":{"fid":5357,"name":"Laena Island","desc":"name=Laena Island\nnatural=coastline\nplace=island\nsource=SRTM\nwikidata=Q49650193","country":"Solomon Islands"}},
{"type":"Feature","geometry":{"type":"LineString","coordinates":[[149.137,-4.922],[149.146,-4.915],[149.155,-4.913],[149.171,-4.899],[149.174,-4.889],[149.173,-4.878],[149.162,-4.864],[149.142,-4.862],[149.138,-4.867],[149.127,-4.872],[149.123,-4.87],[149.111,-4.88],[149.108,-4.89],[149.111,-4.9],[149.123,-4.912],[149.137,-4.922]]},"properties":{"fid":5380,"name":"Unea Island","desc":"GNS:id=-2202274\ngns:dsg=ISL\ngns:uni=-3048052\nis_in:country=Papua New Guinea\nis_in:country_code=PG\nis_in:state=West New Britain Province\nname=Unea Island\nnatural=coastline\nnote=Check my location!\nplace=island\nsource=GNS","country":"Papua New Guinea"}},
{"type":"Feature","geometry":{"type":"LineString","coordinates":[[149.111,-4.54],[149.105,-4.545],[149.114,-4.554],[149.119,-4.546],[149.111,-4.54]]},"properties":{"fid":5381,"name":"Narage Island","desc":"GNS:id=-2196593\ngns:dsg=ISL\ngns:uni=-3040250\nis_in:country=Papua New Guinea\nis_in:country_code=PG\nis_in:state=West New Britain Province\nname=Narage Island\nnatural=coastline\nnote=Check my location!\nplace=island\nsource=GNS","country":"Papua New Guinea"}},
{"type":"Feature","geometry":{"type":"LineString","coordinates":[[149.484,-4.689],[149.478,-4.692],[149.468,-4.68],[149.468,-4.67],[149.475,-4.659],[149.497,-4.656],[149.507,-4.661],[149.512,-4.674],[149.508,-4.684],[149.505,-4.697],[149.506,-4.702],[149.515,-4.701],[149.526,-4.708],[149.529,-4.714],[149.543,-4.71],[149.548,-4.695],[149.545,-4.69],[149.548,-4.674],[149.535,-4.67],[149.539,-4.664],[149.537,-4.655],[149.491,-4.64],[149.47,-4.646],[149.468,-4.651],[149.457,-4.654],[149.452,-4.661],[149.445,-4.661],[149.436,-4.683],[149.431,-4.692],[149.44,-4.697],[149.447,-4.695],[149.452,-4.701],[149.462,-4.703],[149.489,-4.705],[149.494,-4.697],[149.484,-4.689]]},"properties":{"fid":5382,"name":"Garove Island","desc":"name=Garove Island\nnatural=coastline\nplace=island\nsource=Bing","country":null}},
{"type":"Feature","geometry":{"type":"LineString","coordinates":[[149.324,-4.621],[149.319,-4.626],[149.337,-4.629],[149.344,-4.633],[149.356,-4.627],[149.361,-4.629],[149.384,-4.622],[149.383,-4.616],[149.367,-4.619],[149.361,-4.617],[149.343,-4.618],[149.331,-4.624],[149.324,-4.621]]},"properties":{"fid":5383,"name":"Mundua Island","desc":"GNS:id=-2196194\ngns:dsg=ISL\ngns:uni=-3039713\nis_in:country=Papua New Guinea\nis_in:country_code=PG\nis_in:state=West New Britain Province\nname=Mundua Island\nnatural=coastline\nplace=island\nsource=GNS","country":null}},
{"type":"Feature","geometry":{"type":"LineString","coordinates":[[152.643,-2.777],[152.647,-2.794],[152.654,-2.799],[152.665,-2.796],[152.672,-2.782],[152.669,-2.774],[152.659,-2.767],[152.649,-2.769],[152.643,-2.777]]},"properties":{"fid":5412,"name":"Mahur Island","desc":"gns:dsg=ISL\ngns:uni=-3037298\nname=Mahur Island\nnatural=coastline\nplace=island\nsource=GNS\nwikidata=Q42310521","country":"Papua New Guinea"}},
{"type":"Feature","geometry":{"type":"LineString","coordinates":[[155.999,-6.82],[156.012,-6.811],[156.027,-6.809],[156.029,-6.798],[156.037,-6.793],[156.041,-6.785],[156.039,-6.776],[156.031,-6.779],[156.02,-6.774],[156.012,-6.781],[155.996,-6.782],[155.991,-6.786],[155.992,-6.803],[155.996,-6.818],[155.999,-6.82]]},"properties":{"fid":5420,"name":"Ovau","desc":"name=Ovau\nnatural=coastline\nplace=island\nsource=Bing\nwikidata=Q49667151\nwikipedia=en:Ovau Island","country":"Solomon Islands"}},
{"type":"Feature","geometry":{"type":"LineString","coordinates":[[-148.714,-14.868],[-148.716,-14.881],[-148.714,-14.892],[-148.704,-14.899],[-148.692,-14.896],[-148.71,-14.888],[-148.709,-14.873],[-148.714,-14.868]]},"properties":{"fid":5544,"name":"way/674506565","desc":"natural=coastline\nplace=island\nsource:geometry=Theodolite\nsource:geometry:date=2018","country":"French Polynesia"}},
{"type":"Feature","geometry":{"type":"LineString","coordinates":[[167.556,-22.663],[167.55,-22.655],[167.534,-22.649],[167.528,-22.643],[167.52,-22.657],[167.519,-22.665],[167.511,-22.668],[167.518,-22.677],[167.545,-22.664],[167.552,-22.674],[167.534,-22.684],[167.533,-22.687],[167.518,-22.691],[167.546,-22.695],[167.557,-22.671],[167.556,-22.663]]},"properties":{"fid":5552,"name":"Kûtomo","desc":"alt_name=Kôtomo\nname=Kûtomo\nname:en=Kutomo Island\nnatural=coastline\nplace=island","country":"New Caledonia"}},
{"type":"Feature","geometry":{"type":"LineString","coordinates":[[-147.327,-15.228],[-147.326,-15.236],[-147.308,-15.242],[-147.282,-15.244],[-147.28,-15.238],[-147.304,-15.237],[-147.322,-15.232],[-147.327,-15.228]]},"properties":{"fid":5664,"name":"way/713273359","desc":"natural=coastline\nplace=island\nsource:geometry=Satellite photogrammetry\nsource:geometry:date=2015","country":"French Polynesia"}},
{"type":"Feature","geometry":{"type":"LineString","coordinates":[[-151.828,-16.285],[-151.823,-16.297],[-151.813,-16.302],[-151.81,-16.297],[-151.821,-16.291],[-151.828,-16.285]]},"properties":{"fid":5938,"name":"way/725669347","desc":"description=îlot au sud\nnatural=coastline\nplace=island\nsource=SAU\nsource:geometry=Theodolite","country":"French Polynesia"}},
{"type":"Feature","geometry":{"type":"LineString","coordinates":[[-151.802,-16.258],[-151.785,-16.251],[-151.806,-16.237],[-151.829,-16.231],[-151.84,-16.246],[-151.836,-16.26],[-151.831,-16.258],[-151.831,-16.246],[-151.822,-16.236],[-151.81,-16.24],[-151.802,-16.245],[-151.802,-16.258]]},"properties":{"fid":5939,"name":"way/725669348","desc":"description=îlot au nord\nnatural=coastline\nplace=island\nsource=SAU\nsource:geometry=Theodolite","country":"French Polynesia"}},
{"type":"Feature","geometry":{"type":"LineString","coordinates":[[-153.927,-16.835],[-153.919,-16.83],[-153.922,-16.817],[-153.94,-16.796],[-153.923,-16.827],[-153.927,-16.835]]},"properties":{"fid":5942,"name":"Maupiha’a","desc":"name=Maupiha’a\nnatural=coastline\nplace=island\nsource=SAU\nsource:geometry=Theodolite","country":"French Polynesia"}},
{"type":"Feature","geometry":{"type":"LineString","coordinates":[[-135.037,-23.156],[-135.027,-23.152],[-135.028,-23.143],[-135.024,-23.134],[-135.03,-23.13],[-135.045,-23.148],[-135.055,-23.147],[-135.055,-23.158],[-135.037,-23.156]]},"properties":{"fid":6491,"name":"Taravai","desc":"name=Taravai\nname:en=Taravai\nname:fr=Taravai\nname:ru=Тараваи\nname:ty=Taravai\nnatural=coastline\nplace=island\nsource:geometry=Satellite photogrammetry\nsource:geometry:date=2005\nwikipedia=fr:Taravai","country":"French Polynesia"}},
{"type":"Feature","geometry":{"type":"LineString","coordinates":[[-147.859,-14.939],[-147.853,-14.945],[-147.847,-14.931],[-147.854,-14.926],[-147.859,-14.939]]},"properties":{"fid":6555,"name":"way/733134990","desc":"natural=coastline\nplace=island\nsource:geometry=Satellite photogrammetry\nsource:geometry:date=2015","country":"French Polynesia"}},
{"type":"Feature","geometry":{"type":"LineString","coordinates":[[-147.748,-14.932],[-147.767,-14.932],[-147.767,-14.937],[-147.741,-14.942],[-147.728,-14.941],[-147.719,-14.945],[-147.715,-14.937],[-147.72,-14.934],[-147.748,-14.932]]},"properties":{"fid":6563,"name":"way/733141963","desc":"natural=coastline\nplace=island\nsource:geometry=Satellite photogrammetry\nsource:geometry:date=2015","country":"French Polynesia"}},
{"type":"Feature","geometry":{"type":"LineString","coordinates":[[158.116,-8.738],[158.117,-8.732],[158.1,-8.735],[158.105,-8.739],[158.116,-8.738]]},"properties":{"fid":6583,"name":"Hotoanivena","desc":"name=Hotoanivena\nnatural=coastline\nplace=island\nsource=SRTM\nwikidata=Q49641556","country":"Solomon Islands"}},
{"type":"Feature","geometry":{"type":"LineString","coordinates":[[-140.794,-17.887],[-140.817,-17.906],[-140.815,-17.908],[-140.794,-17.89],[-140.794,-17.887]]},"properties":{"fid":6699,"name":"way/736466018","desc":"natural=coastline\nplace=islet","country":"French Polynesia"}},
{"type":"Feature","geometry":{"type":"LineString","coordinates":[[-146.811,-15.209],[-146.803,-15.204],[-146.77,-15.213],[-146.768,-15.208],[-146.804,-15.197],[-146.812,-15.2],[-146.811,-15.209]]},"properties":{"fid":6731,"name":"way/737203356","desc":"natural=coastline\nplace=island","country":"French Polynesia"}},
{"type":"Feature","geometry":{"type":"LineString","coordinates":[[-148.068,-14.938],[-148.092,-14.924],[-148.118,-14.913],[-148.119,-14.917],[-148.08,-14.934],[-148.068,-14.938]]},"properties":{"fid":6767,"name":"way/737509067","desc":"natural=coastline\nplace=island\nsource:geometry=Theodolite\nsource:geometry:date=2017","country":"French Polynesia"}},
{"type":"Feature","geometry":{"type":"LineString","coordinates":[[-147.225,-15.274],[-147.216,-15.282],[-147.213,-15.274],[-147.224,-15.264],[-147.234,-15.248],[-147.245,-15.224],[-147.254,-15.232],[-147.271,-15.238],[-147.269,-15.242],[-147.256,-15.24],[-147.247,-15.235],[-147.24,-15.24],[-147.235,-15.256],[-147.226,-15.267],[-147.225,-15.274]]},"properties":{"fid":6792,"name":"way/737741232","desc":"natural=coastline\nplace=island\nsource:geometry=Satellite photogrammetry\nsource:geometry:date=2015","country":"French Polynesia"}},
{"type":"Feature","geometry":{"type":"LineString","coordinates":[[-147.708,-14.937],[-147.71,-14.945],[-147.689,-14.945],[-147.708,-14.937]]},"properties":{"fid":6980,"name":"way/753164282","desc":"natural=coastline\nplace=island\nsource:geometry=Satellite photogrammetry\nsource:geometry:date=2015","country":"French Polynesia"}},
{"type":"Feature","geometry":{"type":"LineString","coordinates":[[-148.176,-14.908],[-148.193,-14.91],[-148.193,-14.914],[-148.176,-14.908]]},"properties":{"fid":7137,"name":"way/753164439","desc":"natural=coastline\nplace=island\nsource:geometry=Theodolite\nsource:geometry:date=2017","country":"French Polynesia"}},
{"type":"Feature","geometry":{"type":"LineString","coordinates":[[-148.674,-14.898],[-148.675,-14.904],[-148.663,-14.908],[-148.66,-14.899],[-148.674,-14.898]]},"properties":{"fid":7229,"name":"way/753164532","desc":"natural=coastline\nplace=island\nsource:geometry=Theodolite\nsource:geometry:date=2018","country":"French Polynesia"}},
{"type":"Feature","geometry":{"type":"LineString","coordinates":[[143.717,-7.52],[143.741,-7.52],[143.743,-7.516],[143.727,-7.513],[143.717,-7.52]]},"properties":{"fid":7238,"name":"way/757360197","desc":"natural=wood\nplace=island\nsource=Yahoo","country":"Papua New Guinea"}},
{"type":"Feature","geometry":{"type":"LineString","coordinates":[[143.789,-7.614],[143.775,-7.586],[143.766,-7.559],[143.759,-7.551],[143.752,-7.548],[143.743,-7.555],[143.742,-7.565],[143.747,-7.585],[143.75,-7.59],[143.766,-7.606],[143.781,-7.63],[143.788,-7.626],[143.789,-7.614]]},"properties":{"fid":7239,"name":"Turibomu Island","desc":"gns:dsg=ISL\ngns:uni=-3047655\nis_in:country=Papua New Guinea\nis_in:state=Gulf Province\nname=Turibomu Island\nnatural=wood\nplace=island","country":"Papua New Guinea"}},
{"type":"Feature","geometry":{"type":"LineString","coordinates":[[143.872,-7.85],[143.883,-7.849],[143.884,-7.836],[143.87,-7.805],[143.86,-7.785],[143.852,-7.781],[143.844,-7.791],[143.843,-7.802],[143.846,-7.809],[143.863,-7.839],[143.872,-7.85]]},"properties":{"fid":7240,"name":"Neabo Island","desc":"gns:dsg=ISL\ngns:uni=-3040411\nis_in:country=Papua New Guinea\nis_in:state=Gulf Province\nname=Neabo Island\nnatural=coastline\nplace=island\nwikidata=Q49662092","country":"Papua New Guinea"}},
{"type":"Feature","geometry":{"type":"LineString","coordinates":[[143.927,-7.752],[143.912,-7.747],[143.897,-7.741],[143.876,-7.727],[143.86,-7.722],[143.866,-7.738],[143.895,-7.776],[143.903,-7.788],[143.918,-7.803],[143.951,-7.821],[143.976,-7.833],[143.987,-7.834],[143.993,-7.829],[143.987,-7.807],[143.975,-7.79],[143.966,-7.785],[143.959,-7.772],[143.943,-7.757],[143.927,-7.752]]},"properties":{"fid":7241,"name":"Morigio Island","desc":"gns:dsg=ISL\ngns:uni=-3039433\nis_in:country=Papua New Guinea\nis_in:state=Gulf Province\nname=Morigio Island\nnatural=coastline\nplace=island\nwikidata=Q49659729","country":"Papua New Guinea"}},
{"type":"Feature","geometry":{"type":"LineString","coordinates":[[144.599,-7.513],[144.606,-7.523],[144.613,-7.517],[144.61,-7.512],[144.599,-7.513]]},"properties":{"fid":7244,"name":"way/758169953","desc":"natural=coastline\nplace=island","country":"Papua New Guinea"}},
{"type":"Feature","geometry":{"type":"LineString","coordinates":[[144.297,-7.572],[144.304,-7.577],[144.309,-7.573],[144.313,-7.536],[144.309,-7.524],[144.293,-7.515],[144.28,-7.502],[144.264,-7.488],[144.26,-7.481],[144.247,-7.512],[144.25,-7.52],[144.249,-7.532],[144.258,-7.537],[144.26,-7.544],[144.273,-7.548],[144.28,-7.554],[144.285,-7.572],[144.297,-7.572]]},"properties":{"fid":7245,"name":"way/758263273","desc":"natural=coastline\nplace=island","country":"Papua New Guinea"}},
{"type":"Feature","geometry":{"type":"LineString","coordinates":[[144.294,-7.508],[144.303,-7.516],[144.312,-7.52],[144.32,-7.519],[144.319,-7.509],[144.31,-7.5],[144.312,-7.481],[144.308,-7.473],[144.291,-7.463],[144.273,-7.457],[144.265,-7.458],[144.263,-7.473],[144.266,-7.485],[144.294,-7.508]]},"properties":{"fid":7246,"name":"way/758263297","desc":"natural=coastline\nplace=island","country":"Papua New Guinea"}},
{"type":"Feature","geometry":{"type":"LineString","coordinates":[[144.255,-7.418],[144.262,-7.419],[144.26,-7.408],[144.252,-7.404],[144.255,-7.418]]},"properties":{"fid":7247,"name":"way/758263306","desc":"natural=coastline\nplace=island","country":"Papua New Guinea"}},
{"type":"Feature","geometry":{"type":"LineString","coordinates":[[154.665,-5.566],[154.655,-5.566],[154.654,-5.579],[154.659,-5.586],[154.667,-5.581],[154.665,-5.566]]},"properties":{"fid":7253,"name":"Tanwoa","desc":"gns:dsg=ISL\ngns:uni=-3046377\nname=Tanwoa\nnatural=coastline\nplace=island\nsource=GNS","country":"Papua New Guinea"}},
{"type":"Feature","geometry":{"type":"LineString","coordinates":[[177.744,-17.39],[177.73,-17.392],[177.736,-17.4],[177.744,-17.39]]},"properties":{"fid":7271,"name":"Tavuca Island","desc":"name=Tavuca Island\nnatural=coastline\nplace=island","country":"Fiji"}},
{"type":"Feature","geometry":{"type":"LineString","coordinates":[[156.019,-6.87],[156.012,-6.873],[156.026,-6.885],[156.029,-6.878],[156.029,-6.863],[156.019,-6.87]]},"properties":{"fid":7315,"name":"Asie","desc":"name=Asie\nnatural=coastline\nplace=island\nwikidata=Q31891249","country":"Solomon Islands"}},
{"type":"Feature","geometry":{"type":"LineString","coordinates":[[179.157,-16.39],[179.157,-16.403],[179.165,-16.398],[179.165,-16.388],[179.157,-16.39]]},"properties":{"fid":7322,"name":"way/800864377","desc":"natural=coastline\nplace=island\nsource=bing","country":"Fiji"}},
{"type":"Feature","geometry":{"type":"LineString","coordinates":[[-151.771,-16.464],[-151.779,-16.463],[-151.785,-16.47],[-151.778,-16.479],[-151.772,-16.477],[-151.771,-16.464]]},"properties":{"fid":7376,"name":"Motu Tevairoa","desc":"alt_name=Motu Te Vairoa\nname=Motu Tevairoa\nnatural=coastline\nplace=island\nsource=SAU\nsource:geometry=Satellite photogrammetry\nsource:geometry:date=2010\nwikidata=Q38251304\nwikipedia=en:Tevairoa","country":"French Polynesia"}},
{"type":"Feature","geometry":{"type":"LineString","coordinates":[[153.171,-3.503],[153.186,-3.515],[153.187,-3.504],[153.177,-3.5],[153.171,-3.503]]},"properties":{"fid":7383,"name":"Lif Island","desc":"GNS:id=-2193974\ngns:dsg=ISL\ngns:uni=-3036659\nname=Lif Island\nnatural=coastline\nplace=island\nsource=GNS\nwikidata=Q6544510\nwikipedia=en:Lif Island","country":"Papua New Guinea"}},
{"type":"Feature","geometry":{"type":"LineString","coordinates":[[145.013,-5.318],[145.002,-5.303],[144.994,-5.309],[145.002,-5.313],[145.003,-5.32],[145.013,-5.318]]},"properties":{"fid":7458,"name":"way/908679264","desc":"place=island","country":"Papua New Guinea"}},
{"type":"Feature","geometry":{"type":"LineString","coordinates":[[141.007,-6.301],[141,-6.303],[141.001,-6.312],[141.005,-6.317],[141.015,-6.319],[141.007,-6.301]]},"properties":{"fid":7463,"name":"Carlton Island","desc":"gns:dsg=ISL\ngns:uni=-3027140\nname=Carlton Island\nplace=island\nsource=GNS","country":null}},
{"type":"Feature","geometry":{"type":"LineString","coordinates":[[141.102,-6.276],[141.086,-6.29],[141.093,-6.294],[141.104,-6.287],[141.102,-6.276]]},"properties":{"fid":7477,"name":"Raggi Island","desc":"name=Raggi Island\nplace=island","country":null}},
{"type":"Feature","geometry":{"type":"LineString","coordinates":[[178.784,-16.542],[178.8,-16.53],[178.811,-16.526],[178.821,-16.515],[178.824,-16.492],[178.807,-16.488],[178.81,-16.509],[178.806,-16.517],[178.789,-16.525],[178.776,-16.523],[178.763,-16.531],[178.772,-16.538],[178.784,-16.542]]},"properties":{"fid":7761,"name":"way/1178733921","desc":"natural=coastline\nplace=island","country":"Fiji"}},
{"type":"Feature","geometry":{"type":"LineString","coordinates":[[179.156,-16.384],[179.138,-16.381],[179.122,-16.382],[179.109,-16.39],[179.102,-16.391],[179.103,-16.399],[179.129,-16.39],[179.144,-16.397],[179.156,-16.384]]},"properties":{"fid":7763,"name":"way/1180943061","desc":"place=island","country":"Fiji"}},
{"type":"Feature","geometry":{"type":"LineString","coordinates":[[-171.089,-11.052],[-171.089,-11.059],[-171.077,-11.065],[-171.067,-11.056],[-171.073,-11.048],[-171.089,-11.052]]},"properties":{"fid":7859,"name":"Swains Island","desc":"name=Swains Island\nname:zh=斯温斯岛\nplace=island","country":"American Samoa"}},
{"type":"Feature","geometry":{"type":"LineString","coordinates":[[148.99,-6.133],[148.995,-6.148],[149,-6.144],[148.99,-6.133]]},"properties":{"fid":9439,"name":"way/1430487180","desc":"natural=coastline\nplace=island","country":"Papua New Guinea"}},
{"type":"Feature","geometry":{"type":"LineString","coordinates":[[151.985,-2.823],[151.991,-2.832],[151.997,-2.831],[152.005,-2.812],[152.002,-2.804],[151.988,-2.809],[151.985,-2.823]]},"properties":{"fid":9525,"name":"Mabua Island","desc":"gns:dsg=ISL\ngns:uni=-3037148\nname=Mabua Island\nnatural=coastline\nplace=island\nsource=GNS","country":"Papua New Guinea"}},
{"type":"Feature","geometry":{"type":"LineString","coordinates":[[151.88,7.459],[151.878,7.46]]},"properties":{"fid":9568,"name":"Upwein","desc":"ele=24\ngnis:county_id=002\ngnis:created=07/02/1984\ngnis:feature_id=1394883\ngnis:state_id=64\nlanduse=forest\nleaf_cycle=evergreen\nleaf_type=broadleaved\nname=Upwein\nnatural=wood\nplace=islet","country":"Micronesia"}},
{"type":"Feature","geometry":{"type":"LineString","coordinates":[[152.671,-9.204],[152.664,-9.19],[152.652,-9.184],[152.653,-9.175],[152.644,-9.173],[152.643,-9.184],[152.654,-9.198],[152.654,-9.202],[152.665,-9.21],[152.671,-9.204]]},"properties":{"fid":9579,"name":"Nasai Island","desc":"gns:dsg=ISL\ngns:uni=-3040290\nname=Nasai Island\nnatural=coastline\nplace=island\nsource=landsat;GNS","country":"Papua New Guinea"}},
{"type":"Feature","geometry":{"type":"LineString","coordinates":[[179.1,-8.607],[179.097,-8.612]]},"properties":{"fid":9599,"name":"Funafala","desc":"name=Funafala\nnatural=coastline\nplace=islet\nsource=landsat\nwikidata=Q2423894","country":"Tuvalu"}},
{"type":"Feature","geometry":null,"properties":{"fid":9600,"name":"Funafala","desc":"name=Funafala\nnatural=coastline\nplace=islet\nsource=landsat\nwikidata=Q2423894","country":"Tuvalu"}},
{"type":"Feature","geometry":{"type":"LineString","coordinates":[[179.101,-8.607],[179.1,-8.607]]},"properties":{"fid":9601,"name":"Funafala","desc":"name=Funafala\nnatural=coastline\nplace=islet\nsource=landsat\nwikidata=Q2423894","country":"Tuvalu"}},
{"type":"Feature","geometry":{"type":"LineString","coordinates":[[179.098,-8.612],[179.101,-8.607]]},"properties":{"fid":9602,"name":"Funafala","desc":"name=Funafala\nnatural=coastline\nplace=islet\nsource=landsat\nwikidata=Q2423894","country":"Tuvalu"}},
{"type":"Feature","geometry":{"type":"LineString","coordinates":[[179.097,-8.612],[179.098,-8.612]]},"properties":{"fid":9603,"name":"Funafala","desc":"name=Funafala\nnatural=coastline\nplace=islet\nsource=landsat\nwikidata=Q2423894","country":"Tuvalu"}},
{"type":"Feature","geometry":{"type":"LineString","coordinates":[[-144.545,-14.943],[-144.553,-14.946],[-144.563,-14.96],[-144.548,-14.958],[-144.533,-14.95],[-144.532,-14.946],[-144.545,-14.943]]},"properties":{"fid":9604,"name":"way/22386199","desc":null,"country":"French Polynesia"}},
{"type":"Feature","geometry":{"type":"LineString","coordinates":[[-140.119,-16.003],[-140.109,-15.998],[-140.098,-15.987],[-140.093,-15.974],[-140.101,-15.966],[-140.12,-15.964],[-140.139,-15.964],[-140.162,-15.972],[-140.169,-15.977],[-140.169,-15.993],[-140.165,-15.999],[-140.156,-16.006],[-140.137,-16.008],[-140.119,-16.003]]},"properties":{"fid":9605,"name":"way/22391928","desc":null,"country":null}},
{"type":"Feature","geometry":{"type":"LineString","coordinates":[[-140.121,-15.998],[-140.109,-15.992],[-140.1,-15.98],[-140.106,-15.97],[-140.126,-15.967],[-140.148,-15.97],[-140.161,-15.975],[-140.164,-15.986],[-140.156,-15.998],[-140.147,-16.001],[-140.125,-16],[-140.121,-15.998]]},"properties":{"fid":9606,"name":"way/137265180","desc":null,"country":null}}
]}